,200068_s_at,200882_s_at,201128_s_at,201201_at,201237_at,201326_at,201531_at,201577_at,201578_at,202145_at,202441_at,202475_at,202748_at,202963_at,203316_s_at,203354_s_at,203355_s_at,203638_s_at,204170_s_at,204544_at,205043_at,205307_s_at,205728_at,205740_s_at,205789_at,206140_at,206938_at,207609_s_at,207804_s_at,207995_s_at,208893_s_at,208937_s_at,209015_s_at,209160_at,209365_s_at,209712_at,209836_x_at,210233_at,210481_s_at,210609_s_at,211699_x_at,211980_at,212143_s_at,212281_s_at,212448_at,212554_at,212592_at,212724_at,213194_at,213684_s_at,214419_s_at,214512_s_at,214696_at,216920_s_at,217232_x_at,217918_at,218002_s_at,218061_at,218162_at,218679_s_at,219059_s_at,219165_at,219275_at,220114_s_at,220116_at,220186_s_at,220432_s_at,220446_s_at,221139_s_at,221433_at,221827_at
GSM363205,11.435038712921068,8.38580656108597,8.625315485168427,8.990807692307689,7.936604952237306,8.15049648064354,7.222151835093015,7.960842760180996,6.492732905982907,4.519414529914527,9.586769859225742,8.734015962795375,7.524791603821017,6.231512694821518,10.180332076420314,6.241151960784315,8.539039969834088,7.860395173453996,7.365385495223731,6.043045625942685,3.535828808446454,7.200430618401211,3.5044035947712424,6.878249245852186,3.820128959276015,4.268052287581701,4.223320010055302,3.583764705882351,3.347949723479136,4.038643790849672,6.519942810457515,5.9823774509803895,7.015596279537452,11.362241452991451,4.601178858722976,8.477951231774764,7.542732151835089,6.0342956259426845,3.579281045751632,5.223173705379589,5.677298516842633,8.715028280542985,6.701481523378583,10.44576571141277,5.919622046254397,5.461776143790847,4.745479763700353,5.656378707893415,7.458072272498742,5.234575289089996,4.243673705379587,8.543385997988938,6.898353318250376,4.205380467571644,6.712124057315232,8.789497988939166,3.019645173453996,8.735149446958268,4.2150407239818986,8.18954361488185,3.972871920563097,5.077003645047762,5.681966314731018,4.15203205128205,3.2009190548014064,5.952371794871796,2.9967784062342884,4.274902966314729,7.9511104826546,3.414443690296631,7.903790221216692
GSM363115,11.05803871292107,9.32980656108597,8.460315485168428,9.57780769230769,7.030604952237305,8.123496480643539,8.344151835093015,8.712842760180996,6.866732905982906,7.4414145299145265,8.948769859225742,8.038015962795376,7.843791603821017,7.645512694821518,9.979332076420311,5.828151960784315,6.990039969834087,10.628395173453995,8.373385495223733,6.267045625942685,3.749828808446455,6.585430618401211,3.418403594771242,6.856249245852186,4.261128959276014,4.3270522875817,4.2573200100553015,4.407764705882351,3.751949723479136,3.484643790849673,6.736942810457514,6.830377450980389,7.556596279537453,10.792241452991451,4.993178858722977,7.383951231774762,7.600732151835089,7.301295625942685,3.541281045751632,6.763173705379589,5.260298516842632,8.998028280542984,6.631481523378582,9.45276571141277,6.368622046254398,5.821776143790848,4.7754797637003525,8.464378707893415,8.751072272498742,4.686575289089996,5.365673705379587,8.210385997988938,6.229353318250376,4.037380467571643,4.919124057315233,9.053497988939164,6.339645173453996,9.285149446958268,5.239040723981899,9.038543614881853,4.011871920563097,5.135003645047762,6.003966314731018,3.79103205128205,3.1689190548014063,5.353371794871796,3.163778406234288,3.979902966314728,8.206110482654598,7.163443690296631,8.722790221216691
GSM362970,11.101038712921069,8.68680656108597,8.646315485168428,10.160807692307689,7.117604952237306,7.860496480643539,8.081151835093015,8.757842760180996,6.701732905982906,4.708414529914526,8.763769859225741,8.583015962795375,7.189791603821017,7.234512694821518,9.383332076420317,4.399151960784315,5.603039969834088,10.122395173453995,8.134385495223732,6.297045625942684,4.788828808446454,4.731430618401211,5.992403594771242,7.461249245852186,3.7201289592760154,3.7870522875817,4.037320010055301,3.932764705882352,3.571949723479136,3.977643790849673,6.781942810457514,7.724377450980389,6.339596279537452,11.240241452991452,5.469178858722977,7.777951231774762,7.008732151835089,6.507295625942684,3.407281045751632,7.436173705379589,6.784298516842632,9.942028280542983,7.305481523378583,9.79576571141277,4.784622046254397,7.188776143790848,4.223479763700353,9.109378707893416,9.08107227249874,4.476575289089996,5.579673705379586,9.463385997988938,6.469353318250375,4.383380467571644,6.298124057315232,8.559497988939166,3.3926451734539964,8.796149446958268,4.7920407239818985,8.09654361488185,3.748871920563097,5.186003645047762,6.4329663147310185,3.99203205128205,3.5999190548014064,4.338371794871796,3.0937784062342883,4.289902966314728,6.527110482654599,8.228443690296631,8.477790221216692
GSM363354,10.521038712921069,9.87880656108597,9.332315485168428,10.71980769230769,7.849604952237305,8.92649648064354,7.946151835093016,10.085842760180997,4.885732905982906,6.346414529914527,9.047769859225742,9.280015962795376,5.892791603821016,7.666512694821518,10.958332076420314,5.694151960784315,6.250039969834088,7.921395173453996,9.771385495223733,6.664045625942684,5.822828808446455,3.438430618401211,3.804403594771242,7.459249245852186,3.5231289592760144,3.3630522875817004,3.799320010055301,3.670764705882352,3.119949723479136,3.5556437908496723,7.301942810457515,7.0993774509803895,8.527596279537452,11.566241452991452,4.830178858722976,7.266951231774762,8.578732151835089,5.414295625942684,3.444281045751632,5.528173705379588,8.376298516842631,7.877028280542984,5.180481523378583,8.258765711412769,5.682622046254397,6.084776143790847,3.268479763700353,4.812378707893415,10.583072272498743,4.393575289089996,4.2396737053795865,8.191385997988938,6.388353318250376,3.4193804675716435,8.734124057315231,9.362497988939166,3.313645173453996,9.364149446958267,3.8770407239818985,8.608543614881851,3.857871920563097,4.0220036450477625,7.005966314731018,3.69703205128205,3.3889190548014065,6.082371794871796,3.746778406234288,3.549902966314729,7.506110482654599,3.595443690296631,7.942790221216692
GSM363039,11.407038712921068,9.56180656108597,8.377315485168428,9.32280769230769,8.033604952237306,8.067496480643538,8.045151835093016,9.434842760180995,5.062732905982906,4.143414529914526,8.415769859225742,7.885015962795376,7.236791603821016,6.648512694821518,10.575332076420311,5.656151960784315,8.408039969834087,4.849395173453996,7.939385495223731,6.034045625942684,3.908828808446455,3.625430618401211,3.439403594771242,6.528249245852186,4.268128959276015,3.4970522875817003,6.9623200100553015,5.838764705882351,3.567949723479136,3.955643790849672,6.029942810457515,6.088377450980389,7.274596279537453,11.598241452991452,4.787178858722976,8.232951231774763,6.484732151835089,6.7442956259426845,3.543281045751632,7.933173705379587,6.534298516842632,7.798028280542985,4.381481523378582,6.98176571141277,6.515622046254397,8.578776143790847,3.118479763700353,6.983378707893415,9.426072272498743,4.171575289089996,6.216673705379587,8.572385997988938,6.125353318250376,3.460380467571644,7.115124057315232,8.899497988939165,2.927645173453996,9.231149446958268,3.808040723981898,8.958543614881851,4.387871920563097,6.114003645047762,6.131966314731018,4.04803205128205,2.9789190548014064,4.896371794871796,7.620778406234288,3.733902966314728,6.9961104826546,6.165443690296631,7.632790221216691
GSM363209,10.98503871292107,9.77880656108597,8.988315485168426,10.13380769230769,7.752604952237306,8.483496480643538,8.019151835093016,8.785842760180996,6.9737329059829065,6.717414529914526,9.304769859225742,8.173015962795375,7.502791603821016,6.400512694821518,10.852332076420314,5.217151960784315,6.600039969834088,8.832395173453996,7.827385495223731,6.283045625942685,3.658828808446455,6.183430618401211,3.329403594771242,7.524249245852186,4.220128959276015,3.0470522875817,3.5323200100553014,3.6957647058823513,3.394949723479136,3.838643790849672,6.818942810457514,6.7483774509803895,7.1785962795374525,11.223241452991452,4.338178858722976,6.720951231774762,6.985732151835089,7.948295625942685,3.452281045751632,5.570173705379588,5.226298516842633,8.787028280542986,7.147481523378582,8.82976571141277,5.207622046254397,6.864776143790848,8.664479763700353,7.682378707893415,10.056072272498742,4.478575289089996,5.7846737053795865,8.579385997988938,5.839353318250375,4.708380467571644,6.136124057315232,9.113497988939166,4.337645173453996,9.132149446958268,4.492040723981899,8.243543614881851,3.883871920563097,4.7160036450477625,5.905966314731018,4.05703205128205,3.1969190548014064,5.437371794871796,4.750778406234288,3.990902966314728,7.216110482654599,4.597443690296631,8.054790221216692
GSM363344,10.502038712921069,10.31880656108597,9.078315485168428,10.40480769230769,7.796604952237305,8.690496480643539,6.927151835093016,8.210842760180995,5.911732905982906,6.529414529914527,7.511769859225741,8.171015962795376,6.194791603821017,7.682512694821518,10.625332076420314,5.765151960784315,7.010039969834088,5.192395173453996,8.273385495223732,7.392045625942685,3.726828808446455,5.072430618401211,4.656403594771242,7.0952492458521865,3.893128959276015,3.5020522875817,4.026320010055302,7.535764705882351,3.453949723479136,3.3756437908496726,6.287942810457515,4.0593774509803895,6.501596279537452,11.161241452991453,5.328178858722977,7.972951231774762,7.079732151835089,6.281295625942684,3.592281045751632,6.852173705379588,7.237298516842633,8.446028280542984,4.644481523378582,10.03676571141277,4.799622046254397,8.499776143790848,3.222479763700353,7.949378707893415,9.530072272498742,4.187575289089996,5.458673705379587,8.978385997988937,6.318353318250376,3.764380467571644,7.788124057315232,9.091497988939166,3.0166451734539965,8.628149446958268,4.174040723981898,7.23054361488185,4.045871920563097,4.920003645047762,6.042966314731019,3.8210320512820495,3.311919054801406,4.654371794871796,7.548778406234288,3.904902966314729,9.6121104826546,6.077443690296631,7.988790221216691
GSM363271,10.84403871292107,9.93880656108597,8.745315485168428,9.30580769230769,8.298604952237305,9.88049648064354,7.488151835093015,9.091842760180995,6.885732905982906,8.666414529914526,6.999769859225742,8.548015962795375,8.594791603821017,8.22951269482152,10.831332076420312,3.6681519607843143,4.625039969834088,5.072395173453995,10.01038549522373,6.142045625942685,3.5998288084464547,3.452430618401211,3.257403594771242,7.657249245852186,5.099128959276015,3.842052287581701,3.543320010055301,3.1137647058823514,3.285949723479136,3.3216437908496723,5.6229428104575145,5.221377450980389,7.465596279537452,11.258241452991452,5.689178858722976,5.883951231774762,7.385732151835089,4.097295625942685,3.844281045751632,5.575173705379588,7.442298516842633,10.759028280542983,7.206481523378582,8.86376571141277,3.8786220462543977,6.157776143790848,5.122479763700353,7.366378707893415,11.257072272498744,5.418575289089996,4.729673705379587,9.226385997988938,6.013353318250376,5.161380467571644,7.696124057315232,9.320497988939168,3.2996451734539964,8.806149446958267,6.6430407239818985,8.93454361488185,3.885871920563097,5.267003645047762,6.734966314731018,3.91703205128205,3.2929190548014065,5.264371794871796,3.268778406234288,3.864902966314729,5.966110482654599,3.978443690296631,6.740790221216692
GSM363404,11.147038712921068,9.90780656108597,8.359315485168427,9.62380769230769,6.583604952237305,8.92049648064354,8.228151835093016,9.551842760180996,6.511732905982907,4.677414529914526,8.855769859225742,8.365015962795376,7.231791603821017,6.480512694821518,10.363332076420312,7.495151960784315,8.126039969834087,3.9443951734539953,7.486385495223732,7.434045625942685,4.237828808446455,7.077430618401211,2.982403594771242,6.707249245852186,5.836128959276015,3.3030522875817003,4.604320010055301,4.505764705882352,3.471949723479136,3.740643790849672,6.681942810457515,5.096377450980389,6.619596279537452,10.553241452991452,5.291178858722976,7.189951231774762,7.577732151835089,4.097295625942685,3.708281045751632,6.125173705379589,6.7792985168426325,9.822028280542986,6.757481523378583,6.93476571141277,4.215622046254397,5.827776143790848,3.113479763700353,8.597378707893416,9.77307227249874,4.081575289089996,4.906673705379587,8.140385997988938,7.579353318250376,3.583380467571644,6.988124057315233,8.909497988939165,4.581645173453996,8.719149446958268,4.274040723981898,8.736543614881851,4.205871920563097,3.6040036450477615,6.349966314731018,4.037032051282051,3.254919054801406,6.203371794871796,3.781778406234288,4.1229029663147285,6.7571104826546,3.818443690296631,7.654790221216691
GSM363217,11.64803871292107,7.37680656108597,9.495315485168428,9.61680769230769,8.174604952237306,9.727496480643538,7.671151835093015,8.660842760180996,6.629732905982906,4.551414529914527,7.2037698592257415,9.892015962795377,4.622791603821017,6.435512694821518,8.600332076420313,3.8371519607843143,3.931039969834087,4.484395173453995,6.786385495223732,5.7530456259426845,3.764828808446455,3.482430618401211,4.3224035947712425,8.175249245852186,3.6191289592760154,3.4460522875817,4.3453200100553016,4.630764705882352,3.489949723479136,3.8916437908496726,5.703942810457514,8.985377450980389,7.225596279537452,4.222241452991452,4.671178858722977,6.774951231774762,7.195732151835089,3.7472956259426846,3.476281045751632,3.769173705379589,6.073298516842633,8.535028280542985,10.858481523378584,6.6617657114127695,5.659622046254397,3.3617761437908475,3.112479763700353,4.862378707893416,4.865072272498742,4.782575289089996,4.314673705379587,7.891385997988938,7.535353318250376,3.683380467571644,5.976124057315232,10.131497988939168,4.697645173453997,8.533149446958268,4.858040723981898,7.53454361488185,3.752871920563097,3.674003645047762,6.3849663147310185,3.65003205128205,7.117919054801407,4.237371794871796,3.406778406234288,3.824902966314729,7.635110482654599,3.818443690296631,7.630790221216691
GSM363053,11.000038712921068,9.15980656108597,8.846315485168427,9.974807692307689,7.860604952237305,8.31649648064354,8.044151835093015,8.749842760180995,7.869732905982906,6.781414529914526,7.561769859225741,8.046015962795376,8.271791603821017,6.858512694821518,10.227332076420314,6.961151960784315,8.415039969834087,7.892395173453996,7.937385495223731,6.653045625942684,3.614828808446455,7.27343061840121,3.458403594771242,6.457249245852186,7.058128959276015,3.8570522875817,3.875320010055301,3.862764705882352,3.395949723479136,3.961643790849672,7.371942810457514,8.51837745098039,6.084596279537452,11.232241452991452,5.122178858722976,8.157951231774764,6.531732151835089,5.560295625942684,3.385281045751632,6.416173705379588,6.759298516842633,8.940028280542984,7.8664815233785825,10.99776571141277,5.337622046254397,7.486776143790847,4.115479763700353,7.600378707893415,5.615072272498742,4.773575289089996,5.004673705379587,9.060385997988938,6.106353318250376,3.789380467571644,7.631124057315232,8.452497988939166,3.564645173453996,9.666149446958268,4.315040723981898,8.063543614881851,3.808871920563097,5.914003645047762,6.177966314731019,4.32603205128205,3.4699190548014065,4.309371794871796,5.610778406234288,3.783902966314729,6.558110482654599,6.688443690296631,6.541790221216692
GSM363295,11.138038712921068,9.17780656108597,8.474315485168427,10.05880769230769,7.650604952237305,8.126496480643539,7.623151835093015,7.954842760180996,6.021732905982907,6.731414529914527,7.455769859225741,8.023015962795375,7.743791603821016,5.721512694821518,8.717332076420314,4.826151960784315,7.086039969834087,5.214395173453996,7.024385495223731,5.090045625942684,3.635828808446455,5.287430618401211,3.661403594771242,6.8372492458521865,3.642128959276015,3.2720522875817,6.541320010055301,5.266764705882351,3.383949723479136,3.487643790849672,7.132942810457514,5.415377450980389,7.183596279537452,11.061241452991451,5.777178858722976,7.633951231774762,7.105732151835089,4.9862956259426845,4.413281045751632,6.621173705379588,8.109298516842632,8.984028280542985,5.811481523378583,9.04576571141277,4.8596220462543975,7.423776143790848,5.415479763700353,8.576378707893415,7.305072272498742,4.871575289089996,5.559673705379587,6.128385997988938,6.095353318250376,4.208380467571644,7.848124057315232,8.343497988939166,3.161645173453996,8.704149446958267,4.599040723981898,7.947543614881851,4.330871920563097,5.1920036450477625,5.559966314731018,4.23603205128205,3.2279190548014065,4.830371794871796,3.5377784062342883,4.000902966314729,7.766110482654599,8.045443690296631,7.430790221216691
GSM363272,11.275038712921068,9.033806561085967,7.7763154851684275,9.82580769230769,8.252604952237306,7.801496480643539,8.788151835093016,8.511842760180995,5.9177329059829065,4.963414529914527,8.37976985922574,7.634015962795376,7.105791603821016,6.440512694821518,9.422332076420314,5.9161519607843145,7.753039969834087,5.928395173453995,6.571385495223732,6.289045625942684,3.3628288084464546,4.52843061840121,3.528403594771242,6.843249245852186,5.4101289592760144,3.2080522875817,7.662320010055301,4.047764705882352,3.728949723479136,3.784643790849672,7.195942810457514,7.404377450980389,6.8965962795374525,11.595241452991452,5.854178858722976,7.886951231774762,5.877732151835089,4.907295625942685,4.083281045751632,7.519173705379588,7.428298516842632,8.244028280542985,7.380481523378583,9.10776571141277,5.5536220462543975,8.494776143790848,4.085479763700353,8.131378707893415,10.127072272498744,4.670575289089996,6.5666737053795865,8.637385997988938,7.655353318250375,4.124380467571644,7.667124057315232,8.669497988939167,3.666645173453997,8.616149446958268,4.626040723981898,8.26754361488185,4.384871920563097,5.710003645047762,6.189966314731018,4.1300320512820505,3.3739190548014064,4.766371794871796,8.339778406234288,4.010902966314728,8.753110482654598,7.150443690296631,6.792790221216691
GSM363164,11.290038712921069,9.93880656108597,8.344315485168428,10.285807692307689,7.024604952237306,8.17349648064354,7.720151835093016,7.785842760180995,5.697732905982907,4.595414529914526,8.056769859225742,8.572015962795376,6.625791603821017,7.1155126948215175,10.668332076420311,6.602151960784315,8.316039969834087,8.272395173453996,7.2863854952237315,5.917045625942684,3.843828808446455,3.512430618401211,3.248403594771242,7.694249245852186,3.731128959276015,3.2680522875817,4.1163200100553015,4.015764705882352,3.092949723479136,3.863643790849673,6.270942810457514,5.81037745098039,6.541596279537452,10.462241452991451,5.0991788587229765,6.492951231774762,6.194732151835089,4.681295625942685,3.227281045751632,4.364173705379589,6.237298516842633,8.755028280542986,5.737481523378582,8.20576571141277,5.475622046254397,7.965776143790848,3.1364797637003528,6.311378707893415,9.59007227249874,4.775575289089995,6.463673705379587,7.955385997988938,6.140353318250376,3.529380467571644,5.963124057315232,8.850497988939166,3.076645173453996,8.955149446958268,6.124040723981898,9.07754361488185,4.190871920563097,5.9820036450477625,5.133966314731018,3.9820320512820495,3.3849190548014065,4.979371794871796,2.9967784062342884,3.712902966314728,8.3421104826546,3.785443690296631,8.749790221216692
GSM362965,11.30203871292107,9.51180656108597,8.189315485168427,10.46080769230769,6.949604952237306,8.257496480643539,8.347151835093015,9.204842760180997,6.801732905982907,7.019414529914527,8.015769859225742,9.311015962795375,6.432791603821016,8.17751269482152,10.032332076420314,4.351151960784315,5.773039969834088,7.4983951734539955,8.37138549522373,5.641045625942684,5.286828808446455,5.822430618401211,3.030403594771242,7.233249245852186,3.893128959276015,3.6630522875817,4.4383200100553015,3.950764705882351,3.712949723479136,3.3926437908496725,6.514942810457514,7.383377450980389,7.034596279537452,10.897241452991452,5.762178858722976,6.006951231774762,7.330732151835089,4.6592956259426845,3.889281045751632,5.750173705379589,6.681298516842633,9.979028280542984,4.244481523378583,8.80176571141277,4.454622046254397,6.920776143790848,4.782479763700353,7.545378707893415,9.798072272498745,4.668575289089996,5.265673705379587,8.596385997988937,6.234353318250376,4.557380467571644,6.098124057315232,8.660497988939166,3.965645173453997,9.260149446958268,5.658040723981898,9.169543614881851,4.755871920563097,5.0220036450477625,7.323966314731019,4.03003205128205,3.524919054801406,4.226371794871796,5.635778406234288,3.955902966314728,6.8901104826546,7.302443690296631,8.776790221216691
GSM363126,11.05503871292107,9.21580656108597,9.635315485168428,9.275807692307689,6.809604952237305,8.367496480643538,7.663151835093015,7.491842760180996,4.887732905982906,5.045414529914527,8.492769859225742,7.731015962795376,8.591791603821017,6.619512694821518,10.304332076420314,4.701151960784315,7.035039969834087,9.226395173453996,8.297385495223732,5.950045625942685,3.598828808446455,3.951430618401211,4.276403594771242,6.852249245852186,4.021128959276014,4.2410522875817005,4.658320010055301,3.8647647058823513,4.191949723479135,4.050643790849672,7.269942810457515,5.848377450980389,6.613596279537452,10.776241452991451,4.7801788587229765,6.446951231774762,7.768732151835089,7.269295625942685,3.919281045751632,6.322173705379589,5.780298516842633,8.101028280542986,6.932481523378582,9.72476571141277,4.919622046254397,6.544776143790847,3.3984797637003528,7.842378707893415,10.184072272498742,4.195575289089995,5.4736737053795865,8.561385997988937,7.328353318250375,4.304380467571644,6.063124057315232,9.209497988939166,2.9496451734539963,8.702149446958268,4.522040723981898,6.981543614881851,3.964871920563097,4.149003645047762,5.692966314731018,3.9540320512820495,3.089919054801406,4.298371794871796,3.207778406234288,4.319902966314729,8.418110482654601,8.36144369029663,9.669790221216692
GSM363082,11.447038712921067,9.71680656108597,8.461315485168427,8.65280769230769,7.471604952237305,8.35749648064354,8.287151835093015,9.248842760180995,6.229732905982907,6.148414529914526,7.432769859225742,8.587015962795375,6.991791603821016,7.511512694821518,10.659332076420316,6.327151960784315,7.720039969834088,7.928395173453995,7.236385495223732,7.279045625942684,3.5548288084464548,5.5314306184012105,3.5014035947712423,6.907249245852186,4.265128959276015,3.0660522875817,4.427320010055301,3.5827647058823517,3.447949723479136,3.950643790849672,5.9339428104575145,6.343377450980389,6.127596279537452,11.483241452991452,5.205178858722976,7.053951231774763,7.209732151835089,4.674295625942685,3.586281045751632,4.350173705379588,6.394298516842633,7.961028280542985,5.245481523378582,9.380765711412767,5.724622046254398,8.917776143790848,3.462479763700353,8.402378707893416,4.423072272498742,4.266575289089996,4.766673705379587,8.535385997988937,6.455353318250376,3.743380467571644,6.647124057315232,9.092497988939169,3.0506451734539963,9.262149446958269,4.157040723981898,9.10154361488185,3.893871920563097,5.2320036450477625,7.012966314731019,4.38403205128205,7.677919054801406,4.452371794871796,7.939778406234288,3.5559029663147284,6.4031104826546,4.612443690296631,7.418790221216692
GSM363176,11.070038712921068,8.69480656108597,8.148315485168427,10.01880769230769,7.566604952237306,7.5784964806435395,9.722151835093015,8.415842760180995,5.716732905982907,6.762414529914526,8.891769859225741,7.796015962795376,6.898791603821016,6.2165126948215175,9.303332076420316,6.202151960784315,8.276039969834088,7.557395173453996,6.1373854952237314,6.453045625942685,3.982828808446455,6.493430618401211,3.4044035947712423,7.287249245852186,5.468128959276014,4.4900522875817,4.560320010055301,6.959764705882352,3.898949723479136,4.528643790849673,7.363942810457514,8.26137745098039,6.353596279537452,10.833241452991452,7.363178858722976,7.863951231774762,6.172732151835089,6.591295625942685,4.482281045751632,6.131173705379588,8.052298516842633,8.785028280542985,8.075481523378581,8.415765711412769,4.776622046254397,6.544776143790847,7.217479763700353,9.595378707893415,10.065072272498742,5.026575289089996,6.059673705379587,8.123385997988938,7.002353318250376,4.718380467571643,8.159124057315232,8.614497988939165,5.985645173453996,8.577149446958268,5.921040723981898,8.65154361488185,4.9068719205630975,5.140003645047762,6.0019663147310185,5.26103205128205,3.2239190548014065,5.551371794871796,7.447778406234288,4.245902966314729,7.987110482654599,5.164443690296631,6.978790221216691
GSM363099,9.592038712921068,7.64580656108597,8.845315485168427,9.692807692307689,8.552604952237306,9.13649648064354,7.602151835093015,9.221842760180996,7.597732905982906,7.6704145299145265,7.279769859225741,7.961015962795376,9.053791603821017,6.243512694821518,8.503332076420314,5.944151960784315,6.411039969834087,6.386395173453995,7.934385495223731,7.3990456259426844,4.486828808446455,4.014430618401211,4.711403594771242,7.237249245852186,4.178128959276014,3.9380522875817,5.381320010055301,4.304764705882351,4.168949723479136,5.5576437908496725,5.823942810457514,7.370377450980389,7.099596279537453,10.522241452991452,5.729178858722976,6.490951231774762,6.294732151835089,5.5712956259426845,3.522281045751632,7.816173705379587,7.150298516842633,9.357028280542984,8.369481523378582,7.99176571141277,4.391622046254398,6.218776143790848,4.263479763700353,9.081378707893416,8.743072272498743,4.260575289089996,4.467673705379587,8.140385997988938,6.870353318250376,4.457380467571643,7.125124057315232,8.614497988939165,8.883645173453996,8.997149446958268,4.7760407239818985,8.422543614881851,3.807871920563097,6.068003645047762,5.494966314731019,4.65603205128205,4.115919054801406,6.177371794871796,4.005778406234288,4.935902966314728,6.228110482654599,3.5894436902966307,7.992790221216692
GSM363316,11.487038712921068,9.24780656108597,8.053315485168428,9.81880769230769,7.462604952237306,8.86949648064354,7.789151835093016,8.266842760180996,5.722732905982906,5.909414529914526,8.508769859225742,8.819015962795376,4.777791603821017,7.440512694821518,9.722332076420312,5.221151960784315,5.820039969834087,10.498395173453996,8.710385495223733,5.823045625942685,3.4798288084464546,3.742430618401211,3.395403594771242,7.591249245852186,3.822128959276015,3.3500522875817005,4.093320010055301,2.8647647058823518,3.350949723479136,3.921643790849672,6.1389428104575146,5.37137745098039,6.558596279537452,11.489241452991452,4.843178858722976,8.097951231774761,7.443732151835089,6.503295625942685,3.928281045751632,7.184173705379588,4.660298516842633,8.944028280542986,4.613481523378582,9.38476571141277,4.709622046254397,7.986776143790847,3.405479763700353,7.993378707893415,6.482072272498742,4.757575289089996,4.862673705379587,8.683385997988937,5.547353318250376,4.503380467571644,4.728124057315232,9.437497988939166,2.692645173453996,9.294149446958269,5.634040723981898,8.28754361488185,4.155871920563097,4.3810036450477625,6.348966314731018,3.8410320512820495,3.1049190548014063,4.580371794871796,3.1057784062342884,3.803902966314729,8.0941104826546,3.5324436902966307,6.153790221216692
GSM363178,11.497038712921068,8.956806561085969,7.731315485168428,9.04080769230769,7.939604952237306,7.851496480643539,8.843151835093016,9.073842760180996,6.068732905982906,7.745414529914527,10.03976985922574,7.976015962795376,7.355791603821016,6.962512694821518,9.911332076420312,5.234151960784315,7.474039969834087,8.836395173453996,8.370385495223733,6.182045625942685,3.612828808446455,6.678430618401211,6.004403594771242,7.473249245852186,3.8491289592760154,3.1770522875817004,7.783320010055301,5.760764705882352,3.307949723479136,3.672643790849672,6.463942810457515,7.063377450980389,8.019596279537453,10.870241452991452,4.777178858722976,7.738951231774762,5.828732151835089,6.165295625942685,3.277281045751632,7.811173705379589,6.868298516842633,8.970028280542985,7.220481523378583,8.98476571141277,7.0936220462543975,6.732776143790847,3.131479763700353,6.667378707893415,6.762072272498743,4.410575289089996,5.672673705379587,8.538385997988938,6.998353318250376,3.4313804675716435,6.763124057315232,8.939497988939166,3.1506451734539964,8.650149446958268,3.973040723981898,9.24554361488185,4.1488719205630975,3.914003645047762,6.853966314731019,3.7520320512820495,3.1819190548014062,4.042371794871796,6.424778406234288,4.083902966314729,7.610110482654599,3.673443690296631,6.657790221216692
GSM363343,10.942038712921068,9.07480656108597,8.417315485168427,7.45980769230769,7.049604952237305,8.247496480643537,7.923151835093015,8.408842760180995,6.730732905982906,4.653414529914526,8.887769859225742,8.166015962795376,5.788791603821016,6.097512694821518,9.873332076420311,8.543151960784314,8.234039969834088,8.554395173453996,7.928385495223732,6.2740456259426844,3.680828808446455,5.446430618401211,5.227403594771242,7.318249245852186,3.937128959276015,3.5460522875817,4.224320010055301,4.045764705882352,3.408949723479136,3.999643790849672,7.486942810457514,6.813377450980389,6.3435962795374525,10.681241452991452,5.2001788587229765,5.604951231774762,7.420732151835089,7.275295625942685,3.619281045751632,5.371173705379588,8.196298516842631,9.992028280542986,5.003481523378582,9.38176571141277,6.443622046254397,4.650776143790847,4.028479763700353,6.962378707893415,8.52307227249874,4.884575289089995,5.060673705379587,7.966385997988938,7.973353318250376,4.301380467571644,7.983124057315232,8.674497988939166,3.3276451734539965,8.575149446958267,4.216040723981898,7.920543614881851,3.669871920563097,4.782003645047762,5.301966314731018,4.037032051282051,3.2169190548014064,5.423371794871796,6.529778406234288,3.7469029663147286,7.947110482654599,3.861443690296631,7.249790221216691
GSM363033,10.608038712921068,9.00680656108597,9.871315485168427,9.81180769230769,7.2466049522373055,9.26349648064354,7.467151835093015,9.017842760180995,6.452732905982907,4.957414529914527,9.20976985922574,8.395015962795375,7.539791603821016,7.676512694821518,10.337332076420314,4.340151960784315,5.198039969834087,9.941395173453996,9.006385495223732,5.379045625942684,4.060828808446455,5.742430618401211,3.6054035947712415,7.671249245852186,3.884128959276015,3.5500522875817,3.803320010055301,2.8817647058823512,3.177949723479136,4.131643790849672,8.392942810457516,5.57337745098039,6.520596279537452,11.185241452991452,4.886178858722976,6.938951231774762,7.575732151835089,5.730295625942685,3.444281045751632,5.640173705379588,5.808298516842632,8.919028280542985,7.446481523378583,10.12476571141277,6.6946220462543975,5.503776143790848,5.303479763700353,9.585378707893415,10.527072272498742,4.487575289089996,4.579673705379586,8.555385997988939,6.182353318250375,6.453380467571644,5.941124057315232,8.875497988939166,3.0976451734539965,9.454149446958269,3.7820407239818974,8.77054361488185,4.267871920563097,4.798003645047762,6.262966314731019,3.8740320512820494,3.2039190548014065,4.844371794871796,5.091778406234289,3.2109029663147286,6.5331104826546,3.935443690296631,7.308790221216691
GSM363055,10.843038712921068,8.95280656108597,8.732315485168428,9.54380769230769,6.682604952237305,8.35749648064354,10.237151835093016,7.615842760180995,7.517732905982906,6.822414529914527,6.702769859225741,8.660015962795375,7.877791603821016,7.1715126948215175,9.306332076420317,3.991151960784315,5.339039969834087,9.151395173453995,5.234385495223731,4.601045625942684,5.261828808446455,3.418430618401211,3.810403594771242,6.469249245852186,4.071128959276015,3.613052287581701,4.169320010055301,3.904764705882352,3.765949723479136,4.209643790849673,8.024942810457514,8.42337745098039,5.996596279537452,7.5272414529914515,5.936178858722976,4.470951231774762,7.039732151835089,5.037295625942685,3.564281045751632,7.288173705379588,6.395298516842633,10.016028280542985,4.314481523378582,7.61776571141277,4.880622046254397,5.329776143790848,6.561479763700353,8.913378707893415,8.874072272498744,5.534575289089996,5.440673705379587,7.984385997988937,6.488353318250375,4.825380467571644,6.168124057315232,9.629497988939166,3.762645173453997,8.759149446958268,7.415040723981898,8.41454361488185,4.2978719205630975,5.285003645047762,5.188966314731019,4.14103205128205,3.3289190548014065,4.540371794871796,3.4367784062342883,6.382902966314728,6.439110482654599,3.827443690296631,7.720790221216691
GSM363100,10.23503871292107,9.19280656108597,9.725315485168426,8.942807692307689,7.813604952237306,7.449496480643539,7.566151835093016,8.934842760180995,6.333732905982907,5.703414529914526,7.285769859225741,8.702015962795375,7.949791603821017,6.2485126948215175,11.136332076420311,4.487151960784315,5.777039969834087,6.232395173453996,8.367385495223733,6.122045625942684,3.944828808446455,3.7874306184012103,3.6064035947712414,7.064249245852186,7.267128959276015,3.2680522875817,4.120320010055301,3.446764705882351,3.240949723479136,3.544643790849672,7.217942810457514,6.41137745098039,7.133596279537453,12.431241452991452,5.127178858722976,6.906951231774762,7.342732151835089,7.799295625942685,3.690281045751632,8.332173705379589,8.044298516842634,9.300028280542984,7.623481523378582,8.87276571141277,4.852622046254398,7.700776143790847,4.484479763700353,8.000378707893415,11.07507227249874,4.988575289089996,4.8646737053795865,10.675385997988938,7.995353318250376,3.498380467571644,8.272124057315231,10.057497988939168,3.1016451734539965,9.851149446958267,7.314040723981898,8.33754361488185,4.0798719205630976,4.360003645047763,7.253966314731018,3.60203205128205,3.3069190548014062,4.214371794871796,4.439778406234288,4.135902966314728,5.583110482654599,3.518443690296631,7.720790221216691
GSM363249,11.288038712921068,9.690806561085967,9.588315485168428,10.69780769230769,6.022604952237305,9.09149648064354,7.860151835093015,8.823842760180996,4.435732905982906,5.692414529914527,9.332769859225742,9.166015962795376,5.884791603821016,5.611512694821518,9.883332076420317,6.502151960784315,7.473039969834088,6.671395173453996,9.20838549522373,6.109045625942684,4.004828808446455,4.123430618401211,3.2344035947712424,8.845249245852186,3.649128959276015,3.1170522875817004,3.907320010055301,3.696764705882351,3.485949723479136,3.722643790849673,5.3889428104575146,3.543377450980389,6.634596279537452,8.599241452991452,5.0991788587229765,6.127951231774762,8.09673215183509,5.097295625942685,3.764281045751632,5.568173705379588,6.206298516842633,6.7810282805429845,4.804481523378582,10.30476571141277,5.978622046254397,7.080776143790848,3.5074797637003527,7.244378707893415,10.923072272498745,4.704575289089996,4.654673705379587,7.638385997988938,5.515353318250376,3.839380467571644,5.826124057315232,8.884497988939167,2.842645173453996,9.366149446958268,5.171040723981898,8.24454361488185,4.184871920563097,4.540003645047762,6.104966314731018,3.9990320512820494,3.2739190548014063,5.334371794871796,3.3807784062342883,3.990902966314728,7.324110482654599,4.236443690296631,9.519790221216692
GSM362952,11.141341880341889,9.444288461538465,8.949636752136751,9.094269230769225,7.244715811965815,8.17355982905984,7.4344188034188035,8.047673076923086,5.388540598290601,3.601952991452988,8.812912393162392,8.373728632478638,6.6345427350427295,5.488284188034191,10.708354700854702,4.5354166666666735,7.243320512820515,8.182282051282046,7.463446581196576,6.190224358974353,3.348910256410253,5.344679487179495,5.846138888888891,7.373762820512821,3.844807692307695,3.311111111111114,3.903559829059828,3.498999999999997,2.8258547008547,3.503055555555549,5.698972222222217,4.537583333333336,6.310863247863246,11.677895299145291,3.976959401709399,6.368829059829055,6.795553418803418,6.514974358974359,2.3292222222222234,5.533047008547011,6.404925213675221,9.06651923076923,5.912814102564096,10.236982905982906,6.781425213675211,5.984805555555559,3.137844017094018,6.347561965811959,9.370771367521373,4.982220085470087,5.928547008547007,7.974438034188032,6.576993589743587,3.839532051282053,6.558891025641022,9.177534188034182,2.527032051282049,9.101459401709404,4.168307692307691,8.45375854700855,3.9271773504273546,4.581938034188034,6.157572649572646,3.711455128205125,2.6393760683760656,5.370679487179486,4.130767094017096,3.92164957264957,6.294121794871801,4.269457264957267,8.136566239316238
GSM363130,10.842038712921068,9.71680656108597,8.812315485168428,9.38280769230769,7.990604952237305,8.04949648064354,8.670151835093016,9.050842760180997,5.516732905982907,3.9914145299145263,8.931769859225742,8.073015962795376,5.622791603821017,7.0915126948215175,10.274332076420317,5.257151960784315,7.607039969834087,4.576395173453995,6.573385495223731,5.981045625942684,3.489828808446455,3.4044306184012108,3.378403594771242,7.034249245852186,3.8741289592760144,3.4520522875817004,4.929320010055301,6.881764705882351,3.314949723479136,3.846643790849672,6.192942810457515,5.383377450980389,7.891596279537453,10.977241452991452,4.976178858722976,6.761951231774762,5.574732151835089,3.991295625942685,3.418281045751632,3.5631737053795884,5.233298516842633,7.105028280542985,5.184481523378582,9.81476571141277,5.480622046254397,10.283776143790847,3.307479763700353,6.520378707893415,5.613072272498743,4.438575289089996,5.577673705379587,8.110385997988939,5.320353318250375,3.971380467571644,4.824124057315232,8.910497988939166,3.0246451734539965,10.041149446958268,4.235040723981898,8.797543614881851,4.5798719205630976,5.686003645047762,6.140966314731019,4.287032051282051,3.190919054801406,4.702371794871796,3.3647784062342883,4.091902966314729,7.635110482654599,4.414443690296631,8.186790221216691
GSM363149,10.756038712921068,9.267806561085967,8.014315485168428,10.262807692307687,7.813604952237306,7.758496480643539,7.733151835093015,8.550842760180995,5.831732905982906,6.727414529914526,7.716769859225741,6.912015962795376,6.955791603821017,6.283512694821518,10.117332076420317,6.954151960784315,8.751039969834087,5.373395173453996,7.955385495223731,6.6040456259426845,3.886828808446455,5.671430618401211,3.2544035947712424,6.8372492458521865,5.166128959276015,3.7390522875817,6.740320010055301,4.361764705882352,3.463949723479136,3.788643790849672,4.556942810457515,4.89237745098039,6.737596279537453,12.40824145299145,4.949178858722976,7.0669512317747625,6.067732151835089,5.937295625942685,4.109281045751632,6.649173705379589,5.823298516842633,8.883028280542986,5.572481523378582,11.24976571141277,5.523622046254397,8.067776143790848,2.895479763700353,5.179378707893415,4.703072272498742,4.318575289089996,6.587673705379586,9.24138599798894,5.644353318250376,3.469380467571644,5.793124057315232,9.496497988939169,2.8756451734539965,9.004149446958268,4.415040723981898,7.83154361488185,4.107871920563097,5.462003645047762,6.558966314731019,4.24403205128205,3.190919054801406,5.064371794871796,5.675778406234288,4.119902966314728,7.712110482654599,3.806443690296631,8.020790221216691
GSM363337,11.575038712921067,9.59080656108597,8.532315485168427,8.56280769230769,7.805604952237306,7.9374964806435395,8.770151835093015,9.003842760180996,6.322732905982907,7.030414529914526,7.953769859225741,8.496015962795376,7.733791603821016,7.603512694821518,10.693332076420312,5.640151960784315,6.251039969834087,11.243395173453996,6.804385495223731,6.3620456259426845,4.048828808446455,3.90543061840121,3.1014035947712424,7.173249245852186,3.7041289592760154,3.4360522875817003,3.558320010055301,3.7197647058823513,3.162949723479136,3.459643790849672,7.230942810457514,7.77837745098039,6.799596279537452,10.461241452991452,5.126178858722977,6.2399512317747625,7.960732151835089,5.630295625942685,3.456281045751632,6.363173705379588,5.434298516842633,9.213028280542986,6.571481523378583,8.29776571141277,4.397622046254398,8.542776143790848,5.262479763700353,9.495378707893416,8.51107227249874,4.402575289089996,4.796673705379587,10.05538599798894,6.965353318250376,4.248380467571644,4.6421240573152325,9.205497988939166,3.809645173453996,8.654149446958268,5.1350407239818985,9.07454361488185,3.646871920563097,4.6070036450477625,6.410966314731018,3.5830320512820504,3.3419190548014064,3.764371794871796,3.695778406234288,4.093902966314729,7.191110482654599,7.727443690296631,7.692790221216692
GSM363031,12.218038712921068,9.80080656108597,8.368315485168427,8.92380769230769,7.538604952237305,8.844496480643539,8.170151835093016,9.634842760180996,7.377732905982906,7.123414529914526,8.071769859225741,8.557015962795376,7.309791603821017,8.248512694821517,10.300332076420316,4.887151960784315,7.156039969834088,8.285395173453995,8.68238549522373,5.325045625942685,3.954828808446455,4.3664306184012105,4.103403594771242,6.541249245852186,4.924128959276015,3.859052287581701,4.519320010055301,3.685764705882352,3.320949723479136,4.1026437908496725,5.279942810457515,6.46937745098039,7.019596279537453,11.570241452991452,5.042178858722976,6.999951231774762,7.490732151835089,5.108295625942684,3.267281045751632,4.399173705379589,5.695298516842633,8.826028280542985,5.404481523378583,9.989765711412767,6.046622046254398,6.714776143790847,3.924479763700353,7.643378707893415,7.527072272498742,4.352575289089995,5.104673705379587,9.390385997988938,6.060353318250376,4.679380467571644,6.113124057315233,7.925497988939166,3.1596451734539963,8.934149446958267,4.1910407239818985,9.24554361488185,4.173871920563097,4.237003645047762,6.1509663147310185,3.8780320512820494,3.137919054801406,4.157371794871796,3.326778406234288,3.5829029663147285,6.782110482654599,4.38644369029663,8.347790221216691
GSM363166,11.570038712921068,9.70580656108597,9.279315485168429,10.49580769230769,7.093604952237306,8.41249648064354,8.078151835093015,8.408842760180995,6.642732905982906,4.957414529914527,8.273769859225741,8.627015962795376,7.156791603821016,6.291512694821518,10.472332076420312,4.9241519607843145,7.025039969834087,7.546395173453996,9.207385495223733,6.1650456259426845,3.980828808446455,3.5494306184012108,3.3194035947712424,8.598249245852186,7.414128959276015,4.8500522875817005,5.2333200100553015,3.931764705882352,3.202949723479136,3.719643790849672,5.112942810457515,5.12137745098039,6.068596279537452,11.404241452991451,5.113178858722976,7.112951231774762,6.974732151835089,7.522295625942685,3.433281045751632,6.012173705379588,7.607298516842633,8.118028280542985,7.029481523378583,10.72876571141277,5.3276220462543975,7.009776143790847,3.562479763700353,5.120378707893416,7.053072272498742,5.954575289089996,4.629673705379587,9.028385997988938,5.866353318250376,4.119380467571644,7.039124057315232,9.785497988939166,2.8796451734539965,10.146149446958267,4.132040723981898,7.460543614881851,3.646871920563097,3.523003645047762,6.589966314731019,4.18703205128205,3.0199190548014063,4.145371794871796,5.364778406234288,3.975902966314728,6.6311104826546,3.815443690296631,8.408790221216691
GSM363049,11.06803871292107,9.13380656108597,9.275315485168427,9.37080769230769,7.365604952237305,8.55549648064354,8.896151835093015,9.175842760180997,6.453732905982906,7.3804145299145265,9.18076985922574,8.446015962795375,5.628791603821017,6.320512694821518,10.431332076420317,5.627151960784315,5.609039969834088,5.121395173453996,8.62138549522373,7.068045625942684,3.7868288084464554,3.632430618401211,4.216403594771243,6.387249245852186,3.9901289592760154,3.6190522875817,4.134320010055301,8.23376470588235,3.441949723479136,4.228643790849673,7.209942810457514,6.73537745098039,6.362596279537453,11.563241452991452,5.230178858722976,7.524951231774762,6.957732151835089,4.8002956259426846,4.201281045751632,6.711173705379588,6.464298516842633,8.252028280542985,5.759481523378582,8.883765711412769,4.832622046254397,7.573776143790847,3.704479763700353,7.378378707893415,9.632072272498744,4.264575289089996,6.097673705379587,8.596385997988937,7.945353318250375,4.201380467571644,7.084124057315232,8.836497988939167,3.739645173453997,9.145149446958268,5.097040723981898,9.10654361488185,4.540871920563097,4.689003645047762,5.878966314731018,4.15603205128205,3.1119190548014064,5.527371794871796,6.230778406234288,3.5089029663147286,7.8501104826546,4.606443690296631,7.525790221216692
GSM363032,11.246038712921068,9.27080656108597,8.795315485168427,10.25880769230769,8.008604952237306,8.77649648064354,8.128151835093016,9.277842760180995,5.748732905982906,4.644414529914527,9.275769859225742,9.383015962795376,8.189791603821016,7.900512694821518,10.620332076420311,3.735151960784315,4.462039969834088,8.401395173453995,9.08338549522373,5.668045625942685,3.674828808446455,4.446430618401211,4.082403594771242,7.797249245852186,4.346128959276014,3.6780522875817,4.729320010055301,3.3467647058823515,3.611949723479136,4.430643790849673,6.862942810457515,6.59237745098039,7.276596279537452,11.163241452991452,5.220178858722976,7.598951231774762,7.876732151835089,7.360295625942685,3.705281045751632,6.022173705379588,5.371298516842633,7.381028280542985,4.713481523378582,9.19876571141277,4.847622046254397,5.658776143790847,4.743479763700353,8.571378707893414,11.07007227249874,4.280575289089996,5.429673705379587,8.915385997988938,7.388353318250376,5.139380467571644,5.968124057315232,8.382497988939166,3.2156451734539964,9.453149446958268,4.218040723981899,6.96954361488185,5.365871920563097,4.251003645047763,8.074966314731018,3.97603205128205,3.0609190548014062,5.979371794871796,3.750778406234288,3.844902966314729,6.6871104826546,3.616443690296631,7.836790221216692
GSM363072,11.602038712921068,9.28280656108597,8.913315485168427,10.25080769230769,7.233604952237306,8.896496480643538,7.629151835093015,8.987842760180996,5.956732905982906,4.504414529914526,8.23876985922574,9.009015962795376,8.164791603821017,6.784512694821518,9.850332076420312,6.211151960784315,7.292039969834088,6.579395173453995,9.36838549522373,8.227045625942683,3.880828808446455,4.328430618401211,6.0484035947712425,8.044249245852185,5.823128959276015,3.1580522875817003,6.611320010055302,3.8047647058823513,3.066949723479136,3.604643790849672,6.696942810457514,5.44037745098039,7.215596279537452,11.052241452991453,5.0991788587229765,6.812951231774762,7.043732151835089,9.066295625942685,3.166281045751632,6.265173705379588,6.4572985168426325,7.901028280542985,4.758481523378583,8.71976571141277,5.4686220462543975,7.104776143790848,6.675479763700353,7.664378707893415,5.470072272498742,4.233575289089996,5.479673705379587,8.933385997988937,7.419353318250375,5.702380467571643,7.016124057315232,8.714497988939167,3.1986451734539965,8.565149446958268,4.044040723981898,7.38954361488185,4.025871920563097,4.669003645047762,6.930966314731019,3.40903205128205,5.713919054801407,4.452371794871796,6.239778406234288,3.532902966314728,6.4961104826546,7.417443690296631,8.565790221216691
GSM363289,10.899038712921069,10.07780656108597,8.765315485168427,9.224807692307689,7.248604952237305,9.02249648064354,7.115151835093015,8.085842760180995,6.184732905982907,6.586414529914526,8.05276985922574,8.654015962795375,7.344791603821016,7.848512694821518,10.883332076420317,7.110151960784315,8.423039969834088,7.507395173453995,6.401385495223732,6.480045625942685,3.515828808446454,4.215430618401211,3.3314035947712424,7.374249245852186,4.310128959276015,2.9030522875817004,4.590320010055302,3.9617647058823513,3.318949723479136,3.973643790849673,5.922942810457514,4.667377450980389,6.953596279537453,10.04924145299145,5.385178858722976,7.554951231774762,7.593732151835089,3.809295625942685,3.169281045751632,5.5021737053795885,6.8112985168426325,9.387028280542983,4.659481523378583,9.40176571141277,5.962622046254397,6.621776143790847,3.266479763700353,6.901378707893415,6.101072272498742,4.859575289089996,5.103673705379586,8.479385997988938,5.837353318250376,3.785380467571644,6.935124057315232,8.950497988939166,3.1916451734539963,9.005149446958267,6.459040723981898,7.878543614881851,3.840871920563097,5.870003645047762,5.979966314731018,3.8460320512820494,3.234919054801406,5.192371794871796,7.439778406234288,3.796902966314729,7.353110482654599,3.714443690296631,9.026790221216691
GSM363296,11.418038712921067,9.76880656108597,8.922315485168427,9.99180769230769,7.7786049522373055,8.753496480643538,7.869151835093016,9.558842760180996,6.512732905982906,6.115414529914526,9.51376985922574,8.764015962795376,6.000791603821017,6.981512694821518,11.371332076420314,4.160151960784315,6.128039969834087,8.838395173453995,8.63538549522373,5.950045625942685,3.5998288084464547,4.937430618401211,3.157403594771242,7.509249245852186,3.711128959276015,3.3330522875817,4.139320010055301,3.611764705882351,3.490949723479136,3.5476437908496723,6.514942810457514,7.55237745098039,6.993596279537452,11.233241452991452,5.299178858722976,6.490951231774762,6.638732151835089,5.947295625942685,4.095281045751632,6.1671737053795885,7.080298516842633,9.105028280542983,6.393481523378583,9.89076571141277,4.696622046254397,8.285776143790848,3.609479763700353,8.541378707893415,10.608072272498742,4.360575289089995,5.516673705379587,8.949385997988937,5.695353318250375,3.847380467571644,7.285124057315232,9.051497988939166,3.1876451734539963,9.689149446958268,5.373040723981898,8.51454361488185,3.685871920563097,4.449003645047762,5.944966314731018,4.00303205128205,3.3109190548014062,5.869371794871796,4.077778406234288,3.777902966314728,7.2571104826546,6.352443690296631,8.18779022121669
GSM363235,11.573038712921068,10.004806561085967,9.332315485168428,10.44980769230769,7.902604952237305,9.06049648064354,8.645151835093015,9.808842760180996,5.315732905982906,6.945414529914526,8.877769859225742,7.876015962795376,9.376791603821015,8.054512694821518,9.764332076420311,3.880151960784315,4.770039969834087,6.503395173453995,8.982385495223731,5.958045625942685,4.090828808446455,3.604430618401211,6.9024035947712425,7.240249245852186,4.148128959276015,3.3300522875817005,4.418320010055301,3.657764705882352,3.256949723479136,3.4496437908496724,7.475942810457514,5.954377450980389,7.946596279537452,11.293241452991452,5.032178858722976,6.827951231774763,7.321732151835089,4.356295625942685,3.487281045751632,4.865173705379588,7.799298516842633,9.363028280542984,6.867481523378583,8.62376571141277,5.273622046254397,8.556776143790847,5.365479763700353,7.597378707893415,10.21807227249874,4.085575289089996,4.563673705379586,9.280385997988938,5.317353318250376,5.076380467571644,7.874124057315232,9.284497988939163,3.164645173453996,9.383149446958267,4.554040723981898,9.96554361488185,3.881871920563097,4.449003645047762,6.947966314731018,3.89703205128205,3.3869190548014063,6.341371794871796,5.1927784062342885,3.926902966314728,5.917110482654599,3.542443690296631,8.274790221216692
GSM362958,11.75103871292107,9.392806561085967,9.204315485168427,11.59480769230769,7.428604952237306,8.46749648064354,8.263151835093016,8.541842760180996,5.487732905982907,4.327414529914527,8.13976985922574,8.951015962795376,7.503791603821017,7.816512694821518,10.566332076420316,3.975151960784315,5.596039969834087,8.237395173453995,7.2783854952237315,6.623045625942685,4.317828808446455,6.071430618401211,4.731403594771242,7.542249245852186,3.5331289592760147,3.4280522875817003,3.788320010055301,3.854764705882352,3.959949723479136,3.737643790849672,6.9099428104575145,3.879377450980389,6.934596279537453,11.486241452991452,4.765178858722976,7.388951231774762,8.040732151835089,5.636295625942685,3.573281045751632,7.549173705379588,6.7152985168426325,8.131028280542985,5.358481523378583,9.58776571141277,5.870622046254398,7.440776143790847,2.982479763700353,8.422378707893415,10.319072272498744,4.085575289089996,4.4976737053795866,9.00738599798894,6.671353318250375,3.614380467571644,6.531124057315232,8.442497988939166,2.9846451734539965,9.679149446958268,4.506040723981898,8.86254361488185,4.195871920563097,4.217003645047762,6.540966314731018,3.94503205128205,5.092919054801406,4.114371794871796,6.093778406234288,4.170902966314729,5.609110482654599,8.153443690296632,9.583790221216692
GSM363366,11.65803871292107,9.63080656108597,8.466315485168428,9.84780769230769,7.633604952237306,7.739496480643539,9.338151835093017,9.167842760180996,5.6147329059829065,4.291414529914526,7.573769859225742,8.611015962795376,8.002791603821017,6.587512694821518,10.845332076420314,8.959151960784315,9.446039969834088,7.733395173453995,7.6003854952237315,7.392045625942685,3.5078288084464546,8.393430618401212,7.404403594771242,7.104249245852186,3.969128959276015,3.673052287581701,5.005320010055302,4.228764705882352,3.281949723479136,3.612643790849672,5.415942810457515,5.736377450980389,6.481596279537452,11.130241452991452,4.999178858722976,7.963951231774762,7.142732151835089,6.346295625942685,3.818281045751632,5.926173705379588,7.913298516842633,8.252028280542985,4.828481523378582,9.24876571141277,4.9446220462543975,6.776776143790848,3.061479763700353,7.589378707893415,5.468072272498742,4.285575289089996,5.444673705379587,8.456385997988939,6.146353318250376,3.753380467571644,8.148124057315233,8.581497988939166,3.0206451734539965,8.968149446958268,3.9230407239818974,8.30254361488185,3.610871920563097,5.572003645047762,6.568966314731019,3.58503205128205,3.1289190548014063,4.834371794871796,4.718778406234288,4.077902966314729,7.1791104826546,6.702443690296631,7.960790221216691
GSM363311,11.466038712921067,9.84580656108597,8.833315485168427,10.615807692307689,7.429604952237305,8.728496480643539,7.710151835093016,9.304842760180996,6.995732905982907,6.139414529914526,8.26476985922574,8.009015962795376,7.131791603821016,6.864512694821518,10.072332076420317,7.567151960784315,8.875039969834088,7.5063951734539955,7.330385495223731,6.076045625942684,3.320828808446455,7.034430618401211,3.5044035947712424,6.7442492458521865,6.024128959276014,5.4910522875817005,4.200320010055301,3.3367647058823517,3.344949723479136,3.5786437908496724,6.099942810457515,6.295377450980389,6.901596279537452,11.866241452991453,5.233178858722976,7.119951231774762,7.166732151835089,5.781295625942684,3.782281045751632,7.386173705379588,7.335298516842633,9.143028280542984,4.359481523378583,10.61376571141277,5.916622046254397,7.362776143790848,3.856479763700353,7.713378707893415,5.916072272498743,4.549575289089995,4.764673705379587,8.842385997988938,5.879353318250375,3.537380467571644,7.464124057315232,8.945497988939167,3.1666451734539964,9.135149446958268,4.561040723981899,8.374543614881851,3.729871920563097,5.932003645047762,5.7759663147310185,3.70703205128205,3.448919054801406,4.646371794871796,3.035778406234288,3.934902966314728,6.6081104826546,4.93444369029663,7.760790221216691
GSM363071,11.961038712921068,9.34580656108597,9.294315485168427,11.68680769230769,7.768604952237306,7.786496480643539,8.142151835093015,9.592842760180996,6.246732905982906,8.098414529914525,8.95976985922574,8.518015962795376,7.511791603821017,8.476512694821519,9.883332076420317,5.1741519607843145,5.966039969834087,7.901395173453995,7.3103854952237315,6.456045625942685,3.351828808446455,5.304430618401211,3.2384035947712424,7.435249245852186,4.009128959276015,2.9510522875817005,4.418320010055301,4.025764705882351,3.338949723479136,3.5546437908496724,6.577942810457515,5.157377450980389,7.280596279537453,11.014241452991453,4.701178858722976,7.298951231774762,6.052732151835089,4.012295625942684,3.434281045751632,6.313173705379588,7.868298516842633,9.202028280542985,7.649481523378583,9.899765711412767,6.087622046254397,8.474776143790848,3.1644797637003528,8.182378707893415,7.594072272498742,4.332575289089996,5.374673705379587,9.040385997988938,6.526353318250376,3.5363804675716435,8.272124057315231,9.164497988939166,3.0696451734539965,9.133149446958267,4.828040723981898,9.12054361488185,4.910871920563097,5.350003645047762,6.663966314731018,3.67303205128205,3.2289190548014064,4.501371794871796,3.895778406234288,3.870902966314728,7.128110482654599,8.766443690296631,9.374790221216692
GSM363329,11.583038712921068,9.70380656108597,8.766315485168427,9.52680769230769,7.143604952237306,9.17049648064354,8.327151835093016,9.191842760180997,6.405732905982906,6.475414529914526,8.991769859225741,8.838015962795376,5.851791603821017,6.584512694821518,11.040332076420317,5.979151960784315,6.849039969834087,8.479395173453995,8.925385495223733,5.472045625942685,3.468828808446455,6.375430618401211,3.691403594771242,7.500249245852186,3.7201289592760154,3.3070522875817003,3.661320010055301,3.4767647058823514,3.059949723479136,3.5046437908496726,6.484942810457515,6.417377450980389,7.696596279537452,11.321241452991451,5.0511788587229765,6.577951231774763,7.082732151835089,4.965295625942685,3.866281045751632,4.774173705379589,5.325298516842633,9.074028280542985,6.564481523378582,8.659765711412769,5.473622046254397,7.112776143790848,3.082479763700353,8.379378707893416,9.166072272498742,4.027575289089995,5.615673705379587,9.038385997988938,6.250353318250376,4.194380467571643,4.797124057315232,9.181497988939164,2.954645173453996,8.805149446958268,4.616040723981898,9.55154361488185,3.873871920563097,5.1390036450477625,6.785966314731018,3.7930320512820495,3.1889190548014064,6.701371794871796,3.5137784062342883,3.705902966314728,6.5251104826546,5.63644369029663,7.936790221216691
GSM363200,10.90103871292107,8.45480656108597,7.737315485168427,9.147807692307689,8.184604952237306,8.419496480643538,8.426151835093016,8.335842760180995,7.289732905982906,7.153414529914526,8.701769859225742,8.534015962795376,5.729791603821017,5.633512694821518,9.686332076420314,5.957151960784315,7.918039969834087,9.900395173453996,7.588385495223731,6.4950456259426845,4.113828808446455,4.649430618401211,5.2854035947712426,7.596249245852186,3.5041289592760148,3.4900522875817,5.1963200100553015,5.541764705882351,3.541949723479136,3.826643790849672,8.418942810457516,7.35537745098039,7.382596279537452,11.590241452991451,5.713178858722976,7.801951231774762,7.134732151835089,7.418295625942685,3.884281045751632,6.504173705379588,7.684298516842633,10.717028280542984,7.157481523378583,7.65676571141277,5.669622046254397,6.525776143790847,3.229479763700353,8.505378707893415,7.765072272498742,4.531575289089996,6.144673705379587,9.137385997988938,6.366353318250376,4.079380467571644,7.636124057315232,7.899497988939166,3.3656451734539963,9.100149446958268,4.6510407239818985,8.695543614881851,4.330871920563097,5.585003645047762,6.663966314731018,3.8090320512820495,3.730919054801406,5.084371794871796,4.125778406234288,4.101902966314729,7.1901104826546,6.204443690296631,8.301790221216692
GSM362984,10.592038712921068,9.51980656108597,8.207315485168428,8.458807692307689,7.598604952237306,7.907496480643539,8.372151835093016,7.889842760180995,6.140732905982906,4.964414529914526,9.09176985922574,7.798015962795375,7.414791603821016,6.9585126948215175,9.398332076420314,4.6131519607843146,6.882039969834088,4.942395173453996,7.037385495223732,5.446045625942684,4.789828808446455,5.828430618401211,6.760403594771242,6.589249245852186,3.986128959276015,3.1690522875817004,6.426320010055301,6.986764705882352,3.564949723479136,3.733643790849672,7.0349428104575145,5.92737745098039,6.922596279537452,9.462241452991451,5.206178858722976,7.304951231774762,6.547732151835089,5.602295625942685,3.632281045751632,3.5111737053795884,6.337298516842632,9.180028280542984,4.641481523378583,7.240765711412769,4.768622046254397,7.943776143790847,7.105479763700353,7.402378707893415,5.111072272498742,4.367575289089996,5.600673705379587,7.782385997988938,7.111353318250376,5.607380467571644,6.453124057315232,8.662497988939165,3.1416451734539965,9.333149446958268,4.422040723981898,7.66754361488185,4.549871920563097,4.508003645047762,5.0099663147310185,4.27703205128205,3.3259190548014064,4.171371794871796,4.470778406234288,4.067902966314729,8.1381104826546,4.212443690296631,7.824790221216691
GSM363037,11.373038712921067,8.95880656108597,8.465315485168427,9.836807692307689,8.324604952237305,8.250496480643537,8.739151835093015,9.687842760180995,6.234732905982907,5.213414529914527,9.42076985922574,8.965015962795375,6.189791603821017,7.712512694821518,9.784332076420316,5.279151960784315,6.546039969834087,7.956395173453996,9.344385495223731,6.424045625942685,3.512828808446455,4.881430618401211,6.168403594771243,7.372249245852186,4.156128959276015,3.3260522875817005,5.942320010055301,3.2787647058823515,3.276949723479136,3.654643790849673,6.362942810457515,8.15137745098039,8.305596279537454,11.893241452991452,4.743178858722977,7.635951231774762,7.263732151835089,6.631295625942685,3.756281045751632,6.907173705379589,6.307298516842633,8.876028280542984,4.761481523378582,10.07876571141277,5.9126220462543975,7.027776143790848,3.350479763700353,8.486378707893415,9.284072272498744,4.396575289089996,4.904673705379587,9.136385997988938,6.745353318250376,4.175380467571643,6.621124057315233,8.575497988939166,3.185645173453996,8.701149446958269,4.427040723981898,8.23254361488185,4.2418719205630975,5.521003645047762,8.178966314731019,3.8690320512820495,3.154919054801406,4.642371794871796,4.097778406234288,4.001902966314729,5.939110482654599,6.544443690296631,8.067790221216692
GSM363362,11.45603871292107,9.88480656108597,8.764315485168428,9.31280769230769,7.175604952237306,8.041496480643538,7.339151835093015,8.108842760180995,5.346732905982907,4.935414529914526,9.18376985922574,8.219015962795376,5.9707916038210165,6.297512694821518,11.095332076420314,5.869151960784315,6.566039969834088,9.761395173453996,6.964385495223731,6.339045625942685,3.700828808446455,6.558430618401211,6.165403594771242,7.323249245852186,3.3751289592760148,3.4100522875817,4.332320010055302,3.922764705882352,3.455949723479136,3.680643790849672,7.153942810457514,6.212377450980389,6.635596279537452,11.779241452991451,4.761178858722976,6.674951231774762,7.518732151835089,8.154295625942686,3.498281045751632,3.950173705379589,8.083298516842632,8.458028280542985,6.850481523378583,9.18376571141277,6.195622046254398,7.302776143790847,3.434479763700353,7.082378707893415,10.08707227249874,4.725575289089996,6.163673705379587,8.760385997988937,7.424353318250375,4.140380467571644,7.997124057315232,8.995497988939166,3.1986451734539965,9.109149446958268,4.259040723981898,8.974543614881851,3.5738719205630973,4.1150036450477625,6.175966314731019,3.76303205128205,3.343919054801406,6.147371794871796,6.443778406234288,4.140902966314728,7.1641104826546,3.815443690296631,7.893790221216691
GSM363357,11.16703871292107,10.18480656108597,8.994315485168427,9.46680769230769,6.663604952237305,9.16749648064354,7.196151835093016,9.161842760180996,4.660732905982907,5.591414529914526,9.38176985922574,8.629015962795375,6.045791603821017,6.427512694821518,10.694332076420316,5.845151960784315,6.355039969834087,8.963395173453995,8.300385495223733,6.323045625942685,3.818828808446455,4.105430618401211,6.893403594771242,7.529249245852186,3.2711289592760147,3.2790522875817003,4.244320010055302,3.858764705882352,3.667949723479136,3.4986437908496724,7.1999428104575145,4.84437745098039,6.525596279537452,9.89224145299145,5.081178858722976,6.507951231774762,7.046732151835089,6.088295625942685,3.634281045751632,4.407173705379589,7.1942985168426326,7.684028280542985,7.191481523378583,10.021765711412767,5.1256220462543975,6.668776143790848,3.017479763700353,8.207378707893415,10.609072272498745,4.729575289089996,5.2686737053795865,8.744385997988937,5.811353318250376,3.247380467571644,7.034124057315232,8.825497988939166,3.1466451734539964,9.063149446958269,4.442040723981898,8.02054361488185,3.871871920563098,3.972003645047762,6.479966314731018,3.44403205128205,3.2829190548014062,5.424371794871796,3.458778406234288,4.286902966314728,7.437110482654599,5.337443690296631,8.689790221216692
GSM363080,11.019038712921068,10.21580656108597,8.906315485168427,10.031807692307687,11.231604952237303,9.224496480643538,7.550151835093016,9.027842760180995,5.367732905982907,5.923414529914527,8.45676985922574,7.480015962795376,8.327791603821016,8.161512694821518,9.794332076420314,4.183151960784315,5.719039969834087,7.173395173453995,8.62438549522373,5.977045625942685,8.931828808446454,4.1324306184012105,4.774403594771242,6.864249245852186,3.617128959276015,3.4960522875817004,4.043320010055301,4.248764705882351,3.602949723479136,3.670643790849673,8.316942810457515,6.981377450980389,6.453596279537453,10.434241452991452,5.018178858722976,6.906951231774762,8.39773215183509,6.923295625942685,3.660281045751632,4.098173705379589,9.175298516842634,9.918028280542984,6.862481523378582,9.553765711412767,4.555622046254397,6.211776143790847,3.133479763700353,7.581378707893415,10.624072272498744,4.272575289089996,4.555673705379586,8.675385997988938,5.396353318250376,3.912380467571644,9.993124057315232,9.526497988939166,3.0056451734539964,9.628149446958268,4.581040723981898,7.075543614881851,3.814871920563097,5.3650036450477625,6.752966314731019,3.5070320512820503,3.2769190548014064,5.267371794871796,3.879778406234288,3.818902966314728,6.252110482654599,4.005443690296631,8.753790221216692
GSM363125,11.361038712921069,9.44780656108597,9.009315485168427,9.80580769230769,7.509604952237305,8.70349648064354,7.788151835093015,8.738842760180995,6.967732905982906,6.000414529914527,9.188769859225742,8.503015962795375,7.672791603821016,6.890512694821518,10.293332076420311,4.920151960784315,6.615039969834087,9.966395173453996,7.860385495223731,5.696045625942684,3.663828808446455,4.828430618401211,4.001403594771242,7.527249245852186,4.346128959276014,3.5050522875817003,3.747320010055301,3.959764705882352,3.790949723479136,3.959643790849672,6.142942810457514,7.183377450980389,7.125596279537453,10.840241452991451,5.204178858722976,7.481951231774762,7.874732151835089,7.926295625942685,3.904281045751632,6.811173705379589,6.967298516842633,9.477028280542983,7.671481523378582,9.62176571141277,5.696622046254397,6.945776143790847,6.738479763700353,8.477378707893415,10.559072272498742,4.339575289089996,5.8646737053795865,9.202385997988936,7.412353318250376,3.869380467571644,7.078124057315232,8.769497988939166,3.3086451734539963,8.833149446958268,4.701040723981898,8.977543614881851,3.979871920563097,5.029003645047762,5.692966314731018,4.21403205128205,3.3749190548014063,5.953371794871796,3.932778406234288,4.173902966314729,7.5411104826546,4.524443690296631,8.279790221216691
GSM363106,11.255038712921069,10.42780656108597,8.567315485168427,10.060807692307687,7.123604952237305,7.520496480643539,7.215151835093016,9.093842760180996,4.875732905982907,4.019414529914526,9.194769859225742,8.169015962795376,6.975791603821016,7.0385126948215175,11.189332076420314,4.253151960784315,5.911039969834087,5.196395173453995,8.96138549522373,5.889045625942685,3.4278288084464545,3.982430618401211,3.139403594771242,7.045249245852186,4.066128959276015,3.3960522875817003,3.739320010055301,3.1677647058823517,3.543949723479136,3.540643790849672,6.209942810457514,4.712377450980389,7.450596279537453,12.177241452991453,5.0141788587229765,8.222951231774761,6.868732151835089,6.527295625942685,3.664281045751632,7.1591737053795885,4.8402985168426325,6.879028280542985,7.4274815233785825,8.59176571141277,4.915622046254398,8.385776143790848,3.569479763700353,6.591378707893415,10.384072272498742,4.112575289089996,5.345673705379586,9.70638599798894,5.823353318250375,4.102380467571644,4.933124057315232,9.514497988939166,2.955645173453996,9.207149446958269,4.781040723981898,7.950543614881851,4.689871920563097,4.580003645047762,6.730966314731019,4.1140320512820505,3.359919054801406,5.981371794871796,3.2717784062342883,4.163902966314728,7.631110482654599,3.907443690296631,6.922790221216691
GSM362988,11.825038712921067,8.45280656108597,9.737315485168429,10.97880769230769,8.199604952237305,8.67449648064354,9.085151835093017,9.360842760180995,6.025732905982906,6.279414529914527,9.229769859225742,8.348015962795376,7.355791603821016,8.661512694821518,10.050332076420316,4.051151960784315,6.183039969834088,7.226395173453995,9.239385495223733,6.938045625942684,4.733828808446455,5.259430618401211,3.3794035947712424,6.565249245852186,3.4791289592760144,3.0840522875817005,3.711320010055301,4.149764705882351,3.254949723479136,3.9926437908496726,8.707942810457514,5.0673774509803895,6.644596279537453,10.397241452991452,4.430178858722976,8.166951231774764,5.708732151835089,4.355295625942685,4.340281045751632,6.8851737053795885,6.145298516842633,8.853028280542985,8.069481523378581,10.14176571141277,5.010622046254397,8.424776143790847,3.118479763700353,8.124378707893415,8.33407227249874,3.878575289089996,5.524673705379587,8.095385997988938,7.153353318250376,4.014380467571644,6.470124057315232,8.751497988939166,3.185645173453996,8.469149446958268,6.367040723981899,8.27954361488185,4.125871920563097,4.621003645047762,5.855966314731019,3.61303205128205,3.4579190548014065,4.652371794871796,5.187778406234288,4.072902966314729,6.2831104826546,4.00344369029663,8.320790221216692
GSM363107,11.782038712921068,8.87180656108597,8.043315485168428,9.74580769230769,6.834604952237306,7.707496480643539,7.507151835093015,8.597842760180995,5.977732905982906,3.871414529914526,9.16176985922574,8.735015962795377,6.872791603821017,6.864512694821518,9.772332076420314,6.717151960784315,8.155039969834087,8.799395173453995,8.623385495223733,6.101045625942684,3.725828808446455,6.139430618401211,3.780403594771242,7.069249245852186,3.7811289592760144,3.6400522875817,4.653320010055301,4.079764705882352,3.548949723479136,3.643643790849672,6.805942810457514,6.372377450980389,6.8965962795374525,11.914241452991453,5.3091788587229765,7.345951231774762,6.950732151835089,4.325295625942685,4.264281045751632,5.261173705379588,7.269298516842633,9.475028280542984,6.670481523378583,9.84076571141277,7.130622046254397,6.607776143790847,3.625479763700353,8.678378707893415,8.565072272498742,4.556575289089996,4.718673705379587,9.69638599798894,6.736353318250376,3.770380467571644,7.135124057315232,9.694497988939164,2.9416451734539963,9.079149446958269,6.648040723981898,8.45754361488185,4.331871920563097,5.893003645047762,6.329966314731019,4.32303205128205,3.1569190548014063,4.251371794871796,7.272778406234289,3.902902966314728,6.4831104826546,3.686443690296631,8.070790221216692
GSM363355,11.66703871292107,10.38980656108597,8.190315485168428,10.46080769230769,7.484604952237306,9.04849648064354,9.096151835093016,10.108842760180996,5.250732905982907,5.425414529914526,9.11576985922574,8.669015962795376,7.315791603821016,7.928512694821518,10.730332076420314,6.075151960784315,6.939039969834087,8.661395173453995,8.873385495223733,6.547045625942684,4.288828808446454,5.18543061840121,3.0934035947712424,7.368249245852186,3.6271289592760154,3.3480522875817003,4.240320010055301,3.9697647058823513,3.354949723479136,3.4466437908496723,8.514942810457516,6.489377450980389,7.298596279537453,12.176241452991452,5.375178858722976,7.482951231774762,8.123732151835089,4.246295625942685,3.371281045751632,6.693173705379588,7.543298516842633,8.852028280542985,6.022481523378582,8.26076571141277,5.520622046254397,7.982776143790847,3.595479763700353,8.096378707893415,8.044072272498742,4.387575289089996,4.569673705379587,8.390385997988938,5.709353318250376,3.825380467571644,7.546124057315232,9.532497988939166,3.0166451734539965,8.887149446958269,4.388040723981899,8.85154361488185,3.857871920563097,4.199003645047762,6.8929663147310185,3.9300320512820495,3.279919054801406,8.008371794871795,4.536778406234288,4.182902966314728,6.143110482654599,5.106443690296631,8.520790221216691
GSM363087,10.723038712921069,9.20780656108597,7.839315485168427,9.656807692307687,7.290604952237306,7.867496480643539,7.657151835093015,8.949842760180996,5.345732905982906,4.805414529914526,8.297769859225742,7.802015962795376,6.333791603821017,5.125512694821518,10.790332076420317,4.2301519607843145,7.675039969834088,8.192395173453995,7.9673854952237315,6.942045625942685,4.717828808446455,4.340430618401211,3.381403594771242,6.6482492458521865,3.5111289592760144,4.0140522875817,4.010320010055301,5.056764705882351,3.567949723479136,3.5576437908496725,5.867942810457515,5.40037745098039,5.716596279537453,11.878241452991452,5.033178858722976,5.918951231774762,6.544732151835089,7.601295625942685,3.575281045751632,5.9621737053795885,7.867298516842633,9.193028280542984,8.160481523378582,8.83076571141277,5.084622046254397,7.101776143790848,4.423479763700353,6.523378707893415,8.794072272498742,5.189575289089996,6.3006737053795865,8.879385997988939,5.337353318250376,3.325380467571644,6.990124057315232,8.238497988939166,3.972645173453997,8.591149446958267,4.280040723981898,9.23254361488185,3.768871920563097,4.0140036450477625,5.588966314731018,3.7490320512820494,3.5549190548014065,5.647371794871796,5.469778406234288,4.418902966314729,6.7701104826546,4.731443690296631,8.570790221216692
GSM363268,11.029038712921068,9.27680656108597,8.691315485168428,9.93180769230769,6.942604952237305,7.916496480643539,8.077151835093016,9.780842760180995,4.938732905982906,5.962414529914526,8.496769859225742,8.539015962795375,8.100791603821017,7.019512694821518,10.321332076420314,3.455151960784315,4.097039969834087,5.595395173453995,9.23138549522373,6.009045625942685,3.624828808446455,3.472430618401211,3.7314035947712414,7.365249245852186,4.003128959276014,3.4330522875817,4.236320010055302,3.728764705882351,3.469949723479136,3.4656437908496724,7.423942810457515,5.97737745098039,5.929596279537453,11.954241452991452,5.395178858722976,7.365951231774762,7.180732151835089,5.286295625942684,3.499281045751632,6.176173705379588,6.443298516842633,7.757028280542984,5.758481523378583,9.31776571141277,5.5006220462543975,8.329776143790847,7.242479763700353,7.241378707893415,10.134072272498742,4.812575289089996,5.828673705379587,8.503385997988937,5.750353318250376,5.212380467571644,6.159124057315232,9.248497988939166,3.0096451734539964,9.521149446958267,4.310040723981898,9.256543614881853,3.958871920563097,4.492003645047762,6.163966314731018,3.46403205128205,3.2829190548014062,5.256371794871796,3.659778406234288,4.0299029663147286,6.417110482654599,4.747443690296631,7.901790221216691
GSM363015,11.291038712921068,9.43480656108597,8.247315485168427,9.63680769230769,7.4886049522373055,9.04049648064354,8.280151835093015,8.895842760180996,6.948732905982906,4.828414529914526,8.319769859225742,8.698015962795376,5.990791603821017,7.132512694821518,10.815332076420312,6.284151960784315,7.415039969834088,8.949395173453995,6.944385495223732,5.952045625942684,3.364828808446455,3.551430618401211,3.2194035947712423,6.761249245852186,3.880128959276015,3.6300522875817,4.133320010055301,3.5697647058823514,3.364949723479136,3.4666437908496723,7.427942810457514,7.098377450980389,6.683596279537452,9.979241452991452,5.132178858722976,6.289951231774762,5.964732151835089,5.684295625942685,3.622281045751632,7.356173705379589,6.163298516842633,9.421028280542984,7.068481523378583,7.679765711412769,6.523622046254397,7.288776143790847,5.305479763700353,8.641378707893415,10.30207227249874,4.449575289089996,4.371673705379587,8.427385997988939,7.266353318250376,4.066380467571643,6.500124057315232,9.050497988939163,3.2846451734539963,8.322149446958267,4.484040723981899,8.64454361488185,3.547871920563097,4.928003645047762,6.716966314731018,4.05903205128205,3.0799190548014064,4.663371794871796,3.1867784062342883,3.776902966314728,6.9481104826546,4.116443690296631,8.292790221216691
GSM363014,10.86303871292107,10.07380656108597,8.573315485168427,10.44480769230769,7.226604952237306,8.410496480643538,8.760151835093016,8.508842760180995,7.669732905982906,6.694414529914527,8.12376985922574,7.550015962795376,6.580791603821017,8.402512694821517,10.580332076420314,7.128151960784315,8.130039969834087,9.771395173453996,6.506385495223731,5.885045625942684,3.652828808446455,6.2414306184012105,4.2134035947712425,7.306249245852186,4.337128959276015,3.3650522875817,4.467320010055301,3.708764705882351,3.216949723479136,3.839643790849673,6.676942810457515,7.117377450980389,7.036596279537452,11.102241452991452,4.586178858722977,7.216951231774762,6.987732151835089,5.490295625942685,3.763281045751632,6.693173705379588,6.471298516842633,9.430028280542984,6.572481523378582,8.49376571141277,6.801622046254398,7.786776143790847,4.445479763700353,7.533378707893415,8.272072272498743,4.578575289089995,6.498673705379587,8.696385997988939,6.892353318250375,3.826380467571644,6.050124057315232,9.094497988939166,3.0546451734539963,8.903149446958269,3.783040723981898,8.63254361488185,3.580871920563097,6.287003645047762,6.369966314731019,3.65103205128205,3.2729190548014064,4.469371794871796,4.068778406234288,3.762902966314728,8.1321104826546,5.643443690296631,7.576790221216692
GSM363364,10.451038712921068,9.98580656108597,8.038315485168427,8.653807692307689,7.864604952237306,8.30849648064354,7.803151835093016,7.872842760180996,6.131732905982906,5.446414529914526,9.005769859225742,8.266015962795375,7.618791603821016,6.912512694821518,9.628332076420314,6.265151960784315,7.695039969834087,4.129395173453996,7.205385495223731,6.047045625942684,4.017828808446454,5.711430618401211,6.310403594771242,7.144249245852186,4.180128959276015,3.726052287581701,6.506320010055301,7.672764705882352,3.636949723479136,3.241643790849672,7.433942810457514,5.603377450980389,6.938596279537452,9.356241452991451,5.368178858722977,7.282951231774762,6.812732151835089,6.114295625942685,3.703281045751632,3.805173705379589,7.141298516842633,8.937028280542984,4.840481523378583,7.538765711412769,4.737622046254398,7.821776143790847,6.920479763700353,7.658378707893415,4.847072272498743,4.812575289089996,5.9656737053795865,8.709385997988939,6.999353318250376,5.889380467571644,7.215124057315232,8.883497988939165,3.3976451734539963,9.270149446958268,3.893040723981898,7.54454361488185,3.878871920563097,4.606003645047762,6.069966314731018,3.3770320512820504,3.339919054801406,3.936371794871796,5.093778406234288,4.156902966314728,8.072110482654601,4.641443690296631,7.9077902212166915
GSM363034,11.377038712921069,9.94580656108597,8.552315485168426,10.01380769230769,7.042604952237306,8.161496480643539,9.118151835093016,8.672842760180995,5.536732905982906,4.687414529914526,8.981769859225741,8.744015962795375,6.133791603821017,6.880512694821518,10.550332076420316,5.207151960784315,5.843039969834088,10.523395173453997,7.381385495223731,6.6040456259426845,3.895828808446455,3.2554306184012107,4.192403594771243,6.678249245852186,4.542128959276015,3.2170522875817005,5.142320010055301,3.2767647058823512,3.211949723479136,3.827643790849673,6.397942810457514,7.63437745098039,6.2345962795374525,8.790241452991452,4.859178858722976,7.767951231774762,6.210732151835089,4.9092956259426845,3.064281045751632,5.713173705379589,5.301298516842633,8.828028280542984,7.6854815233785825,9.49376571141277,4.8356220462543975,5.991776143790847,3.032479763700353,9.671378707893416,9.158072272498742,4.024575289089996,4.703673705379587,9.213385997988938,6.018353318250376,3.878380467571644,6.2591240573152325,9.055497988939166,3.3936451734539963,8.812149446958268,3.7240407239818976,8.66454361488185,4.341871920563097,5.621003645047762,6.732966314731018,3.7770320512820494,3.0839190548014064,4.776371794871796,5.781778406234288,3.620902966314728,7.849110482654599,7.433443690296631,7.661790221216692
GSM363078,11.391038712921068,10.12880656108597,8.408315485168428,10.32280769230769,7.789604952237306,8.664496480643539,8.901151835093016,9.671842760180995,6.258732905982907,4.418414529914527,7.970769859225741,8.417015962795375,6.945791603821016,7.156512694821518,10.060332076420314,5.663151960784315,6.576039969834088,6.024395173453995,8.663385495223732,5.584045625942684,3.932828808446455,3.5824306184012107,3.225403594771242,6.6192492458521865,3.986128959276015,3.3970522875817,6.685320010055301,12.021764705882353,3.322949723479136,3.849643790849672,7.413942810457514,6.19837745098039,7.268596279537452,11.784241452991452,4.834178858722976,5.9899512317747625,7.466732151835089,3.954295625942685,3.466281045751632,8.256173705379588,9.985298516842631,8.892028280542984,7.328481523378582,8.40776571141277,6.897622046254398,8.471776143790848,3.677479763700353,8.053378707893415,10.194072272498744,4.382575289089996,5.688673705379586,8.707385997988938,5.917353318250376,4.483380467571644,10.238124057315233,9.021497988939164,2.979645173453996,8.616149446958268,4.198040723981898,8.61754361488185,6.439871920563097,6.286003645047762,7.640966314731019,3.75503205128205,3.1159190548014064,4.139371794871796,8.196778406234287,3.4819029663147285,6.673110482654599,4.669443690296631,6.952790221216691
GSM363202,11.035038712921068,9.91080656108597,7.972315485168426,9.72680769230769,7.625604952237306,8.00249648064354,8.338151835093015,8.421842760180995,5.206732905982906,4.384414529914526,9.19076985922574,8.424015962795377,7.404791603821017,6.617512694821518,10.811332076420314,6.123151960784315,8.487039969834088,8.660395173453995,6.2623854952237314,6.928045625942684,3.629828808446455,6.635430618401211,3.075403594771242,7.943249245852186,4.162128959276014,3.5050522875817003,4.346320010055301,4.105764705882351,4.173949723479136,4.086643790849672,6.113942810457514,6.35537745098039,6.906596279537452,10.632241452991453,5.529178858722976,8.168951231774763,6.654732151835089,5.186295625942685,4.240281045751632,4.666173705379588,7.561298516842632,7.380028280542985,5.766481523378583,9.508765711412767,5.720622046254397,7.439776143790848,3.303479763700353,8.322378707893415,8.130072272498744,3.862575289089996,4.607673705379587,8.048385997988937,6.158353318250375,4.454380467571644,8.208124057315231,8.859497988939166,2.8356451734539965,9.333149446958268,4.926040723981898,8.18654361488185,4.432871920563097,4.831003645047762,6.277966314731018,4.4250320512820505,3.1839190548014065,5.242371794871796,7.001778406234288,3.658902966314729,7.5311104826546,5.591443690296631,8.442790221216692
GSM363332,11.525038712921068,10.06680656108597,8.558315485168427,10.10980769230769,7.2866049522373055,8.77549648064354,7.841151835093015,8.860842760180995,6.310732905982906,4.065414529914527,9.23576985922574,7.977015962795376,5.517791603821016,6.002512694821518,11.182332076420314,4.994151960784315,6.329039969834088,8.324395173453995,8.79838549522373,5.778045625942684,3.823828808446455,3.875430618401211,3.153403594771242,8.130249245852186,4.061128959276014,3.0030522875817,4.005320010055302,3.4857647058823518,3.351949723479136,3.4506437908496723,6.012942810457514,5.48837745098039,7.298596279537453,8.832241452991452,5.169178858722976,6.426951231774762,7.115732151835089,5.0552956259426844,3.769281045751632,4.732173705379588,6.2632985168426325,9.618028280542983,5.075481523378582,10.02276571141277,5.675622046254397,8.639776143790847,4.951479763700353,7.389378707893415,9.243072272498743,4.843575289089996,4.903673705379587,8.527385997988938,5.796353318250375,3.880380467571644,5.976124057315232,9.680497988939166,2.8596451734539965,10.163149446958268,4.802040723981898,7.94654361488185,3.933871920563097,4.783003645047762,6.817966314731018,3.75003205128205,3.2809190548014064,5.022371794871796,3.483778406234288,3.4809029663147286,6.673110482654599,3.735443690296631,9.238790221216693
GSM363313,10.646038712921069,8.96680656108597,7.3213154851684275,10.20580769230769,7.4726049522373055,7.316496480643539,9.646151835093017,9.121842760180996,6.6147329059829065,5.594414529914526,7.489769859225741,8.064015962795375,6.7367916038210165,5.782512694821518,10.329332076420314,6.431151960784315,7.928039969834087,4.099395173453996,6.821385495223732,6.094045625942685,3.609828808446455,5.92743061840121,4.219403594771242,7.252249245852186,4.387128959276015,3.3040522875817,4.075320010055301,6.638764705882352,3.445949723479136,3.7506437908496726,6.733942810457514,5.987377450980389,6.673596279537453,12.186241452991451,5.752178858722976,7.094951231774762,6.392732151835089,5.157295625942685,3.739281045751632,5.148173705379588,7.271298516842632,8.686028280542985,4.766481523378583,8.56476571141277,4.958622046254398,8.225776143790847,3.227479763700353,7.753378707893415,6.212072272498742,4.379575289089996,5.078673705379587,8.183385997988937,7.915353318250376,3.827380467571644,7.228124057315232,8.972497988939166,2.8816451734539963,8.554149446958268,4.3610407239818985,8.38554361488185,4.715871920563097,5.618003645047763,6.456966314731019,4.09503205128205,3.2249190548014064,4.787371794871796,4.375778406234288,3.5699029663147286,7.0041104826546,4.425443690296631,7.515790221216691
GSM363017,11.172038712921069,9.60480656108597,8.852315485168427,10.78480769230769,7.998604952237306,9.03749648064354,9.517151835093015,9.737842760180996,8.022732905982906,5.800414529914526,9.53676985922574,9.334015962795377,6.8007916038210166,6.534512694821518,10.695332076420314,4.769151960784315,5.503039969834087,8.740395173453996,8.387385495223732,6.762045625942684,3.828828808446455,4.679430618401211,3.5044035947712424,7.823249245852186,5.280128959276015,3.867052287581701,4.511320010055301,4.115764705882351,3.742949723479136,4.224643790849672,6.855942810457514,7.353377450980389,6.926596279537453,11.915241452991452,6.162178858722976,6.304951231774762,7.470732151835089,7.225295625942684,3.624281045751632,6.1911737053795886,8.927298516842633,10.724028280542983,6.056481523378582,7.85976571141277,4.525622046254397,7.121776143790847,4.626479763700353,8.240378707893415,8.035072272498741,4.332575289089996,5.593673705379587,8.972385997988939,7.030353318250375,4.010380467571643,9.15812405731523,8.981497988939166,3.847645173453997,9.267149446958268,6.203040723981898,8.16454361488185,5.627871920563097,5.496003645047762,7.649966314731018,4.17703205128205,3.4299190548014065,5.273371794871796,3.609778406234288,3.961902966314729,6.958110482654599,5.860443690296631,7.182790221216692
GSM363294,11.466038712921067,9.16580656108597,9.033315485168428,9.91280769230769,7.761604952237305,8.533496480643539,8.749151835093015,8.633842760180995,7.613732905982906,6.673414529914527,8.608769859225742,8.668015962795376,7.679791603821016,7.114512694821518,10.364332076420316,4.695151960784315,6.251039969834087,11.230395173453996,7.509385495223731,6.408045625942685,3.909828808446455,5.472430618401211,3.405403594771242,7.316249245852186,4.547128959276015,3.7240522875817,4.342320010055301,5.686764705882351,3.502949723479136,3.484643790849673,7.350942810457514,8.334377450980389,7.240596279537453,10.263241452991451,6.400178858722976,7.295951231774763,6.943732151835089,6.912295625942685,3.549281045751632,5.955173705379589,6.058298516842632,10.885028280542985,9.72048152337858,8.71976571141277,4.886622046254398,7.254776143790847,5.219479763700353,8.906378707893415,9.326072272498742,4.433575289089996,5.310673705379587,8.711385997988938,7.424353318250375,4.148380467571644,6.024124057315232,9.470497988939163,5.3596451734539965,8.649149446958267,6.271040723981899,8.111543614881851,3.911871920563097,5.018003645047762,6.206966314731019,3.85903205128205,3.299919054801406,5.024371794871796,5.373778406234289,4.711902966314728,7.337110482654599,7.189443690296631,7.079790221216691
GSM363330,11.156038712921069,9.49580656108597,8.737315485168427,8.903807692307689,8.064604952237305,9.85349648064354,7.168151835093015,8.408842760180995,5.662732905982907,6.802414529914526,8.742769859225742,8.057015962795376,7.628791603821017,8.350512694821518,11.281332076420314,5.302151960784315,7.362039969834087,5.494395173453995,9.133385495223733,5.059045625942685,3.6578288084464554,4.133430618401211,3.677403594771242,6.800249245852186,4.665128959276014,3.4390522875817005,3.8943200100553015,4.020764705882352,3.528949723479136,4.083643790849672,6.825942810457515,4.1313774509803896,7.264596279537453,11.990241452991452,5.136178858722976,6.445951231774762,7.828732151835089,5.226295625942685,3.859281045751632,5.139173705379588,4.992298516842633,8.970028280542985,4.517481523378582,9.32576571141277,4.933622046254397,8.251776143790847,3.487479763700353,9.046378707893416,10.43607227249874,4.351575289089996,5.163673705379587,8.820385997988938,5.839353318250375,3.795380467571644,4.529124057315232,10.152497988939166,2.8636451734539965,9.106149446958268,4.428040723981899,8.005543614881852,3.813871920563097,5.516003645047762,6.813966314731019,3.79403205128205,3.1799190548014065,4.948371794871796,3.336778406234288,3.650902966314729,7.0681104826546,4.611443690296631,9.88679022121669
GSM363360,11.70303871292107,9.74280656108597,8.607315485168428,9.99780769230769,7.888604952237306,7.989496480643539,7.447151835093015,7.883842760180996,6.935732905982906,5.108414529914526,8.229769859225742,8.226015962795376,7.158791603821016,7.517512694821518,10.370332076420311,7.039151960784315,7.861039969834088,7.701395173453995,7.611385495223732,6.084045625942684,3.5118288084464546,3.805430618401211,2.9774035947712423,7.179249245852186,3.5461289592760146,6.332052287581701,3.998320010055301,3.746764705882352,3.246949723479136,3.488643790849673,6.573942810457514,6.24637745098039,7.970596279537452,11.315241452991453,4.816178858722976,6.702951231774763,7.945732151835089,5.3692956259426845,3.447281045751632,7.081173705379588,6.541298516842633,8.909028280542985,6.418481523378582,8.335765711412769,6.322622046254398,7.893776143790848,4.696479763700353,6.855378707893415,10.28207227249874,4.527575289089996,5.0426737053795865,8.941385997988938,5.532353318250376,3.559380467571644,6.379124057315233,9.282497988939166,3.2786451734539965,8.508149446958267,6.521040723981899,8.34754361488185,3.632871920563097,4.837003645047762,6.013966314731018,3.3210320512820504,3.4519190548014063,5.204371794871796,4.549778406234288,3.9689029663147286,6.4541104826546,3.5284436902966307,7.057790221216692
GSM363008,10.198038712921068,8.92580656108597,8.796315485168428,9.58880769230769,6.756604952237305,7.675496480643539,9.862151835093016,9.038842760180996,5.8887329059829066,6.382414529914526,8.367769859225742,7.734015962795376,7.285791603821017,6.702512694821518,9.028332076420314,4.648151960784315,5.871039969834087,8.837395173453995,8.88238549522373,7.3540456259426845,8.364828808446454,3.790430618401211,3.8844035947712414,6.477249245852186,4.502128959276015,3.5930522875817004,4.913320010055301,6.520764705882352,4.492949723479136,4.270643790849673,7.181942810457515,8.07037745098039,5.845596279537452,10.467241452991452,6.481178858722976,5.411951231774762,6.612732151835089,6.029295625942685,3.975281045751632,6.435173705379588,8.072298516842633,9.818028280542984,7.540481523378582,8.19076571141277,4.6946220462543975,5.956776143790847,7.159479763700353,9.378378707893416,9.17707227249874,5.030575289089996,5.431673705379587,7.990385997988938,6.034353318250376,5.075380467571644,7.877124057315232,8.744497988939166,4.132645173453996,8.626149446958268,6.418040723981898,8.483543614881851,4.916871920563097,5.289003645047762,5.929966314731018,4.5900320512820505,3.2409190548014064,5.994371794871796,4.3257784062342886,5.115902966314729,7.4141104826546,4.947443690296631,7.243790221216692
GSM363143,10.09003871292107,8.03580656108597,7.963315485168428,11.02680769230769,7.237604952237305,8.195496480643538,8.754151835093015,7.402842760180995,7.565732905982906,6.352414529914526,7.768769859225741,10.437015962795376,6.934791603821017,7.457512694821518,9.437332076420311,4.891151960784315,5.952039969834088,5.884395173453996,8.901385495223732,7.5030456259426845,3.969828808446455,4.658430618401211,6.9314035947712425,8.554249245852185,4.406128959276015,3.891052287581701,5.453320010055301,4.167764705882352,3.838949723479136,4.461643790849672,7.103942810457514,8.129377450980389,6.919596279537452,10.070241452991452,5.6231788587229765,7.524951231774762,8.198732151835088,4.7922956259426845,3.992281045751632,8.311173705379588,7.946298516842632,9.406028280542984,7.747481523378583,9.06476571141277,5.059622046254398,7.996776143790848,5.237479763700353,8.742378707893415,7.219072272498742,4.440575289089995,5.282673705379587,8.138385997988937,7.603353318250376,5.468380467571643,8.06212405731523,8.554497988939167,5.027645173453997,8.987149446958268,6.225040723981898,8.97554361488185,5.098871920563097,6.158003645047762,6.555966314731019,4.86003205128205,4.245919054801407,5.513371794871796,4.183778406234288,5.030902966314728,7.0171104826546,4.026443690296631,7.515790221216691
GSM363127,12.032038712921068,9.78180656108597,9.420315485168429,10.94780769230769,7.414604952237306,8.61349648064354,7.204151835093016,9.432842760180996,5.9337329059829065,4.061414529914527,9.70976985922574,8.655015962795376,6.572791603821017,7.415512694821518,11.350332076420312,4.058151960784315,4.893039969834088,7.267395173453996,9.517385495223731,6.451045625942684,3.492828808446455,3.806430618401211,3.6944035947712415,7.014249245852186,4.015128959276015,3.3620522875817,4.474320010055301,4.057764705882351,3.434949723479136,3.4536437908496724,7.966942810457515,5.1923774509803895,6.8515962795374525,11.375241452991451,4.9581788587229765,6.890951231774762,8.01973215183509,5.787295625942685,3.741281045751632,6.334173705379588,6.689298516842633,7.715028280542985,8.058481523378582,9.25176571141277,5.005622046254397,7.519776143790848,3.010479763700353,7.972378707893415,11.542072272498745,3.851575289089996,5.005673705379587,9.308385997988935,6.995353318250376,3.3023804675716435,7.205124057315232,9.231497988939166,2.8796451734539965,8.916149446958268,5.5660407239818985,7.87454361488185,4.195871920563097,4.829003645047762,6.703966314731018,3.91103205128205,3.2249190548014064,5.109371794871796,6.666778406234288,4.092902966314728,6.447110482654599,7.970443690296631,9.880790221216692
GSM363102,11.669038712921068,9.674806561085967,8.876315485168428,11.36080769230769,6.906604952237306,7.475496480643539,8.246151835093016,8.428842760180995,5.210732905982907,3.8774145299145264,8.445769859225742,8.143015962795376,8.242791603821017,7.484512694821518,9.648332076420314,5.8471519607843145,6.317039969834087,9.532395173453995,6.383385495223731,7.1120456259426845,3.795828808446455,5.668430618401211,4.062403594771242,7.423249245852186,5.546128959276015,3.649052287581701,5.237320010055301,5.767764705882351,3.598949723479136,3.707643790849672,8.321942810457514,6.555377450980389,6.673596279537453,11.225241452991453,4.989178858722976,7.1679512317747625,7.592732151835089,5.920295625942685,4.506281045751632,6.878173705379588,6.893298516842632,8.938028280542985,7.147481523378582,9.191765711412769,6.211622046254398,8.056776143790847,3.231479763700353,8.783378707893416,5.458072272498742,4.251575289089995,6.262673705379587,8.014385997988938,7.181353318250376,3.558380467571644,6.421124057315232,9.167497988939166,3.2126451734539963,9.410149446958268,4.212040723981898,7.936543614881851,4.365871920563097,6.543003645047762,6.021966314731018,3.93503205128205,3.5989190548014065,5.773371794871796,8.252778406234288,4.291902966314728,7.359110482654599,8.70044369029663,8.88679022121669
GSM363151,11.11303871292107,9.52280656108597,8.658315485168428,10.57580769230769,7.937604952237305,8.655496480643539,7.277151835093015,9.755842760180997,5.476732905982907,4.401414529914526,9.10776985922574,9.008015962795376,5.865791603821017,7.098512694821518,10.480332076420314,5.3631519607843146,6.720039969834088,5.175395173453995,9.242385495223733,5.918045625942685,3.671828808446455,3.321430618401211,4.778403594771242,7.531249245852186,3.711128959276015,3.8980522875817,6.0713200100553015,4.367764705882351,3.381949723479136,3.729643790849672,5.963942810457515,5.65537745098039,7.589596279537452,12.302241452991453,4.879178858722976,6.4739512317747625,7.341732151835089,5.979295625942685,3.763281045751632,7.212173705379588,6.822298516842633,8.121028280542985,4.677481523378583,9.85576571141277,4.895622046254397,6.693776143790847,2.806479763700353,7.132378707893415,9.673072272498745,4.141575289089996,6.016673705379587,8.689385997988937,6.266353318250376,3.651380467571644,7.320124057315232,9.420497988939166,3.0916451734539963,8.694149446958267,4.317040723981898,8.44054361488185,3.876871920563097,6.292003645047762,6.367966314731018,4.27503205128205,3.109919054801406,4.901371794871796,3.2107784062342883,3.9769029663147286,6.2781104826546,6.265443690296631,8.408790221216691
GSM363124,10.81803871292107,8.60580656108597,7.9543154851684275,9.28280769230769,7.720604952237306,8.434496480643539,8.065151835093015,8.649842760180995,8.020732905982907,6.557414529914526,8.236769859225742,8.092015962795376,6.661791603821016,5.451512694821518,9.177332076420312,5.362151960784315,6.769039969834087,7.750395173453995,6.715385495223732,6.815045625942685,3.739828808446455,4.751430618401211,3.655403594771242,7.0632492458521865,4.406128959276015,3.2480522875817,5.482320010055301,6.595764705882352,4.645949723479136,4.207643790849672,7.1999428104575145,8.44937745098039,7.7345962795374525,10.28324145299145,5.253178858722976,7.603951231774762,5.939732151835089,6.477295625942685,4.599281045751632,5.9171737053795885,9.248298516842633,10.549028280542984,6.193481523378583,9.46576571141277,5.158622046254397,6.652776143790848,3.376479763700353,8.913378707893415,5.959072272498742,4.260575289089996,6.041673705379587,8.450385997988938,5.820353318250375,3.773380467571644,9.149124057315234,9.097497988939166,3.609645173453997,10.641149446958268,5.301040723981898,7.492543614881851,4.851871920563097,5.645003645047762,5.824966314731019,4.68003205128205,3.4639190548014063,4.646371794871796,9.752778406234288,4.351902966314729,8.372110482654598,7.681443690296631,8.13679022121669
GSM712542,10.42403871292107,9.41580656108597,9.133315485168428,8.15780769230769,6.958604952237305,8.997496480643537,5.983151835093016,9.305842760180996,7.009732905982906,6.275414529914526,8.679769859225742,8.087015962795375,5.309791603821017,6.110512694821518,10.576332076420314,5.001151960784315,6.197039969834087,5.782395173453995,8.60638549522373,6.382045625942684,3.1798288084464548,4.4594306184012105,6.665403594771242,7.1802492458521865,3.864128959276015,3.3410522875817,4.5313200100553015,4.265764705882352,3.737949723479136,5.018643790849673,5.852942810457514,4.77237745098039,7.173596279537453,10.508241452991452,5.0061788587229765,6.799951231774762,6.327732151835089,4.593295625942685,3.327281045751632,7.019173705379588,7.007298516842633,8.151028280542985,7.591481523378582,9.45276571141277,4.814622046254398,6.153776143790847,3.360479763700353,6.608378707893415,10.694072272498744,4.353575289089996,4.450673705379587,8.330385997988937,4.950353318250376,3.5683804675716435,7.231124057315232,7.996497988939167,3.225645173453996,9.612149446958268,4.168040723981898,8.877543614881851,3.539871920563097,5.128003645047762,5.604966314731018,4.07303205128205,3.8939190548014064,5.941371794871796,3.277778406234288,3.809902966314728,5.4461104826546,3.836443690296631,7.505790221216691
GSM363335,10.745038712921067,8.38280656108597,8.204315485168427,8.679807692307689,7.077604952237306,7.949496480643539,9.109151835093016,8.187842760180995,6.818732905982906,8.600414529914527,9.560769859225742,7.756015962795375,5.705791603821017,5.462512694821518,9.271332076420316,4.967151960784315,6.972039969834087,9.208395173453995,6.661385495223732,6.137045625942684,3.745828808446455,6.588430618401211,5.331403594771242,6.452249245852186,4.799128959276015,4.066052287581701,7.674320010055301,9.243764705882352,3.759949723479136,3.3216437908496723,7.653942810457514,9.283377450980389,6.4445962795374525,9.076241452991452,7.986178858722976,8.584951231774763,5.9737321518350885,8.296295625942685,3.832281045751632,4.823173705379588,5.831298516842633,9.122028280542985,9.382481523378583,8.63776571141277,4.895622046254397,5.258776143790848,4.161479763700353,10.128378707893416,6.130072272498742,5.199575289089996,6.9496737053795865,7.791385997988938,7.487353318250376,4.153380467571644,5.461124057315232,8.483497988939167,7.553645173453996,8.391149446958268,6.828040723981898,8.11054361488185,5.189871920563097,5.566003645047762,5.444966314731018,4.05603205128205,7.011919054801407,7.243371794871796,8.153778406234288,4.653902966314728,8.7861104826546,7.236443690296631,7.045790221216691
GSM363350,11.561038712921068,9.95580656108597,8.487315485168427,9.68880769230769,8.195604952237305,8.42349648064354,7.651151835093016,9.196842760180996,6.663732905982906,6.740414529914526,8.874769859225742,9.088015962795376,8.479791603821017,6.893512694821518,10.871332076420314,6.341151960784315,7.320039969834087,9.964395173453996,9.282385495223732,6.617045625942684,3.6578288084464554,4.279430618401211,3.149403594771242,7.774249245852186,3.415128959276015,4.2010522875817005,3.907320010055301,3.789764705882352,3.269949723479136,3.468643790849673,8.703942810457516,7.479377450980389,7.5055962795374525,11.084241452991453,4.866178858722976,6.745951231774762,8.80473215183509,9.077295625942686,3.505281045751632,5.992173705379589,6.996298516842633,9.131028280542983,8.368481523378584,9.95676571141277,4.790622046254398,7.789776143790847,3.570479763700353,9.282378707893416,10.11307227249874,4.310575289089996,4.565673705379587,8.861385997988938,6.007353318250376,3.504380467571644,6.773124057315232,9.297497988939163,3.011645173453996,9.676149446958268,4.142040723981898,7.689543614881851,3.491871920563097,4.307003645047762,7.088966314731018,3.57703205128205,3.6039190548014064,5.026371794871796,3.5777784062342883,3.818902966314728,6.327110482654599,6.683443690296631,8.74879022121669
GSM363386,11.21503871292107,8.48580656108597,9.605315485168427,8.70380769230769,7.284604952237306,8.358496480643538,7.548151835093015,9.589842760180996,6.249732905982906,5.559414529914527,8.73876985922574,8.290015962795376,7.228791603821016,6.434512694821518,9.715332076420314,5.526151960784315,6.616039969834088,8.955395173453995,9.67638549522373,6.680045625942684,5.201828808446455,4.070430618401211,4.876403594771242,7.021249245852186,4.158128959276015,3.2750522875817003,4.011320010055302,3.766764705882352,3.438949723479136,3.684643790849672,9.052942810457516,10.33937745098039,7.027596279537453,10.444241452991452,5.076178858722976,6.733951231774762,7.568732151835089,7.995295625942685,3.587281045751632,5.811173705379589,8.156298516842632,9.201028280542983,6.036481523378583,10.42476571141277,5.338622046254398,5.687776143790847,4.866479763700353,9.413378707893417,10.560072272498743,4.463575289089996,4.5426737053795865,9.181385997988938,6.721353318250376,3.741380467571644,8.325124057315232,9.147497988939168,3.310645173453996,8.705149446958268,6.197040723981898,8.70654361488185,4.112871920563097,4.039003645047762,6.694966314731018,3.98403205128205,3.3409190548014065,5.300371794871796,3.540778406234288,4.031902966314728,6.2991104826546,4.014443690296631,8.294790221216692
GSM363207,11.944038712921069,9.98280656108597,9.454315485168427,10.57880769230769,8.188604952237306,8.69749648064354,9.614151835093017,9.287842760180997,5.985732905982906,8.210414529914527,9.380769859225742,8.709015962795375,9.975791603821015,8.345512694821519,9.988332076420312,3.929151960784315,5.011039969834087,9.156395173453996,7.748385495223731,7.067045625942685,3.590828808446455,6.543430618401211,3.510403594771242,7.359249245852186,5.067128959276015,3.2510522875817003,3.701320010055301,3.3347647058823515,3.311949723479136,3.725643790849672,7.965942810457514,8.55737745098039,7.401596279537452,11.864241452991452,5.125178858722976,7.690951231774762,6.852732151835089,8.601295625942685,3.267281045751632,6.037173705379589,8.502298516842632,8.937028280542984,8.687481523378583,7.21676571141277,4.643622046254397,9.000776143790848,3.480479763700353,7.713378707893415,8.95307227249874,4.101575289089996,4.174673705379587,8.702385997988937,6.001353318250375,4.073380467571644,8.77712405731523,10.060497988939169,2.8166451734539963,8.937149446958268,4.279040723981899,9.08754361488185,4.623871920563097,3.800003645047762,7.128966314731018,3.64203205128205,3.3769190548014065,8.275371794871797,4.366778406234288,3.700902966314728,7.5041104826546,3.877443690296631,9.326790221216692
GSM362986,11.598038712921069,8.99180656108597,9.091315485168428,10.46080769230769,8.069604952237306,8.49149648064354,8.413151835093016,8.846842760180996,6.422732905982906,6.768414529914526,9.33376985922574,8.450015962795376,8.706791603821017,8.144512694821518,10.274332076420317,3.629151960784315,5.074039969834088,8.854395173453995,8.183385495223732,6.4550456259426845,4.274828808446455,4.237430618401211,3.3714035947712424,7.374249245852186,3.8781289592760144,3.0100522875817,3.666320010055301,3.904764705882352,3.241949723479136,3.772643790849672,7.102942810457514,5.295377450980389,6.7345962795374525,11.469241452991453,4.548178858722976,7.210951231774763,7.419732151835089,6.767295625942685,3.459281045751632,5.214173705379588,4.454298516842632,8.546028280542984,8.058481523378582,8.34776571141277,4.360622046254398,8.221776143790848,7.094479763700353,8.945378707893415,10.504072272498744,3.765575289089996,4.953673705379587,8.575385997988938,6.635353318250376,5.968380467571643,5.369124057315232,8.660497988939166,4.112645173453997,8.735149446958268,5.374040723981898,8.87054361488185,3.864871920563097,4.540003645047762,5.417966314731019,3.5030320512820503,3.460919054801406,4.852371794871796,3.227778406234288,3.607902966314728,7.737110482654599,5.597443690296631,8.90579022121669
GSM362972,10.957038712921069,10.43080656108597,7.569315485168428,9.916807692307689,6.383604952237306,6.942496480643539,8.123151835093015,9.189842760180996,5.061732905982907,4.838414529914527,8.164769859225741,7.978015962795376,6.332791603821017,6.952512694821518,9.976332076420316,3.983151960784315,7.188039969834088,5.526395173453995,6.994385495223732,4.248045625942685,4.310828808446455,4.933430618401211,3.168403594771242,6.897249245852186,4.000128959276014,3.3710522875817004,6.022320010055301,7.373764705882351,3.673949723479136,3.961643790849672,6.097942810457514,6.79137745098039,6.644596279537453,10.442241452991452,5.195178858722977,6.084951231774762,6.794732151835089,4.883295625942685,4.429281045751631,5.429173705379588,5.836298516842633,8.606028280542985,5.712481523378583,7.88576571141277,5.269622046254398,7.968776143790848,5.043479763700353,7.117378707893415,9.684072272498742,4.273575289089996,6.059673705379587,7.414385997988938,7.295353318250376,4.381380467571644,5.137124057315233,8.921497988939166,3.5046451734539965,9.469149446958268,4.973040723981899,9.233543614881851,4.401871920563097,5.255003645047762,6.363966314731019,4.32203205128205,3.8829190548014063,4.493371794871796,3.531778406234288,3.928902966314729,8.017110482654598,5.369443690296631,9.104790221216692
GSM363186,10.641038712921068,8.55180656108597,8.402315485168428,9.31580769230769,7.280604952237305,8.04549648064354,8.588151835093015,7.9038427601809955,6.6757329059829065,7.951414529914526,9.16076985922574,7.484015962795376,6.0797916038210165,6.031512694821518,9.339332076420314,6.179151960784315,7.460039969834088,9.087395173453997,5.782385495223731,6.067045625942685,4.610828808446454,7.087430618401211,5.642403594771242,7.022249245852186,6.371128959276015,4.1000522875817005,7.399320010055301,8.897764705882352,4.894949723479136,3.752643790849672,7.631942810457514,7.832377450980389,6.364596279537452,9.377241452991452,6.646178858722976,8.414951231774761,5.888732151835089,7.1882956259426845,3.991281045751632,6.256173705379588,5.805298516842633,9.773028280542984,8.138481523378584,8.367765711412769,4.7106220462543975,6.283776143790847,5.694479763700353,10.303378707893415,7.070072272498742,5.109575289089996,6.562673705379587,7.936385997988938,7.859353318250376,4.309380467571644,6.538124057315232,8.612497988939166,6.345645173453996,8.458149446958268,6.440040723981898,8.18954361488185,4.677871920563097,5.835003645047762,5.475966314731019,4.3480320512820505,7.030919054801406,5.943371794871796,8.44277840623429,4.613902966314728,9.0761104826546,6.101443690296631,7.233790221216692
GSM363288,11.08703871292107,9.20380656108597,8.154315485168427,9.435807692307687,7.264604952237305,8.26149648064354,8.154151835093016,8.109842760180996,7.137732905982906,6.610414529914526,9.22576985922574,8.089015962795376,7.244791603821016,7.627512694821518,10.642332076420312,6.059151960784315,8.195039969834088,9.600395173453997,5.825385495223731,6.239045625942684,3.688828808446455,6.952430618401211,3.7144035947712415,6.992249245852186,5.312128959276015,3.6980522875817,4.849320010055301,4.448764705882351,3.772949723479136,4.045643790849672,7.134942810457514,6.1443774509803895,6.738596279537452,10.618241452991452,5.697178858722976,8.096951231774764,7.107732151835089,6.883295625942685,4.189281045751632,5.427173705379588,5.988298516842633,8.875028280542985,4.804481523378582,9.07876571141277,5.717622046254397,7.062776143790847,5.040479763700353,8.980378707893415,7.861072272498742,4.335575289089996,5.713673705379587,8.487385997988937,7.333353318250376,4.175380467571643,6.552124057315232,8.947497988939165,4.144645173453997,8.823149446958269,4.854040723981898,7.827543614881851,4.0078719205630975,4.926003645047762,6.184966314731018,4.03603205128205,3.3349190548014063,5.162371794871796,7.302778406234288,4.254902966314728,8.573110482654599,4.325443690296631,7.269790221216692
GSM363016,11.043038712921067,9.28080656108597,8.175315485168428,10.33180769230769,7.617604952237306,8.024496480643538,7.796151835093015,8.349842760180996,6.846732905982907,6.035414529914527,8.59776985922574,8.070015962795376,7.596791603821017,6.560512694821518,9.105332076420314,4.865151960784315,6.135039969834088,5.0273951734539954,5.078385495223731,6.993045625942685,3.882828808446455,5.81043061840121,4.177403594771242,6.828249245852186,3.9581289592760154,3.2160522875817,4.537320010055301,8.700764705882351,3.206949723479136,3.4496437908496724,7.225942810457514,6.9903774509803895,6.660596279537453,9.627241452991452,4.5381788587229765,8.349951231774764,6.623732151835089,5.049295625942685,3.699281045751632,6.6751737053795885,6.524298516842633,8.107028280542984,5.073481523378582,8.75376571141277,4.150622046254397,7.147776143790847,4.704479763700353,8.447378707893415,8.797072272498742,4.632575289089996,5.898673705379587,7.964385997988938,6.760353318250376,3.982380467571644,6.747124057315232,9.350497988939166,2.9416451734539963,8.839149446958269,3.937040723981898,8.73854361488185,4.985871920563097,5.410003645047762,6.234966314731018,4.20603205128205,3.0429190548014065,6.102371794871796,7.323778406234288,4.031902966314728,8.482110482654598,5.467443690296631,7.070790221216692
GSM363341,11.81803871292107,10.597806561085967,8.836315485168427,8.929807692307689,7.473604952237306,8.05749648064354,7.974151835093015,8.776842760180996,4.849732905982906,5.391414529914527,8.763769859225741,8.009015962795376,6.7207916038210165,6.592512694821518,10.627332076420316,5.612151960784315,7.359039969834088,4.545395173453995,9.486385495223733,6.232045625942685,3.747828808446455,3.636430618401211,5.518403594771242,6.983249245852186,3.4761289592760147,3.1110522875817,4.239320010055302,3.939764705882352,3.648949723479136,3.3816437908496724,6.227942810457514,4.415377450980389,7.770596279537452,12.210241452991452,4.1151788587229765,7.121951231774762,8.50473215183509,5.6802956259426844,3.339281045751632,4.356173705379589,8.744298516842633,8.316028280542985,4.718481523378583,9.58876571141277,5.363622046254397,7.147776143790847,3.138479763700353,7.021378707893415,10.76707227249874,4.425575289089996,5.156673705379587,8.468385997988937,5.489353318250376,4.298380467571644,9.383124057315232,9.509497988939168,2.8406451734539964,9.027149446958267,3.758040723981898,8.94954361488185,4.650871920563097,5.199003645047762,6.886966314731018,3.60103205128205,3.5389190548014064,4.882371794871796,3.171778406234288,5.1149029663147285,7.476110482654599,5.407443690296631,8.963790221216692
GSM363243,10.730038712921068,8.26280656108597,7.315315485168427,9.22880769230769,6.951604952237306,7.801496480643539,8.708151835093016,7.886842760180995,4.524732905982907,7.676414529914527,8.45976985922574,8.082015962795376,6.989791603821017,6.774512694821518,8.815332076420313,7.412151960784315,9.051039969834088,7.658395173453996,6.268385495223732,6.074045625942684,4.178828808446455,7.994430618401211,5.553403594771242,7.200249245852186,5.925128959276015,4.2540522875817,3.803320010055301,6.959764705882352,6.156949723479136,5.390643790849673,6.915942810457515,6.827377450980389,6.963596279537453,10.282241452991451,6.673178858722976,8.020951231774763,6.109732151835089,5.0712956259426845,6.038281045751632,6.668173705379588,8.629298516842631,7.796028280542985,7.7864815233785825,8.06776571141277,6.846622046254398,6.591776143790847,4.362479763700353,9.595378707893415,7.245072272498742,5.422575289089996,6.336673705379587,7.528385997988938,7.261353318250376,5.699380467571643,7.851124057315232,8.337497988939166,5.963645173453997,8.538149446958268,6.096040723981898,8.51654361488185,4.525871920563097,4.682003645047762,5.277966314731018,6.07003205128205,5.736919054801406,6.496371794871796,4.667778406234288,4.287902966314729,8.143110482654599,4.264443690296631,7.650790221216692
GSM363168,11.436038712921068,9.32080656108597,7.373315485168427,10.29980769230769,8.389604952237306,9.37749648064354,7.862151835093015,7.816842760180996,6.337732905982906,3.6064145299145274,8.214769859225742,8.289015962795375,7.295791603821017,7.724512694821517,9.924332076420312,5.626151960784315,7.038039969834087,11.861395173453996,5.226385495223731,5.3780456259426845,3.581828808446455,3.5014306184012107,3.0704035947712423,7.113249245852186,3.618128959276015,3.6880522875817,3.651320010055301,3.7117647058823513,3.302949723479136,3.600643790849672,6.421942810457514,5.6683774509803895,7.252596279537452,11.415241452991452,4.946178858722976,7.660951231774762,6.199732151835089,4.287295625942685,3.497281045751632,6.511173705379588,6.490298516842633,7.509028280542985,4.566481523378583,10.26476571141277,5.147622046254398,7.416776143790847,3.143479763700353,8.149378707893415,4.133072272498742,5.512575289089996,4.725673705379587,8.720385997988938,6.822353318250376,3.686380467571644,6.423124057315232,9.072497988939164,2.7526451734539963,8.567149446958268,3.868040723981898,9.34154361488185,3.888871920563097,3.704003645047762,5.380966314731018,3.8580320512820494,3.182919054801406,4.903371794871796,3.667778406234288,4.024902966314729,7.784110482654599,3.871443690296631,7.251790221216692
GSM363051,11.764038712921067,9.60680656108597,9.050315485168428,8.47380769230769,7.732604952237305,9.42449648064354,7.285151835093015,8.630842760180995,5.628732905982907,5.554414529914526,7.980769859225742,7.966015962795375,8.923791603821016,7.384512694821518,11.246332076420314,4.259151960784315,3.914039969834088,7.5513951734539955,8.437385495223733,5.807045625942685,3.978828808446455,4.603430618401211,5.049403594771242,5.872249245852186,4.469128959276015,3.9660522875817,5.209320010055301,4.499764705882352,4.216949723479136,5.853643790849673,6.725942810457514,5.226377450980389,5.902596279537453,11.153241452991452,5.024178858722976,6.421951231774762,7.801732151835089,5.642295625942685,3.299281045751632,3.9971737053795886,6.017298516842633,6.5180282805429846,4.496481523378582,9.74876571141277,4.895622046254397,7.970776143790847,4.803479763700353,7.138378707893415,10.466072272498742,4.260575289089996,6.0186737053795865,8.535385997988937,5.915353318250376,4.472380467571644,7.010124057315232,7.743497988939166,3.3036451734539964,8.780149446958267,3.956040723981898,5.245543614881851,5.130871920563097,4.689003645047762,6.9409663147310185,3.97703205128205,3.375919054801406,4.160371794871796,4.2377784062342885,3.3229029663147283,7.0251104826546,4.016443690296631,8.337790221216691
GSM363098,10.61003871292107,9.40980656108597,9.262315485168427,7.37380769230769,6.664604952237306,8.503496480643538,6.116151835093016,9.180842760180996,5.790732905982907,6.486414529914526,8.784769859225742,8.573015962795376,7.500791603821017,4.661512694821518,10.526332076420314,4.312151960784315,5.580039969834087,7.477395173453996,7.216385495223731,6.235045625942685,3.701828808446455,4.447430618401211,4.3944035947712425,7.747249245852186,3.9141289592760153,3.3620522875817,5.143320010055302,4.038764705882351,3.722949723479136,4.459643790849673,6.295942810457515,5.654377450980389,6.530596279537453,10.777241452991452,5.041178858722976,7.442951231774762,6.971732151835089,5.4172956259426845,3.417281045751632,6.374173705379588,5.963298516842633,7.185028280542985,7.376481523378582,9.97176571141277,5.583622046254398,5.935776143790847,4.119479763700353,6.134378707893415,8.435072272498743,4.383575289089996,5.342673705379587,7.945385997988938,7.017353318250375,3.984380467571644,6.850124057315232,8.518497988939165,3.771645173453997,9.576149446958269,4.100040723981898,9.458543614881853,3.833871920563097,4.937003645047763,5.545966314731018,3.8450320512820495,4.167919054801407,6.538371794871796,3.288778406234288,4.120902966314729,3.7231104826546,3.711443690296631,7.886790221216692
GSM363314,11.849038712921068,8.61880656108597,8.502315485168428,9.46380769230769,7.014604952237305,7.402496480643539,7.893151835093016,8.583842760180996,6.540732905982907,5.163414529914526,9.390769859225742,8.464015962795376,7.702791603821017,6.468512694821518,9.783332076420312,6.402151960784315,7.475039969834087,7.379395173453996,8.94338549522373,6.5720456259426845,3.5478288084464547,6.062430618401211,5.021403594771242,7.380249245852186,4.485128959276015,3.1090522875817004,3.926320010055301,3.5697647058823514,3.470949723479136,3.5076437908496723,5.999942810457514,6.745377450980389,6.510596279537452,12.103241452991451,4.517178858722977,7.610951231774762,6.872732151835089,6.701295625942684,3.854281045751632,4.976173705379589,8.339298516842632,9.397028280542983,4.951481523378583,9.021765711412767,5.361622046254397,5.694776143790848,6.987479763700353,7.391378707893415,7.030072272498742,3.985575289089996,4.938673705379586,8.390385997988938,6.724353318250376,5.871380467571644,8.955124057315231,9.141497988939166,3.2186451734539965,8.964149446958269,4.996040723981898,8.12054361488185,4.166871920563097,5.322003645047762,6.581966314731019,3.8460320512820494,3.4979190548014065,5.675371794871796,4.375778406234288,3.638902966314729,6.0731104826546,3.479443690296631,7.156790221216691
GSM363170,12.038038712921068,9.62780656108597,9.309315485168428,11.30380769230769,7.8636049522373055,8.80149648064354,7.540151835093015,9.629842760180995,6.906732905982906,6.814414529914527,8.390769859225742,8.222015962795377,7.213791603821017,7.772512694821517,10.322332076420317,4.519151960784315,5.892039969834087,6.583395173453996,8.697385495223731,6.960045625942684,3.880828808446455,4.688430618401211,4.733403594771242,6.935249245852186,6.065128959276015,5.571052287581701,5.497320010055302,4.639764705882351,3.605949723479136,3.850643790849672,6.327942810457515,7.207377450980389,7.417596279537452,12.500241452991451,5.661178858722976,7.579951231774762,7.864732151835089,5.713295625942685,3.721281045751632,5.4091737053795885,5.749298516842633,9.357028280542984,6.414481523378583,10.20576571141277,4.954622046254397,6.893776143790848,5.458479763700353,7.200378707893415,9.43307227249874,4.554575289089996,4.953673705379587,8.752385997988938,7.078353318250375,3.985380467571644,6.011124057315232,8.939497988939166,3.4566451734539965,9.156149446958269,5.060040723981898,8.64654361488185,4.162871920563097,4.721003645047762,6.372966314731018,4.26403205128205,3.4389190548014064,4.460371794871796,4.198778406234288,4.032902966314729,6.550110482654599,4.608443690296631,9.346790221216692
GSM363029,11.243038712921068,9.53180656108597,9.158315485168428,10.88080769230769,7.6456049522373055,8.422496480643538,9.753151835093016,8.849842760180996,7.249732905982906,5.839414529914526,8.17176985922574,8.135015962795375,7.258791603821017,8.66851269482152,10.258332076420317,3.718151960784315,5.704039969834088,8.379395173453995,7.570385495223731,6.458045625942685,4.527828808446455,4.651430618401211,4.063403594771242,6.379249245852186,5.827128959276014,3.939052287581701,5.5713200100553015,3.680764705882351,4.057949723479136,4.295643790849672,6.514942810457514,8.018377450980388,7.6785962795374525,10.981241452991451,6.9501788587229765,7.0909512317747625,6.867732151835089,5.979295625942685,3.938281045751632,6.456173705379588,5.301298516842633,9.973028280542986,7.6324815233785825,9.32776571141277,5.373622046254398,8.295776143790848,8.870479763700352,8.513378707893414,8.161072272498743,4.111575289089996,5.062673705379587,9.011385997988938,7.987353318250376,5.325380467571644,5.9401240573152325,8.936497988939166,3.866645173453996,8.929149446958268,6.7150407239818986,8.53554361488185,4.694871920563097,5.189003645047762,6.1909663147310185,4.89103205128205,3.6069190548014074,5.112371794871796,6.355778406234288,4.527902966314729,7.548110482654599,4.812443690296631,8.345790221216692
GSM362950,12.280341880341888,9.190288461538463,9.154636752136753,10.714269230769226,7.4777158119658145,7.86455982905984,7.8574188034188035,9.964673076923088,7.2995405982906,5.482952991452988,8.527912393162394,9.026728632478637,7.607542735042729,8.580284188034192,9.917354700854702,3.728416666666673,5.975320512820515,7.738282051282045,7.340446581196576,6.208224358974354,4.337910256410253,3.1596794871794947,3.4261388888888917,8.133762820512821,4.677807692307694,3.5671111111111142,5.505559829059828,3.3919999999999977,2.4958547008547,3.000055555555549,7.7829722222222175,5.162583333333336,7.996863247863246,11.642895299145293,4.756959401709399,7.060829059829055,7.064553418803418,4.01897435897436,2.751222222222223,8.073047008547011,5.74292521367522,9.995519230769233,5.638814102564096,8.151982905982907,5.909425213675212,7.877805555555558,4.249844017094018,7.407561965811959,9.286771367521371,3.222220085470087,4.096547008547006,9.805438034188033,6.696993589743587,3.605532051282053,6.195891025641022,9.461534188034182,2.688032051282049,9.553459401709407,6.131307692307691,8.75675854700855,4.254177350427355,3.895938034188034,7.239572649572646,3.5004551282051253,3.222376068376066,5.054679487179486,4.521767094017096,3.4476495726495697,6.123121794871801,5.655457264957267,8.491566239316239
GSM363298,11.303038712921069,9.97880656108597,8.697315485168428,10.012807692307687,7.671604952237305,8.77849648064354,7.728151835093016,8.899842760180995,6.881732905982906,7.256414529914526,8.202769859225741,8.432015962795376,8.381791603821016,7.707512694821518,10.822332076420317,4.320151960784315,5.473039969834088,10.524395173453994,6.707385495223732,5.958045625942685,3.667828808446455,3.939430618401211,3.1754035947712422,7.345249245852186,5.051128959276015,3.1450522875817004,3.800320010055301,3.5747647058823517,3.536949723479136,3.4366437908496725,6.986942810457514,6.518377450980389,7.531596279537452,10.130241452991452,5.3331788587229765,5.770951231774762,6.679732151835089,5.4782956259426845,4.100281045751632,6.668173705379588,5.206298516842633,9.196028280542984,7.672481523378583,8.88876571141277,4.895622046254397,7.560776143790847,7.682479763700353,8.201378707893415,9.91307227249874,4.343575289089996,4.758673705379587,9.08738599798894,5.764353318250375,5.284380467571643,4.883124057315232,8.987497988939166,6.072645173453997,8.844149446958268,6.440040723981898,8.583543614881851,3.759871920563097,4.3650036450477625,5.874966314731019,3.7200320512820495,3.2489190548014064,5.096371794871796,3.614778406234288,3.641902966314728,6.7381104826546,5.055443690296631,7.514790221216692
GSM363265,10.934038712921067,9.36480656108597,8.273315485168427,8.40480769230769,7.502604952237306,8.521496480643538,8.197151835093015,9.500842760180996,7.252732905982906,6.633414529914527,8.588769859225742,8.368015962795376,7.691791603821017,7.643512694821518,10.684332076420311,5.923151960784315,6.653039969834087,9.909395173453996,7.9833854952237315,5.821045625942684,4.062828808446454,4.995430618401211,3.4694035947712423,7.217249245852186,4.223128959276015,3.673052287581701,4.082320010055302,4.212764705882352,4.519949723479136,3.870643790849672,6.678942810457515,7.883377450980389,6.473596279537452,9.825241452991452,5.789178858722976,6.518951231774762,7.355732151835089,6.781295625942684,4.339281045751632,6.166173705379588,5.924298516842633,9.504028280542984,7.177481523378583,8.57376571141277,5.0776220462543975,6.002776143790848,6.044479763700353,9.257378707893416,8.633072272498744,4.760575289089996,4.931673705379587,9.352385997988938,6.224353318250376,4.693380467571644,5.522124057315232,8.796497988939166,4.374645173453996,8.865149446958268,5.521040723981899,8.201543614881851,3.977871920563097,5.049003645047762,6.245966314731018,4.16003205128205,3.3009190548014065,4.262371794871796,3.746778406234288,4.455902966314729,6.5731104826546,8.21344369029663,8.442790221216692
GSM363038,11.53903871292107,9.30880656108597,8.045315485168427,10.13580769230769,8.084604952237306,8.72949648064354,8.069151835093015,9.790842760180997,6.192732905982907,6.682414529914526,9.17776985922574,8.759015962795376,5.935791603821016,7.336512694821518,10.597332076420312,6.439151960784315,6.883039969834088,10.393395173453996,8.523385495223732,5.927045625942684,3.387828808446455,6.2414306184012105,4.589403594771242,7.484249245852186,5.316128959276015,6.6370522875817,5.558320010055302,3.571764705882351,2.913949723479136,3.743643790849673,8.698942810457513,5.521377450980389,6.945596279537453,11.547241452991452,4.382178858722976,5.534951231774762,8.306732151835089,5.508295625942685,3.309281045751632,6.533173705379588,5.921298516842633,9.121028280542983,8.824481523378584,9.86676571141277,6.243622046254398,5.560776143790847,2.980479763700353,7.355378707893415,7.175072272498742,4.276575289089996,5.031673705379587,8.397385997988938,6.627353318250376,3.655380467571644,6.096124057315232,9.478497988939166,2.669645173453996,9.125149446958268,4.032040723981898,8.84854361488185,3.708871920563097,5.241003645047762,7.567966314731018,3.6070320512820495,3.1129190548014063,6.112371794871796,6.476778406234288,4.060902966314728,7.128110482654599,3.913443690296631,9.051790221216692
GSM363309,11.62903871292107,10.04380656108597,8.571315485168427,10.166807692307689,7.393604952237306,8.18549648064354,8.328151835093015,9.124842760180996,6.979732905982907,8.100414529914527,8.45976985922574,8.456015962795377,8.933791603821016,7.869512694821518,9.739332076420316,4.236151960784315,4.079039969834088,6.573395173453996,8.950385495223731,5.696045625942684,3.685828808446455,4.139430618401211,5.167403594771242,7.271249245852186,4.198128959276015,3.0810522875817004,4.545320010055301,3.5937647058823514,3.406949723479136,3.675643790849672,7.514942810457514,6.55437745098039,8.00059627953745,11.857241452991452,5.416178858722976,7.245951231774762,7.063732151835089,3.620295625942685,3.545281045751632,5.293173705379588,6.008298516842633,9.344028280542984,6.692481523378582,9.41676571141277,5.509622046254397,8.230776143790848,6.629479763700353,7.300378707893415,9.021072272498742,4.428575289089996,6.744673705379586,7.778385997988938,5.659353318250376,4.518380467571643,5.723124057315232,9.158497988939166,3.4046451734539964,9.655149446958267,4.717040723981898,8.669543614881851,4.292871920563097,4.7720036450477625,6.233966314731019,3.63303205128205,3.1739190548014062,4.714371794871796,4.103778406234288,3.729902966314728,7.583110482654599,4.722443690296631,7.746790221216692
GSM363104,10.432038712921068,9.66780656108597,8.502315485168428,9.797807692307687,7.253604952237305,7.888496480643539,8.454151835093015,9.112842760180996,5.233732905982906,5.318414529914526,7.741769859225742,8.055015962795375,6.941791603821017,6.448512694821518,9.735332076420312,7.200151960784315,7.615039969834087,5.002395173453995,5.195385495223731,5.401045625942684,3.664828808446455,4.525430618401211,3.3834035947712424,7.144249245852186,3.5861289592760146,3.5840522875817005,5.157320010055301,7.242764705882351,3.721949723479136,3.7466437908496726,6.365942810457515,5.33637745098039,7.211596279537453,10.421241452991453,5.277178858722976,6.290951231774762,6.230732151835089,4.880295625942685,4.088281045751632,4.136173705379588,6.409298516842632,6.977028280542985,4.886481523378582,8.97976571141277,6.306622046254398,6.440776143790847,3.7734797637003528,7.401378707893415,9.50007227249874,4.711575289089995,6.529673705379587,7.642385997988938,6.373353318250376,3.725380467571644,6.734124057315232,8.761497988939166,3.2406451734539963,8.612149446958268,4.038040723981898,8.77354361488185,3.695871920563097,4.1470036450477625,5.766966314731018,4.2710320512820505,3.4319190548014062,4.753371794871796,5.220778406234288,4.697902966314729,7.450110482654599,4.126443690296631,7.380790221216691
GSM363393,10.845038712921069,8.674806561085969,8.363315485168426,7.733807692307689,8.329604952237306,8.61849648064354,8.352151835093016,8.311842760180996,10.169732905982906,6.431414529914527,8.461769859225742,7.796015962795376,8.069791603821017,7.093512694821518,9.610332076420312,4.242151960784315,6.114039969834088,6.111395173453995,5.484385495223731,6.1120456259426845,4.103828808446455,4.088430618401211,3.395403594771242,7.007249245852186,4.691128959276015,4.1240522875817005,4.690320010055301,5.296764705882351,4.119949723479136,3.596643790849672,7.286942810457514,8.94537745098039,7.418596279537453,9.464241452991452,6.258178858722976,6.115951231774762,7.010732151835089,5.405295625942685,4.215281045751632,4.468173705379589,10.396298516842634,10.644028280542985,7.567481523378582,6.10476571141277,4.049622046254397,6.864776143790848,6.709479763700353,8.358378707893415,6.913072272498742,5.126575289089995,4.825673705379587,8.331385997988939,7.912353318250376,4.323380467571644,10.886124057315232,9.002497988939165,3.876645173453997,8.462149446958268,6.007040723981898,8.102543614881851,5.598871920563097,6.712003645047762,5.483966314731019,3.8370320512820495,4.736919054801406,4.215371794871796,5.361778406234288,3.773902966314728,6.9931104826546,3.510443690296631,6.652790221216692
GSM363011,11.42403871292107,9.34580656108597,10.253315485168429,10.72280769230769,7.603604952237306,8.407496480643537,8.074151835093016,9.790842760180997,6.379732905982906,4.966414529914526,8.627769859225742,8.616015962795375,6.3377916038210165,7.137512694821518,9.535332076420314,3.675151960784315,5.450039969834087,8.412395173453996,8.12138549522373,6.079045625942684,4.616828808446455,3.996430618401211,3.273403594771242,7.010249245852187,4.148128959276015,3.2410522875817,4.285320010055301,3.819764705882352,3.297949723479136,3.786643790849672,6.750942810457515,7.575377450980389,7.620596279537453,12.128241452991452,5.106178858722976,7.297951231774762,8.752732151835088,5.332295625942685,3.563281045751632,8.386173705379587,6.964298516842633,8.829028280542985,4.314481523378582,8.36276571141277,5.853622046254397,7.156776143790848,3.9024797637003528,8.311378707893414,10.07507227249874,4.509575289089995,4.969673705379587,9.165385997988938,6.609353318250376,3.733380467571644,7.475124057315232,9.588497988939164,3.5266451734539963,8.731149446958268,6.529040723981899,9.58554361488185,4.3508719205630975,4.265003645047762,5.6909663147310185,3.5510320512820504,3.029919054801406,5.437371794871796,3.769778406234288,3.906902966314728,7.0231104826546,3.618443690296631,8.313790221216692
GSM363180,11.550038712921069,9.424806561085967,9.544315485168427,9.81580769230769,6.776604952237306,9.11949648064354,7.966151835093015,9.103842760180996,6.6677329059829065,4.443414529914526,8.93476985922574,8.908015962795377,8.311791603821016,7.382512694821518,10.320332076420314,5.678151960784315,6.842039969834088,8.303395173453996,8.24638549522373,7.142045625942685,3.726828808446455,7.453430618401211,3.018403594771242,7.621249245852186,4.176128959276015,3.2340522875817004,3.946320010055301,3.649764705882352,3.628949723479136,3.874643790849672,6.958942810457515,5.43237745098039,7.164596279537452,10.465241452991451,5.070178858722977,6.131951231774762,7.042732151835089,6.640295625942684,3.627281045751632,5.965173705379589,5.554298516842633,8.755028280542986,7.073481523378582,9.89076571141277,4.9446220462543975,6.760776143790848,6.724479763700353,7.716378707893415,10.007072272498744,4.573575289089995,6.4656737053795865,8.296385997988938,7.355353318250375,4.726380467571643,5.6261240573152325,8.624497988939165,5.169645173453996,8.385149446958268,4.4780407239818985,8.64554361488185,4.032871920563097,3.884003645047762,5.131966314731018,3.94303205128205,3.3099190548014064,5.660371794871796,4.524778406234288,3.957902966314729,7.692110482654599,3.588443690296631,7.318790221216692
GSM363048,11.611038712921069,9.25880656108597,7.7363154851684275,11.08480769230769,7.592604952237306,8.300496480643538,8.194151835093015,9.414842760180996,5.876732905982906,6.050414529914526,9.303769859225742,9.177015962795377,8.493791603821016,8.401512694821516,10.129332076420312,7.117151960784315,7.682039969834087,8.074395173453995,8.98138549522373,6.788045625942685,3.621828808446455,6.29443061840121,3.8754035947712415,7.0952492458521865,4.121128959276015,3.4810522875817003,3.507320010055301,3.672764705882352,3.275949723479136,3.857643790849672,7.305942810457514,7.13437745098039,6.918596279537453,11.813241452991452,4.515178858722976,7.506951231774762,7.311732151835089,4.646295625942685,3.142281045751632,7.064173705379589,7.891298516842633,8.828028280542984,8.326481523378582,8.97776571141277,5.839622046254397,8.496776143790848,3.412479763700353,8.601378707893415,9.391072272498745,3.979575289089996,4.629673705379587,8.633385997988938,6.533353318250375,3.3913804675716435,7.935124057315232,9.228497988939166,2.915645173453996,8.684149446958267,3.952040723981898,8.970543614881851,3.812871920563097,5.492003645047762,6.607966314731018,3.3460320512820503,3.162919054801406,4.356371794871796,4.365778406234289,3.3979029663147284,6.4981104826546,7.749443690296631,9.73279022121669
GSM363077,11.386038712921067,9.82980656108597,8.388315485168427,8.62080769230769,7.015604952237306,8.71449648064354,6.564151835093015,9.643842760180997,6.524732905982907,7.225414529914526,9.30876985922574,8.717015962795376,6.088791603821017,6.627512694821518,10.885332076420314,5.742151960784315,8.668039969834087,5.867395173453995,7.848385495223732,5.555045625942684,3.6618288084464554,4.908430618401211,4.275403594771242,7.541249245852186,3.4901289592760145,3.1930522875817005,4.186320010055301,4.099764705882351,3.456949723479136,3.936643790849673,5.674942810457514,5.7563774509803896,5.915596279537453,11.814241452991451,4.979178858722976,6.3649512317747625,7.152732151835089,6.4252956259426846,3.793281045751632,4.537173705379589,7.826298516842633,8.982028280542984,5.812481523378582,8.75476571141277,5.573622046254397,5.185776143790847,3.221479763700353,7.387378707893415,9.80207227249874,4.693575289089996,5.621673705379587,8.494385997988937,7.095353318250376,3.763380467571644,7.920124057315232,8.817497988939166,3.177645173453996,9.012149446958269,4.315040723981898,9.00454361488185,4.412871920563097,4.519003645047762,6.443966314731019,3.39103205128205,3.190919054801406,5.963371794871796,3.660778406234288,3.853902966314728,6.9691104826546,3.599443690296631,7.542790221216691
GSM363144,11.46203871292107,9.64580656108597,8.643315485168428,10.15280769230769,7.465604952237306,8.495496480643538,8.390151835093015,8.820842760180996,6.576732905982906,6.742414529914527,7.895769859225742,8.244015962795375,7.297791603821016,7.511512694821518,10.412332076420316,5.469151960784315,6.492039969834088,9.472395173453997,6.965385495223732,6.256045625942685,3.705828808446455,5.66943061840121,3.128403594771242,7.366249245852186,4.634128959276015,3.4990522875817,4.620320010055301,4.163764705882351,3.473949723479136,3.819643790849673,6.898942810457514,5.8733774509803895,6.331596279537452,11.826241452991452,4.961178858722977,6.661951231774762,7.281732151835089,6.218295625942685,3.886281045751632,6.693173705379588,5.458298516842633,8.971028280542985,4.508481523378583,8.518765711412769,4.941622046254397,7.674776143790847,3.872479763700353,8.298378707893415,9.31407227249874,4.223575289089996,5.217673705379587,9.28638599798894,5.930353318250376,3.5803804675716435,5.513124057315232,8.726497988939165,3.2426451734539965,8.795149446958268,4.0900407239818986,9.47554361488185,3.811871920563097,4.646003645047762,6.247966314731018,3.49703205128205,3.3649190548014065,5.761371794871796,4.747778406234288,4.934902966314729,8.2691104826546,8.32844369029663,8.176790221216692
GSM363336,11.835038712921069,9.53980656108597,8.346315485168427,9.52480769230769,7.740604952237305,7.888496480643539,7.770151835093015,9.054842760180996,7.714732905982906,4.118414529914526,8.545769859225741,8.044015962795376,7.327791603821017,6.619512694821518,10.701332076420314,4.769151960784315,6.592039969834088,6.375395173453995,7.828385495223731,6.418045625942685,3.623828808446455,4.708430618401211,3.3234035947712424,6.823249245852186,4.295128959276014,3.0680522875817005,5.1563200100553015,8.021764705882351,3.259949723479136,3.4366437908496725,6.653942810457514,7.000377450980389,6.965596279537452,11.438241452991452,5.217178858722976,7.062951231774762,6.712732151835089,5.7522956259426845,3.966281045751632,6.453173705379588,7.784298516842632,9.621028280542983,5.750481523378583,8.037765711412769,5.049622046254397,8.751776143790847,5.847479763700353,8.356378707893414,8.213072272498742,4.480575289089996,5.423673705379587,8.425385997988938,6.967353318250376,4.835380467571643,8.049124057315233,8.790497988939165,3.1876451734539963,10.522149446958268,4.560040723981898,8.75754361488185,4.564871920563097,4.745003645047762,6.321966314731019,4.162032051282051,3.2729190548014064,4.781371794871796,6.991778406234288,3.908902966314729,7.138110482654599,5.353443690296631,7.835790221216691
GSM363073,11.208038712921068,10.19380656108597,9.253315485168429,11.32980769230769,6.436604952237306,8.97649648064354,7.883151835093015,8.162842760180995,5.022732905982906,4.152414529914527,8.061769859225741,8.013015962795375,6.589791603821016,5.001512694821518,9.945332076420314,3.917151960784315,3.9560399698340873,6.334395173453995,6.446385495223732,5.720045625942684,4.914828808446455,3.5494306184012108,4.549403594771242,6.769249245852186,5.110128959276015,3.4950522875817,4.912320010055301,3.8817647058823512,3.365949723479136,4.649643790849672,5.661942810457514,6.09437745098039,5.745596279537453,12.025241452991452,4.979178858722976,4.4899512317747625,6.861732151835089,6.705295625942685,3.369281045751632,3.968173705379588,6.479298516842633,5.525028280542985,5.412481523378583,8.04276571141277,3.9956220462543977,6.510776143790848,3.717479763700353,8.091378707893416,9.964072272498743,4.263575289089996,5.562673705379587,6.752385997988938,4.968353318250376,3.971380467571644,6.473124057315232,8.247497988939166,3.4416451734539963,8.562149446958268,3.7520407239818985,7.39054361488185,4.232871920563097,4.430003645047762,5.697966314731018,4.26103205128205,2.9759190548014063,4.651371794871796,3.922778406234288,3.1569029663147283,5.274110482654599,4.212443690296631,8.882790221216691
GSM362977,11.11303871292107,8.40680656108597,7.629315485168427,9.47380769230769,5.905604952237305,7.018496480643539,7.483151835093015,8.377842760180995,4.669732905982906,4.430414529914526,6.993769859225742,7.661015962795376,6.629791603821016,7.253512694821518,8.939332076420314,6.379151960784315,7.225039969834087,5.679395173453996,7.860385495223731,5.500045625942684,6.038828808446454,4.073430618401211,6.095403594771242,7.534249245852186,6.732128959276015,3.5950522875817,5.489320010055302,4.232764705882351,3.879949723479136,3.721643790849672,6.155942810457514,4.6523774509803895,5.832596279537452,11.116241452991453,5.233178858722976,7.099951231774762,6.916732151835089,4.902295625942685,3.978281045751632,7.1431737053795885,5.870298516842633,7.0870282805429845,4.510481523378583,9.35576571141277,4.643622046254397,5.135776143790848,3.408479763700353,5.454378707893415,4.079072272498742,4.735575289089995,5.328673705379587,9.514385997988938,4.697353318250376,4.043380467571644,4.481124057315232,8.671497988939166,3.4416451734539963,9.349149446958268,4.740040723981898,7.982543614881851,4.395871920563097,4.945003645047763,6.1589663147310185,4.1830320512820505,6.608919054801406,6.293371794871796,6.952778406234288,4.3169029663147285,7.216110482654599,5.621443690296631,7.698790221216692
GSM363012,10.84403871292107,9.02080656108597,7.751315485168427,9.30680769230769,6.740604952237305,8.36549648064354,9.242151835093017,9.369842760180996,6.341732905982907,5.387414529914526,8.582769859225742,8.796015962795376,6.856791603821017,6.406512694821518,9.645332076420312,3.851151960784315,6.055039969834088,4.990395173453996,6.668385495223731,5.336045625942685,3.704828808446455,6.878430618401211,3.3074035947712423,7.170249245852186,4.368128959276015,3.4120522875817003,4.879320010055301,4.414764705882352,3.563949723479136,3.908643790849673,6.942942810457515,8.73037745098039,6.538596279537453,11.48524145299145,4.904178858722976,7.577951231774763,6.983732151835089,6.6352956259426845,3.755281045751632,6.757173705379588,7.153298516842633,8.392028280542984,4.276481523378583,9.35776571141277,5.410622046254398,6.368776143790847,3.097479763700353,8.405378707893416,9.449072272498745,4.254575289089996,6.809673705379587,8.872385997988937,6.325353318250376,3.917380467571644,7.467124057315232,9.220497988939163,2.821645173453996,8.988149446958268,4.575040723981898,10.06154361488185,3.943871920563097,5.455003645047762,7.607966314731018,3.6360320512820494,3.2489190548014064,8.041371794871797,5.923778406234288,3.4719029663147283,7.753110482654599,7.491443690296631,7.753790221216692
GSM363328,12.021038712921069,8.70280656108597,10.588315485168428,12.16480769230769,6.990604952237305,8.28449648064354,8.430151835093016,9.749842760180996,6.099732905982906,7.065414529914526,7.425769859225741,7.683015962795376,6.900791603821016,6.644512694821518,9.137332076420314,4.734151960784315,5.091039969834087,4.880395173453995,6.856385495223732,6.410045625942685,3.4318288084464545,4.553430618401211,5.225403594771242,7.356249245852186,5.453128959276015,3.2540522875817004,6.209320010055301,3.648764705882352,3.304949723479136,3.4206437908496725,6.422942810457514,4.26737745098039,7.618596279537452,11.745241452991452,5.590178858722976,6.922951231774762,7.121732151835089,4.516295625942685,3.691281045751632,7.149173705379589,7.183298516842632,8.562028280542984,8.799481523378581,9.75976571141277,7.419622046254397,6.430776143790848,4.251479763700353,6.956378707893415,7.8950722724987425,4.402575289089996,5.6066737053795865,8.924385997988939,7.181353318250376,3.825380467571644,7.389124057315232,9.622497988939166,2.7876451734539964,9.274149446958267,4.227040723981898,8.68954361488185,3.956871920563097,5.391003645047762,6.366966314731019,3.89103205128205,3.3779190548014064,4.674371794871796,5.859778406234288,4.027902966314729,6.974110482654599,6.541443690296631,9.694790221216692
GSM363215,11.538038712921068,9.36580656108597,8.619315485168427,9.67180769230769,8.168604952237306,8.27349648064354,8.088151835093015,8.441842760180995,7.007732905982906,6.835414529914527,9.02376985922574,8.742015962795376,7.424791603821016,7.016512694821518,10.395332076420312,4.4721519607843145,5.736039969834088,9.331395173453997,8.20538549522373,6.508045625942684,4.220828808446455,5.580430618401211,5.993403594771242,7.815249245852186,4.041128959276015,3.3990522875817004,4.590320010055302,3.891764705882352,3.273949723479136,3.850643790849672,7.372942810457514,6.886377450980389,7.648596279537452,11.406241452991452,5.124178858722976,6.515951231774762,6.454732151835089,7.671295625942685,3.735281045751632,6.460173705379589,6.890298516842633,9.503028280542985,6.982481523378582,9.35876571141277,5.2586220462543976,7.292776143790848,5.997479763700353,8.039378707893414,10.114072272498742,3.929575289089996,4.429673705379587,8.730385997988938,6.772353318250375,4.335380467571643,6.8231240573152325,8.622497988939166,3.1876451734539963,8.681149446958267,5.640040723981898,9.01754361488185,4.224871920563097,4.142003645047762,5.962966314731019,3.98803205128205,3.3619190548014064,5.692371794871796,4.223778406234288,4.289902966314728,7.125110482654599,4.510443690296631,6.670790221216691
GSM363400,11.104038712921067,10.15280656108597,8.518315485168428,9.79280769230769,7.063604952237306,7.8124964806435395,7.275151835093015,8.320842760180996,4.774732905982907,5.131414529914526,8.877769859225742,7.608015962795376,7.812791603821016,7.982512694821518,10.563332076420314,7.664151960784315,7.903039969834087,7.2083951734539955,8.029385495223732,8.145045625942686,3.729828808446455,5.079430618401211,3.664403594771242,7.443249245852186,7.167128959276015,5.340052287581701,4.8983200100553015,4.106764705882352,3.227949723479136,3.4266437908496723,6.069942810457515,5.401377450980389,6.232596279537453,10.983241452991452,5.0911788587229765,7.547951231774762,7.917732151835089,7.773295625942684,3.417281045751632,5.438173705379588,7.059298516842633,8.175028280542985,5.353481523378583,10.53876571141277,5.014622046254398,6.788776143790847,3.341479763700353,7.013378707893415,6.112072272498742,5.259575289089995,5.352673705379587,7.928385997988938,6.849353318250376,3.969380467571644,7.043124057315232,9.192497988939166,3.1476451734539963,9.544149446958269,4.238040723981898,7.31354361488185,3.4728719205630973,4.158003645047762,6.420966314731018,3.39603205128205,3.4979190548014065,4.761371794871796,2.9647784062342883,4.105902966314728,7.420110482654599,4.297443690296631,8.923790221216692
GSM363358,11.640038712921069,10.00880656108597,8.075315485168428,10.14180769230769,6.864604952237306,8.89549648064354,8.921151835093015,9.626842760180995,5.744732905982906,3.524414529914526,7.959769859225742,8.581015962795377,6.740791603821017,6.918512694821518,9.808332076420314,7.064151960784315,7.581039969834087,5.015395173453995,8.469385495223733,6.757045625942684,3.776828808446455,3.4294306184012107,3.4604035947712424,7.636249245852186,3.718128959276015,3.6460522875817,5.801320010055301,4.384764705882351,3.428949723479136,3.814643790849672,6.4179428104575145,4.907377450980389,7.087596279537452,10.281241452991452,5.265178858722976,8.05095123177476,6.783732151835089,4.0552956259426844,3.342281045751632,7.065173705379588,6.925298516842632,8.504028280542984,5.190481523378582,8.21676571141277,4.972622046254397,7.801776143790848,3.115479763700353,6.017378707893415,9.85407227249874,3.678575289089996,4.279673705379587,8.374385997988938,6.004353318250375,3.873380467571644,6.282124057315232,9.521497988939164,3.430645173453996,9.065149446958268,4.355040723981898,8.47854361488185,6.133871920563097,4.997003645047762,6.773966314731019,3.93903205128205,3.4059190548014064,4.547371794871796,3.3957784062342884,3.938902966314728,7.128110482654599,4.306443690296631,8.092790221216692
GSM363391,11.46503871292107,9.27380656108597,8.256315485168427,9.18180769230769,7.587604952237306,8.20549648064354,8.344151835093015,9.355842760180996,5.520732905982906,4.795414529914527,8.201769859225742,8.273015962795375,8.269791603821016,7.146512694821518,10.163332076420314,8.695151960784315,9.079039969834088,5.949395173453995,8.47338549522373,6.6970456259426845,3.866828808446455,5.040430618401211,6.121403594771242,7.013249245852186,4.190128959276015,3.4050522875817,4.278320010055301,4.866764705882352,3.165949723479136,3.687643790849672,6.099942810457515,6.41637745098039,6.887596279537452,11.563241452991452,5.197178858722976,7.256951231774762,6.033732151835089,5.0262956259426845,3.724281045751632,6.440173705379588,5.447298516842633,8.203028280542984,6.365481523378582,10.018765711412769,5.5376220462543975,8.447776143790847,4.685479763700353,8.862378707893415,9.763072272498745,4.289575289089996,5.766673705379587,9.146385997988938,6.063353318250376,4.057380467571644,5.292124057315232,9.028497988939169,3.4016451734539963,9.505149446958267,4.202040723981899,9.93054361488185,3.937871920563097,5.101003645047762,5.750966314731018,4.09403205128205,3.4019190548014064,4.882371794871796,3.735778406234288,3.985902966314729,7.720110482654599,4.473443690296631,7.666790221216692
GSM363333,11.101038712921069,9.27580656108597,8.977315485168427,10.08780769230769,7.132604952237306,8.55749648064354,8.197151835093015,8.672842760180995,7.095732905982906,7.212414529914526,8.59476985922574,8.580015962795375,6.449791603821017,6.266512694821518,10.412332076420316,4.270151960784315,5.715039969834088,9.895395173453997,7.450385495223731,5.784045625942684,3.867828808446455,4.5394306184012105,3.361403594771242,6.8372492458521865,4.469128959276015,3.2720522875817,4.352320010055301,4.049764705882351,3.657949723479136,3.825643790849672,6.5509428104575145,5.8253774509803895,6.807596279537452,11.214241452991452,6.2801788587229765,5.825951231774762,6.727732151835089,6.662295625942685,3.692281045751632,6.775173705379588,8.501298516842631,10.591028280542984,8.254481523378583,9.03876571141277,5.198622046254397,6.778776143790847,4.695479763700353,8.673378707893415,8.99107227249874,4.434575289089996,5.394673705379587,8.767385997988939,5.868353318250375,3.938380467571644,8.904124057315233,9.460497988939164,3.703645173453997,8.615149446958268,6.075040723981898,9.15154361488185,4.393871920563097,5.311003645047762,5.047966314731019,3.93603205128205,3.3769190548014065,5.519371794871796,3.707778406234288,5.313902966314728,7.061110482654599,7.125443690296631,7.987790221216692
GSM363083,10.704038712921069,8.54480656108597,8.842315485168427,8.355807692307689,7.660604952237305,9.51049648064354,6.247151835093016,9.108842760180996,6.679732905982906,6.411414529914526,8.10076985922574,9.041015962795376,6.7927916038210165,6.391512694821518,10.506332076420314,3.896151960784315,4.400039969834087,10.816395173453996,8.235385495223731,5.764045625942685,3.615828808446455,3.608430618401211,3.5124035947712424,7.577249245852186,3.920128959276015,3.4890522875817003,3.712320010055301,4.599764705882351,3.332949723479136,3.815643790849673,5.073942810457514,6.037377450980389,7.418596279537453,7.126241452991452,5.201178858722976,5.708951231774762,6.776732151835089,8.697295625942685,3.741281045751632,5.061173705379589,6.448298516842633,9.959028280542984,10.242481523378585,8.91076571141277,5.763622046254397,5.805776143790848,7.151479763700353,8.109378707893415,8.736072272498742,4.398575289089996,4.847673705379587,9.948385997988938,6.426353318250376,3.989380467571644,6.553124057315232,9.057497988939168,3.998645173453996,8.319149446958267,6.210040723981899,8.05854361488185,3.933871920563097,3.926003645047762,7.037966314731018,3.90303205128205,3.5569190548014062,4.497371794871796,3.437778406234288,3.724902966314728,6.218110482654599,3.574443690296631,6.163790221216692
GSM363218,11.518038712921069,9.34280656108597,9.361315485168427,9.874807692307687,8.109604952237305,9.23449648064354,8.453151835093015,9.380842760180997,4.650732905982906,4.921414529914526,10.28976985922574,9.536015962795377,6.880791603821017,8.423512694821518,10.654332076420314,3.9501519607843143,3.385039969834088,5.032395173453995,9.64438549522373,5.821045625942684,3.590828808446455,3.595430618401211,3.245403594771242,7.640249245852186,3.647128959276015,4.962052287581701,4.150320010055301,3.6277647058823512,3.418949723479136,3.399643790849672,8.928942810457514,8.07737745098039,7.354596279537453,12.514241452991453,4.713178858722976,7.313951231774762,7.977732151835088,3.8792956259426847,3.691281045751632,6.403173705379588,11.283298516842631,8.231028280542985,6.060481523378583,9.92776571141277,5.393622046254397,7.946776143790847,5.309479763700353,4.816378707893415,7.854072272498742,4.462575289089996,4.3646737053795865,8.147385997988938,4.908353318250375,4.469380467571644,8.207124057315234,9.630497988939164,2.9456451734539963,9.147149446958268,3.973040723981898,8.352543614881851,4.671871920563097,4.262003645047762,7.271966314731018,3.89203205128205,3.121919054801406,8.506371794871797,3.2677784062342883,3.9489029663147286,7.319110482654599,3.54944369029663,8.110790221216691
GSM363086,11.566038712921069,9.94380656108597,8.044315485168427,10.76380769230769,6.982604952237305,8.73449648064354,7.391151835093015,8.839842760180996,5.461732905982906,3.5694145299145266,7.880769859225741,8.593015962795375,5.691791603821017,7.609512694821518,10.799332076420312,5.9721519607843145,7.420039969834088,9.593395173453995,7.985385495223732,7.107045625942685,3.662828808446455,6.828430618401211,3.361403594771242,7.436249245852186,3.350128959276015,3.4320522875817003,4.500320010055301,3.995764705882352,3.386949723479136,3.627643790849672,6.051942810457515,5.20337745098039,7.347596279537452,12.304241452991452,5.234178858722976,6.838951231774762,7.278732151835089,7.102295625942685,3.871281045751632,6.746173705379588,5.048298516842633,8.163028280542985,4.611481523378583,10.39176571141277,5.516622046254398,8.480776143790848,2.732479763700353,7.723378707893415,10.51707227249874,3.917575289089996,5.927673705379587,8.897385997988938,6.507353318250376,3.611380467571644,4.788124057315232,8.919497988939167,2.5786451734539964,9.156149446958269,3.960040723981898,9.256543614881853,4.083871920563097,4.090003645047762,6.782966314731018,4.05703205128205,3.3769190548014065,4.695371794871796,5.828778406234288,4.040902966314729,7.258110482654599,7.7644436902966305,7.6897902212166915
GSM363267,11.691038712921069,9.55880656108597,8.440315485168428,9.87780769230769,7.126604952237305,8.321496480643539,9.169151835093016,9.180842760180996,6.229732905982907,7.494414529914526,8.178769859225742,8.684015962795376,7.173791603821017,7.0065126948215175,10.295332076420314,5.749151960784315,6.885039969834088,5.819395173453995,7.848385495223732,5.692045625942685,3.615828808446455,5.271430618401211,3.264403594771242,6.742249245852186,4.323128959276015,3.3530522875817,4.794320010055301,4.195764705882351,3.369949723479136,3.5776437908496725,6.166942810457514,5.61037745098039,7.5775962795374525,11.768241452991452,5.195178858722977,6.609951231774763,7.169732151835089,4.504295625942685,3.575281045751632,4.232173705379588,5.980298516842633,8.812028280542984,4.240481523378582,9.01576571141277,5.074622046254397,7.104776143790848,5.770479763700353,7.608378707893415,6.286072272498743,3.989575289089996,6.823673705379587,9.172385997988938,6.363353318250375,5.126380467571644,6.433124057315232,8.744497988939166,3.519645173453996,8.427149446958268,4.096040723981898,10.39354361488185,4.052871920563097,5.015003645047762,6.789966314731019,3.89103205128205,3.4639190548014063,4.719371794871796,3.3117784062342883,3.691902966314729,6.734110482654599,4.56744369029663,7.382790221216691
GSM362994,10.69903871292107,8.74480656108597,9.049315485168428,10.916807692307689,7.820604952237305,8.393496480643538,7.451151835093015,8.623842760180995,5.837732905982906,6.521414529914527,7.630769859225741,8.446015962795375,5.602791603821016,7.662512694821518,9.988332076420312,4.477151960784315,6.646039969834088,5.482395173453996,7.876385495223731,7.052045625942684,4.305828808446455,4.593430618401211,4.286403594771242,7.355249245852186,3.7001289592760154,3.4690522875817003,3.766320010055301,7.088764705882351,3.383949723479136,4.051643790849672,6.474942810457515,4.62637745098039,6.547596279537452,10.951241452991452,4.703178858722977,8.119951231774763,6.3487321518350885,4.770295625942684,3.691281045751632,7.303173705379589,7.113298516842633,8.759028280542985,5.263481523378583,9.79176571141277,5.052622046254397,8.782776143790848,2.974479763700353,7.909378707893415,9.339072272498743,3.007575289089996,5.403673705379587,8.007385997988939,6.445353318250375,3.883380467571644,7.583124057315232,8.934497988939166,3.2026451734539965,8.257149446958268,4.3690407239818985,7.91954361488185,4.425871920563097,4.831003645047762,5.560966314731019,3.64903205128205,3.5669190548014065,4.912371794871796,6.790778406234288,4.049902966314728,9.407110482654598,6.650443690296631,8.019790221216692
GSM363224,11.817038712921068,9.70180656108597,8.467315485168427,8.89980769230769,7.093604952237306,7.802496480643539,7.400151835093015,8.793842760180995,7.906732905982906,4.939414529914527,7.743769859225742,8.670015962795375,7.984791603821017,6.799512694821518,10.195332076420314,6.199151960784315,7.942039969834088,4.454395173453995,7.201385495223732,6.6570456259426845,3.679828808446455,5.253430618401211,5.176403594771243,8.156249245852186,4.230128959276015,3.0990522875817,6.202320010055301,4.227764705882351,3.430949723479136,3.989643790849673,5.403942810457514,6.789377450980389,6.825596279537453,12.405241452991453,5.144178858722976,8.161951231774761,7.410732151835089,5.205295625942685,3.681281045751632,5.854173705379588,7.529298516842632,9.394028280542985,6.059481523378582,8.67676571141277,7.115622046254398,6.967776143790847,2.969479763700353,4.898378707893415,6.435072272498742,5.354575289089996,5.656673705379587,8.912385997988938,6.388353318250376,3.573380467571644,7.282124057315232,9.551497988939166,2.6626451734539964,9.444149446958267,4.767040723981898,7.923543614881851,4.049871920563097,5.657003645047762,6.139966314731018,3.94403205128205,7.430919054801406,4.440371794871796,6.0517784062342885,4.142902966314728,7.138110482654599,3.614443690296631,7.513790221216691
GSM363269,10.935038712921068,9.30480656108597,7.820315485168427,8.28980769230769,7.287604952237306,7.220496480643539,7.859151835093016,7.867842760180996,5.460732905982907,4.956414529914526,8.00576985922574,7.564015962795375,7.355791603821016,5.620512694821518,9.744332076420314,7.137151960784315,8.475039969834087,5.840395173453995,7.385385495223732,6.410045625942685,3.4468288084464547,4.208430618401211,4.028403594771242,7.353249245852186,4.347128959276015,3.1690522875817004,6.106320010055302,3.805764705882351,4.733949723479136,3.678643790849673,5.1599428104575145,4.47237745098039,6.139596279537453,10.758241452991452,5.144178858722976,7.582951231774762,6.200732151835089,8.913295625942684,3.592281045751632,4.849173705379588,7.270298516842633,7.970028280542984,4.652481523378582,9.46776571141277,7.753622046254398,6.740776143790847,3.034479763700353,4.824378707893415,4.325072272498742,6.023575289089996,5.736673705379586,9.107385997988938,7.804353318250375,3.763380467571644,6.9081240573152325,9.341497988939166,3.0456451734539964,9.756149446958268,4.162040723981899,8.51954361488185,4.064871920563097,4.222003645047762,6.268966314731019,3.78403205128205,8.194919054801407,4.625371794871796,3.216778406234288,3.856902966314729,8.1761104826546,3.694443690296631,8.003790221216692
GSM363182,11.437038712921067,9.09080656108597,9.128315485168429,9.29080769230769,7.378604952237305,8.439496480643538,7.601151835093016,8.633842760180995,4.477732905982906,7.4044145299145265,7.457769859225741,8.454015962795376,8.037791603821017,7.1555126948215175,10.289332076420314,4.854151960784315,6.157039969834088,5.476395173453995,7.045385495223732,6.070045625942685,3.679828808446455,4.876430618401211,6.430403594771242,7.944249245852186,3.650128959276015,3.2300522875817004,5.912320010055301,4.084764705882352,3.446949723479136,3.849643790849672,6.847942810457514,3.778377450980389,8.198596279537451,11.828241452991453,4.892178858722977,6.767951231774762,8.341732151835089,7.832295625942685,3.580281045751632,4.325173705379588,6.304298516842633,6.709028280542985,5.816481523378583,9.83976571141277,7.954622046254397,7.997776143790848,2.975479763700353,5.454378707893415,9.263072272498745,4.684575289089996,4.873673705379587,7.893385997988938,5.545353318250376,3.934380467571644,6.040124057315232,10.354497988939166,3.1016451734539965,9.862149446958268,4.727040723981898,8.15454361488185,4.162871920563097,3.977003645047762,6.322966314731018,4.077032051282051,3.283919054801406,5.587371794871796,4.669778406234288,4.0139029663147285,7.747110482654599,3.904443690296631,7.797790221216691
GSM363109,11.606038712921068,9.55980656108597,8.471315485168427,10.948807692307687,8.101604952237306,9.01649648064354,7.301151835093015,9.403842760180996,4.7157329059829065,4.504414529914526,7.852769859225741,9.052015962795377,7.222791603821016,7.234512694821518,9.395332076420312,4.103151960784315,5.929039969834087,4.946395173453995,8.817385495223732,6.499045625942684,3.906828808446455,3.286430618401211,3.306403594771242,7.388249245852186,3.659128959276015,3.3530522875817,6.256320010055301,4.284764705882352,3.643949723479136,4.021643790849673,6.1599428104575145,4.609377450980389,8.273596279537454,12.072241452991452,5.277178858722976,6.871951231774762,7.682732151835089,4.315295625942685,3.685281045751632,9.460173705379589,6.562298516842633,7.892028280542985,5.807481523378582,9.40676571141277,4.9206220462543975,9.032776143790848,2.937479763700353,7.724378707893415,9.97907227249874,4.239575289089996,5.291673705379587,9.015385997988938,6.818353318250376,3.692380467571644,6.927124057315232,9.592497988939169,3.560645173453996,9.228149446958268,6.3160407239818985,8.15754361488185,4.521871920563097,4.462003645047762,7.034966314731019,4.037032051282051,3.589919054801406,4.642371794871796,6.345778406234288,4.1919029663147285,6.620110482654599,5.722443690296631,8.824790221216691
GSM363054,11.040038712921069,8.43780656108597,7.404315485168428,11.74880769230769,8.248604952237306,7.596496480643539,10.790151835093017,8.618842760180996,7.0587329059829065,6.919414529914526,5.997769859225741,9.355015962795376,7.454791603821016,6.797512694821518,8.781332076420314,4.019151960784315,3.859039969834088,6.212395173453995,10.57438549522373,5.826045625942684,3.4878288084464546,3.593430618401211,3.301403594771242,6.892249245852186,3.8211289592760154,3.5280522875817004,3.952320010055301,3.2627647058823515,3.398949723479136,3.962643790849672,5.147942810457514,6.07637745098039,7.953596279537453,9.853241452991451,4.736178858722976,4.190951231774762,6.132732151835089,3.748295625942685,3.492281045751632,7.808173705379587,13.293298516842633,9.769028280542985,8.450481523378581,7.18476571141277,3.707622046254397,9.379776143790847,5.335479763700353,11.012378707893417,4.839072272498743,4.414575289089996,4.7236737053795865,8.427385997988939,9.175353318250377,4.390380467571644,13.25112405731523,9.875497988939166,2.7516451734539964,9.482149446958267,6.378040723981898,8.51854361488185,7.307871920563097,5.158003645047762,6.371966314731019,3.99703205128205,3.145919054801406,4.392371794871796,4.396778406234288,3.669902966314728,6.333110482654599,3.482443690296631,7.010790221216691
GSM363075,11.505038712921069,9.27280656108597,9.069315485168428,10.03280769230769,7.649604952237306,8.55149648064354,9.761151835093017,9.517842760180995,6.314732905982907,8.319414529914525,8.960769859225742,8.032015962795375,6.733791603821016,7.0835126948215175,10.367332076420317,4.649151960784315,6.420039969834088,9.753395173453995,7.613385495223731,6.558045625942684,5.536828808446455,6.227430618401211,4.1604035947712426,7.259249245852186,5.107128959276015,4.1090522875817,4.965320010055302,7.686764705882351,5.053949723479136,3.826643790849672,7.925942810457514,7.958377450980389,7.446596279537452,11.978241452991451,6.853178858722976,7.789951231774762,7.504732151835089,7.254295625942685,4.083281045751632,5.4011737053795885,6.922298516842633,9.150028280542983,7.5684815233785825,8.76676571141277,4.914622046254397,7.028776143790847,5.583479763700353,10.185378707893417,9.111072272498742,4.431575289089996,5.752673705379586,8.804385997988938,7.516353318250376,4.028380467571644,7.472124057315232,8.719497988939166,6.228645173453996,9.500149446958268,6.068040723981898,9.070543614881853,4.508871920563097,5.061003645047762,6.422966314731019,4.53403205128205,4.394919054801407,6.457371794871796,7.761778406234288,4.889902966314728,7.7831104826546,8.035443690296631,9.469790221216693
GSM363129,11.339038712921068,9.71080656108597,9.545315485168429,8.68180769230769,6.936604952237306,9.79849648064354,7.652151835093015,9.652842760180995,5.478732905982906,5.173414529914527,9.26776985922574,8.953015962795376,5.847791603821016,7.231512694821518,11.653332076420314,4.2221519607843145,4.811039969834088,6.324395173453995,10.090385495223732,5.9390456259426845,3.6008288084464546,3.5574306184012108,4.446403594771242,6.721249245852186,4.009128959276015,3.3630522875817004,4.314320010055301,4.177764705882352,3.555949723479136,3.5786437908496724,7.0139428104575146,9.47737745098039,5.8275962795374525,10.807241452991452,5.354178858722976,5.911951231774762,8.21573215183509,4.224295625942685,3.851281045751632,6.539173705379588,6.446298516842632,8.863028280542984,6.539481523378583,9.66176571141277,4.520622046254397,5.581776143790847,3.611479763700353,8.125378707893415,10.544072272498742,4.542575289089996,4.681673705379587,9.604385997988938,5.011353318250376,3.523380467571644,6.3681240573152325,9.262497988939169,3.310645173453996,9.141149446958268,5.472040723981898,7.971543614881851,3.904871920563097,4.6230036450477625,6.816966314731019,4.10803205128205,3.295919054801406,6.981371794871796,3.883778406234288,3.881902966314728,7.569110482654599,3.578443690296631,8.128790221216692
GSM363101,11.329038712921069,9.39880656108597,8.395315485168426,9.37580769230769,6.6696049522373055,8.19149648064354,6.684151835093015,8.738842760180995,5.371732905982906,4.071414529914526,8.704769859225742,8.403015962795376,5.499791603821016,6.611512694821518,10.818332076420312,5.237151960784315,6.305039969834088,6.376395173453996,7.5283854952237315,5.732045625942685,3.696828808446455,6.413430618401211,3.0084035947712424,7.449249245852186,3.763128959276015,3.2790522875817003,3.758320010055301,3.690764705882352,3.603949723479136,3.4306437908496723,6.164942810457514,6.111377450980389,5.995596279537453,11.063241452991452,5.0751788587229765,7.002951231774762,6.380732151835089,6.774295625942685,3.828281045751632,6.122173705379589,7.176298516842633,9.293028280542984,5.348481523378583,9.09376571141277,6.051622046254398,5.610776143790847,3.951479763700353,6.285378707893415,9.53507227249874,5.281575289089996,4.111673705379586,8.358385997988938,7.293353318250376,4.321380467571644,7.187124057315232,8.556497988939165,3.4016451734539963,9.208149446958268,5.3770407239818985,8.07254361488185,4.046871920563097,4.858003645047762,5.460966314731018,3.4260320512820504,3.1729190548014063,4.508371794871796,3.160778406234288,4.171902966314728,7.361110482654599,3.786443690296631,6.832790221216691
GSM363378,11.070038712921068,9.629806561085967,9.198315485168427,8.53780769230769,7.197604952237306,9.489496480643538,6.839151835093015,7.346842760180996,6.140732905982906,5.274414529914527,7.513769859225741,6.997015962795376,7.091791603821017,8.428512694821517,11.473332076420316,4.074151960784315,7.719039969834087,9.002395173453996,6.606385495223732,5.570045625942685,3.719828808446455,5.704430618401211,3.3034035947712423,6.461249245852186,5.098128959276015,3.8980522875817,5.239320010055302,4.521764705882352,3.776949723479136,3.472643790849673,5.541942810457514,3.822377450980389,6.071596279537452,9.429241452991452,5.117178858722976,6.987951231774762,7.146732151835089,5.422295625942684,4.352281045751631,3.921173705379589,6.2392985168426325,8.225028280542984,3.7454815233785834,8.15276571141277,5.0616220462543975,8.589776143790848,5.184479763700353,7.682378707893415,9.534072272498744,4.962575289089996,5.258673705379587,8.735385997988939,6.600353318250376,3.974380467571644,6.612124057315232,9.522497988939168,3.1396451734539963,8.792149446958268,5.217040723981898,6.93054361488185,4.006871920563097,3.722003645047762,6.550966314731019,3.5440320512820502,4.003919054801406,4.227371794871796,5.041778406234288,4.525902966314728,8.462110482654598,4.488443690296631,9.28079022121669
GSM363232,11.185038712921068,9.71880656108597,8.359315485168427,9.471807692307689,7.8476049522373055,8.375496480643537,7.962151835093016,9.200842760180995,4.879732905982906,4.917414529914526,8.98576985922574,7.742015962795376,7.108791603821016,7.419512694821518,10.390332076420314,4.9161519607843145,6.155039969834087,6.480395173453996,7.934385495223731,6.404045625942684,3.527828808446454,3.188430618401211,3.381403594771242,7.701249245852186,3.973128959276015,2.9680522875817004,4.855320010055301,3.693764705882352,3.310949723479136,3.744643790849672,5.854942810457515,4.516377450980389,6.829596279537452,11.473241452991452,4.725178858722976,7.354951231774762,6.686732151835089,5.662295625942685,3.290281045751632,7.599173705379588,10.891298516842632,7.173028280542985,4.338481523378582,9.01476571141277,6.450622046254398,6.072776143790848,5.364479763700353,4.484378707893415,8.907072272498741,3.686575289089996,4.577673705379587,9.28338599798894,6.042353318250376,5.694380467571643,10.960124057315234,8.893497988939165,2.862645173453996,8.698149446958269,4.956040723981898,8.06254361488185,4.149871920563097,4.856003645047762,6.364966314731018,3.3780320512820503,3.1479190548014064,5.793371794871796,3.389778406234288,4.071902966314728,6.777110482654599,3.739443690296631,7.566790221216691
GSM362993,11.621038712921068,9.299806561085967,8.852315485168427,10.15580769230769,7.861604952237306,7.682496480643539,7.805151835093016,7.993842760180996,7.163732905982906,5.143414529914526,8.481769859225741,8.395015962795375,7.019791603821017,7.384512694821518,10.305332076420314,4.092151960784315,7.430039969834087,8.224395173453996,7.147385495223731,5.242045625942684,3.794828808446455,3.5014306184012107,3.116403594771242,7.072249245852186,3.5891289592760147,5.7110522875817,4.378320010055301,3.8527647058823513,3.479949723479136,3.5876437908496723,6.403942810457514,6.59437745098039,7.597596279537452,11.260241452991451,4.869178858722976,6.789951231774762,7.906732151835089,5.178295625942685,3.540281045751632,7.332173705379589,5.9972985168426325,9.183028280542985,6.240481523378582,8.149765711412769,6.219622046254398,8.351776143790847,4.848479763700353,6.693378707893415,10.004072272498744,4.467575289089996,5.017673705379587,8.685385997988938,5.976353318250376,3.713380467571644,6.197124057315232,8.966497988939166,3.1456451734539965,8.514149446958267,7.252040723981898,8.45554361488185,4.380871920563097,4.658003645047762,5.984966314731018,3.59303205128205,3.6609190548014063,4.918371794871796,4.376778406234288,3.772902966314728,6.508110482654599,3.783443690296631,7.211790221216692
GSM363150,11.104038712921067,8.51580656108597,9.236315485168427,9.272807692307689,10.730604952237304,7.491496480643539,7.622151835093016,9.651842760180996,5.285732905982907,7.615414529914526,8.570769859225742,8.582015962795376,7.514791603821016,6.637512694821518,10.696332076420314,4.266151960784315,5.146039969834088,5.672395173453995,9.070385495223732,5.5720456259426845,3.794828808446455,4.040430618401211,3.3194035947712424,6.981249245852186,3.4741289592760145,3.3360522875817,4.010320010055301,4.415764705882351,3.381949723479136,3.609643790849673,9.836942810457517,9.50337745098039,7.062596279537453,11.198241452991452,5.024178858722976,6.403951231774762,6.055732151835089,4.828295625942685,3.933281045751632,6.318173705379588,7.416298516842633,7.242028280542985,7.152481523378582,9.48576571141277,4.7266220462543975,6.709776143790847,2.824479763700353,7.879378707893415,11.09007227249874,3.993575289089996,5.439673705379587,8.836385997988938,5.133353318250376,3.0163804675716435,7.853124057315232,8.686497988939166,3.0336451734539964,8.563149446958267,5.247040723981899,9.961543614881853,3.443871920563097,4.100003645047762,6.248966314731018,3.84403205128205,3.1969190548014064,6.226371794871796,3.314778406234288,3.739902966314729,7.0811104826546,3.596443690296631,7.305790221216691
GSM363142,11.166038712921068,9.36980656108597,7.573315485168427,9.78480769230769,7.479604952237305,7.420496480643539,8.644151835093016,9.156842760180997,6.040732905982907,5.538414529914526,8.407769859225741,9.038015962795376,7.587791603821016,5.124512694821518,9.873332076420311,6.769151960784315,7.479039969834087,7.460395173453995,7.322385495223731,6.209045625942684,3.4338288084464548,6.064430618401211,3.9444035947712415,7.696249245852186,4.303128959276014,4.4580522875817,3.5573200100553013,4.211764705882351,3.466949723479136,4.077643790849672,7.368942810457514,7.803377450980389,7.479596279537453,11.693241452991453,5.0831788587229765,7.316951231774762,6.328732151835089,3.7312956259426846,3.821281045751632,6.630173705379589,4.135298516842632,9.284028280542984,3.9594815233785834,9.08076571141277,5.267622046254397,8.824776143790848,3.452479763700353,8.479378707893416,8.253072272498741,4.127575289089996,6.488673705379587,7.814385997988938,5.165353318250376,3.633380467571644,4.015124057315232,10.229497988939166,3.3996451734539965,9.147149446958268,3.8730407239818985,7.950543614881851,4.712871920563098,6.751003645047763,6.462966314731019,3.96903205128205,3.6409190548014063,5.400371794871796,4.439778406234288,4.264902966314728,6.4451104826546,6.546443690296631,7.824790221216691
GSM363013,11.192038712921068,9.20480656108597,8.993315485168427,10.096807692307689,7.558604952237306,8.387496480643538,8.143151835093015,10.032842760180996,7.701732905982906,7.722414529914526,7.843769859225741,8.261015962795376,7.475791603821016,7.257512694821518,9.824332076420314,5.036151960784315,5.732039969834087,9.647395173453996,9.08938549522373,5.828045625942685,4.8158288084464544,5.0234306184012105,4.520403594771242,7.042249245852186,4.442128959276015,3.713052287581701,3.730320010055301,3.955764705882352,3.416949723479136,3.678643790849673,7.010942810457514,8.05137745098039,7.589596279537452,11.984241452991451,5.306178858722976,6.152951231774762,7.581732151835089,5.881295625942685,3.398281045751632,6.303173705379589,6.945298516842633,9.475028280542984,7.384481523378582,9.69676571141277,4.550622046254397,7.019776143790848,6.920479763700353,8.845378707893415,10.077072272498745,4.682575289089995,5.1146737053795865,8.868385997988938,6.330353318250376,4.313380467571644,7.226124057315232,8.655497988939166,3.5896451734539965,8.959149446958268,4.952040723981899,9.03954361488185,3.510871920563097,4.629003645047762,6.452966314731018,3.74703205128205,3.3389190548014063,5.877371794871796,4.108778406234288,4.467902966314728,6.2541104826546,5.554443690296631,7.833790221216692
GSM363331,11.87903871292107,10.07080656108597,8.609315485168427,10.26080769230769,7.3956049522373055,8.28749648064354,8.451151835093015,9.414842760180996,5.580732905982907,5.339414529914526,8.675769859225742,9.000015962795375,9.162791603821017,7.095512694821518,10.384332076420314,3.496151960784315,3.851039969834088,7.160395173453996,9.27838549522373,6.403045625942684,3.696828808446455,3.6024306184012107,3.213403594771242,7.937249245852186,4.165128959276014,3.1670522875817,4.998320010055301,3.291764705882352,2.977949723479136,3.607643790849672,7.371942810457514,5.77837745098039,7.032596279537453,11.324241452991451,4.869178858722976,6.492951231774762,7.967732151835089,4.027295625942685,3.621281045751632,5.373173705379588,8.190298516842631,7.652028280542985,8.152481523378583,8.492765711412769,5.631622046254398,7.205776143790848,4.907479763700353,6.763378707893415,10.057072272498743,4.406575289089996,6.156673705379587,8.875385997988937,6.385353318250376,6.319380467571643,8.258124057315232,9.160497988939166,3.0576451734539964,8.652149446958267,4.147040723981898,8.64654361488185,3.766871920563097,5.491003645047762,7.198966314731019,4.09503205128205,3.1739190548014062,4.845371794871796,3.345778406234288,3.774902966314728,6.6161104826546,3.760443690296631,9.661790221216693
GSM363128,11.279038712921068,9.93680656108597,8.985315485168428,11.51380769230769,6.952604952237306,7.99149648064354,9.299151835093015,7.946842760180996,5.636732905982907,4.992414529914527,8.993769859225742,7.748015962795375,10.482791603821015,6.878512694821518,8.868332076420314,5.200151960784315,5.965039969834088,5.889395173453996,7.805385495223732,7.045045625942684,3.762828808446455,3.7514306184012103,3.596403594771242,6.989249245852186,3.9261289592760154,3.2790522875817003,3.842320010055301,5.423764705882351,3.739949723479136,3.788643790849672,7.914942810457514,6.189377450980389,6.874596279537452,10.128241452991452,4.749178858722976,7.006951231774762,8.294732151835088,5.160295625942685,3.725281045751632,5.750173705379589,7.265298516842633,8.810028280542985,8.384481523378582,9.30976571141277,6.325622046254398,6.941776143790848,2.972479763700353,9.520378707893416,8.788072272498741,4.270575289089996,5.657673705379587,8.365385997988938,6.664353318250376,4.124380467571644,6.530124057315232,9.242497988939164,2.8556451734539965,9.339149446958269,3.8740407239818975,8.86354361488185,3.859871920563098,4.7000036450477625,5.567966314731018,3.9100320512820494,3.1439190548014064,4.206371794871796,7.513778406234288,3.961902966314729,6.825110482654599,7.388443690296631,8.811790221216691
GSM363315,11.500038712921068,9.892806561085967,8.732315485168428,10.64180769230769,7.394604952237305,9.08949648064354,8.585151835093015,7.926842760180995,6.690732905982906,4.145414529914526,8.864769859225742,8.749015962795376,6.997791603821017,6.613512694821518,10.623332076420311,4.6581519607843145,6.984039969834088,6.978395173453995,7.287385495223732,6.340045625942684,3.5388288084464548,5.282430618401211,3.5134035947712423,7.959249245852186,3.976128959276015,3.3160522875817,4.550320010055302,3.5787647058823517,3.447949723479136,3.5426437908496724,5.979942810457515,7.20637745098039,8.323596279537451,9.871241452991452,5.9741788587229765,6.804951231774762,6.173732151835089,6.077295625942685,3.624281045751632,4.472173705379588,5.570298516842633,9.006028280542985,6.147481523378582,7.740765711412769,5.533622046254397,7.548776143790848,3.246479763700353,7.318378707893415,9.29907227249874,4.609575289089996,6.079673705379586,8.648385997988939,6.903353318250376,4.336380467571644,5.507124057315232,9.271497988939164,3.1466451734539964,8.653149446958269,5.162040723981899,8.515543614881851,3.934871920563097,5.270003645047762,5.987966314731018,4.18703205128205,3.299919054801406,6.619371794871796,3.2677784062342883,4.126902966314728,7.498110482654599,3.52544369029663,8.563790221216692
GSM363384,11.43303871292107,9.37780656108597,8.630315485168428,10.20980769230769,6.6456049522373055,8.33649648064354,7.690151835093015,9.309842760180995,6.841732905982907,5.986414529914526,8.583769859225741,9.312015962795376,7.799791603821016,7.0465126948215175,10.545332076420314,5.821151960784315,6.607039969834087,7.545395173453995,9.181385495223733,7.143045625942684,3.785828808446455,4.949430618401211,5.356403594771242,7.316249245852186,3.4961289592760147,3.1560522875817,4.049320010055301,3.802764705882352,3.327949723479136,3.656643790849672,6.648942810457514,6.287377450980389,7.036596279537452,12.489241452991452,4.604178858722976,7.934951231774762,7.751732151835089,5.965295625942685,3.174281045751632,7.499173705379588,5.8112985168426325,8.838028280542986,6.006481523378582,10.11876571141277,5.300622046254397,6.971776143790848,6.784479763700353,7.710378707893415,8.615072272498743,4.418575289089996,4.317673705379587,8.312385997988939,6.088353318250376,5.542380467571643,6.011124057315232,8.791497988939167,3.0956451734539963,9.246149446958269,5.491040723981898,8.05554361488185,3.843871920563097,4.443003645047762,6.129966314731019,3.1890320512820503,3.3459190548014064,4.112371794871796,3.3767784062342883,3.9649029663147286,5.3811104826546,3.870443690296631,7.901790221216691
GSM363147,10.598038712921069,10.10880656108597,8.985315485168428,9.57980769230769,7.6296049522373055,8.49949648064354,7.923151835093015,9.373842760180995,4.835732905982907,4.708414529914526,11.10376985922574,8.857015962795376,5.489791603821017,7.386512694821518,10.318332076420312,4.233151960784315,5.139039969834087,10.137395173453996,9.530385495223731,5.748045625942685,3.762828808446455,3.664430618401211,3.479403594771242,7.343249245852186,3.678128959276015,3.3070522875817003,3.948320010055301,4.231764705882352,3.673949723479136,3.812643790849672,7.108942810457514,6.24137745098039,5.695596279537453,10.859241452991451,4.752178858722976,6.520951231774762,7.9847321518350896,8.656295625942684,3.883281045751632,6.016173705379589,5.567298516842633,8.536028280542984,8.202481523378584,10.00476571141277,4.676622046254398,6.290776143790848,2.939479763700353,8.758378707893415,10.237072272498745,4.414575289089996,4.519673705379587,9.423385997988936,5.193353318250376,3.265380467571644,5.809124057315232,9.325497988939166,2.830645173453996,9.392149446958268,4.229040723981898,9.04054361488185,3.886871920563097,3.949003645047762,6.569966314731018,4.07003205128205,3.524919054801406,4.936371794871796,3.215778406234288,4.313902966314728,6.1931104826546,3.855443690296631,7.890790221216691
GSM362947,11.141341880341889,9.287288461538465,8.695636752136751,10.473269230769226,7.966715811965815,8.36155982905984,8.024418803418804,8.097673076923087,6.323540598290601,8.051952991452989,8.353912393162393,8.856728632478639,8.55154273504273,8.436284188034191,10.430354700854702,6.359416666666673,9.064320512820515,6.337282051282045,8.609446581196575,5.752224358974353,3.771910256410253,4.610679487179494,3.1961388888888917,7.920762820512822,3.983807692307695,3.2201111111111143,6.588559829059828,3.293999999999997,2.6618547008547,3.256055555555549,5.914972222222217,3.215583333333336,7.751863247863246,10.461895299145292,4.335959401709399,7.586829059829054,5.764553418803418,3.5329743589743594,2.283222222222223,6.847047008547011,4.539925213675221,9.32051923076923,7.801814102564096,10.043982905982906,6.230425213675211,7.903805555555558,2.992844017094018,7.039561965811959,6.01777136752137,3.839220085470087,3.9515470085470064,8.79243803418803,5.992993589743587,3.627532051282053,4.505891025641022,8.939534188034182,2.5930320512820493,9.898459401709406,3.9193076923076906,9.07375854700855,3.767177350427355,4.256938034188034,5.700572649572647,3.858455128205125,5.753376068376066,4.136679487179486,7.855767094017096,3.63164957264957,6.343121794871801,7.293457264957267,7.835566239316237
GSM363081,10.623038712921067,9.60380656108597,8.470315485168427,11.69980769230769,6.555604952237306,7.696496480643539,9.345151835093017,7.701842760180996,6.2157329059829065,4.121414529914526,8.246769859225742,7.853015962795376,8.001791603821015,6.035512694821518,8.674332076420313,5.2671519607843145,6.329039969834088,6.918395173453996,8.956385495223731,6.0640456259426845,4.562828808446454,3.587430618401211,8.390403594771243,6.960249245852186,3.5261289592760146,4.0160522875817,4.561320010055301,4.041764705882351,4.089949723479136,3.580643790849672,7.301942810457515,4.008377450980389,6.447596279537453,11.340241452991451,5.3571788587229765,5.259951231774762,7.215732151835089,5.115295625942685,4.216281045751632,4.968173705379589,7.557298516842633,9.223028280542986,7.087481523378583,8.95076571141277,4.266622046254398,7.347776143790847,2.864479763700353,7.486378707893415,5.893072272498742,4.732575289089996,5.584673705379587,8.296385997988938,5.326353318250376,3.559380467571644,6.592124057315232,8.335497988939165,3.4326451734539964,9.598149446958269,4.568040723981898,7.319543614881851,4.7258719205630975,3.6090036450477614,5.760966314731019,3.95303205128205,3.4219190548014065,4.906371794871796,5.070778406234288,4.253902966314729,5.5361104826546,6.093443690296631,9.275790221216692
GSM363052,10.22803871292107,9.27480656108597,8.921315485168428,9.95580769230769,7.914604952237306,8.92449648064354,9.279151835093016,9.679842760180996,5.218732905982907,4.928414529914527,6.000769859225741,8.589015962795376,8.506791603821016,7.324512694821518,9.996332076420314,5.023151960784315,4.824039969834088,5.981395173453995,9.40338549522373,6.526045625942684,3.601828808446455,3.702430618401211,4.187403594771242,7.121249245852186,4.431128959276014,3.4940522875817,3.826320010055301,3.8527647058823513,3.703949723479136,4.205643790849672,7.625942810457515,5.9743774509803895,6.389596279537453,11.997241452991451,4.625178858722976,5.334951231774762,6.629732151835089,6.543295625942685,3.815281045751632,7.289173705379588,8.410298516842634,8.562028280542984,6.364481523378583,9.38276571141277,4.9926220462543975,5.355776143790847,4.535479763700353,9.357378707893416,8.952072272498743,4.197575289089996,5.198673705379587,8.837385997988939,5.101353318250376,4.261380467571644,8.766124057315231,8.769497988939166,3.2126451734539963,9.137149446958269,4.263040723981899,9.29954361488185,4.200871920563097,5.340003645047762,6.197966314731018,3.8330320512820495,3.121919054801406,4.448371794871796,4.045778406234288,3.782902966314728,5.870110482654599,6.844443690296631,8.188790221216692
GSM362966,10.604038712921067,9.14880656108597,7.315315485168427,9.33780769230769,7.273604952237306,7.134496480643539,8.755151835093015,8.497842760180996,5.087732905982906,4.327414529914527,7.586769859225741,8.282015962795375,7.583791603821017,7.098512694821518,9.321332076420314,5.210151960784315,7.804039969834087,7.185395173453995,7.799385495223731,5.208045625942685,4.312828808446454,6.897430618401211,3.0294035947712423,7.755249245852186,3.780128959276015,3.3570522875817,5.0473200100553015,4.061764705882351,3.546949723479136,3.607643790849672,5.609942810457515,6.053377450980389,6.199596279537452,10.635241452991451,5.461178858722977,6.709951231774762,6.686732151835089,5.364295625942685,4.248281045751632,5.785173705379588,7.942298516842633,8.046028280542984,5.606481523378583,8.22876571141277,6.505622046254397,7.807776143790847,3.447479763700353,8.096378707893415,8.422072272498742,4.847575289089996,5.145673705379587,8.135385997988937,6.526353318250376,4.088380467571644,8.039124057315231,8.623497988939166,3.0536451734539964,9.173149446958268,4.847040723981898,9.18654361488185,4.496871920563097,4.749003645047762,6.425966314731019,4.1140320512820505,3.7049190548014064,4.416371794871796,3.536778406234288,4.007902966314728,6.426110482654599,5.02744369029663,7.690790221216692
GSM363169,11.355038712921068,8.79880656108597,8.477315485168427,10.765807692307687,7.639604952237305,8.27649648064354,9.505151835093017,7.827842760180996,6.279732905982907,5.608414529914526,8.16876985922574,8.072015962795376,8.053791603821017,7.228512694821518,9.648332076420314,4.970151960784315,6.658039969834087,7.247395173453995,8.36838549522373,6.465045625942684,3.805828808446455,4.960430618401211,5.2054035947712425,7.566249245852186,4.616128959276015,3.4320522875817003,4.195320010055301,3.555764705882351,3.546949723479136,3.5236437908496723,6.8569428104575145,4.739377450980389,6.605596279537452,12.116241452991453,4.4981788587229765,7.650951231774762,7.376732151835089,5.983295625942684,3.488281045751632,6.892173705379588,6.169298516842633,7.470028280542984,7.086481523378582,8.04576571141277,6.127622046254397,7.308776143790848,3.438479763700353,8.572378707893415,9.370072272498742,4.797575289089996,4.684673705379587,8.760385997988937,7.217353318250375,3.910380467571644,6.788124057315232,9.072497988939164,2.983645173453996,9.587149446958268,4.429040723981898,6.90554361488185,4.176871920563097,4.444003645047762,6.399966314731018,3.63303205128205,3.650919054801406,4.046371794871796,6.369778406234288,4.041902966314728,6.1821104826546,8.48844369029663,9.771790221216692
GSM363085,11.290038712921069,9.51380656108597,9.571315485168428,9.336807692307689,7.789604952237306,9.454496480643538,7.560151835093015,9.336842760180996,5.0667329059829065,6.254414529914526,8.798769859225741,8.695015962795376,7.092791603821016,6.543512694821518,11.160332076420314,4.094151960784315,3.905039969834088,9.426395173453995,9.735385495223731,5.276045625942684,3.831828808446455,3.65943061840121,3.5694035947712424,7.084249245852186,3.3881289592760147,3.3170522875817,3.618320010055301,3.696764705882351,3.392949723479136,3.788643790849672,8.923942810457515,6.422377450980389,5.570596279537453,10.271241452991452,4.866178858722976,5.697951231774762,7.142732151835089,4.439295625942685,4.017281045751632,5.610173705379588,8.280298516842631,8.612028280542985,8.483481523378583,9.54576571141277,5.780622046254398,5.401776143790848,4.074479763700353,8.080378707893415,9.643072272498742,4.287575289089996,4.758673705379587,9.165385997988938,6.712353318250376,4.359380467571643,8.733124057315234,9.270497988939166,3.0256451734539964,8.790149446958267,4.330040723981898,8.579543614881851,3.821871920563097,4.720003645047762,6.543966314731018,3.8500320512820494,3.125919054801406,5.334371794871796,4.931778406234288,3.7309029663147286,6.8231104826546,3.546443690296631,8.085790221216692
GSM363388,10.720038712921069,8.64880656108597,8.867315485168428,10.04080769230769,7.360604952237305,8.326496480643538,8.168151835093015,8.321842760180996,5.447732905982907,6.463414529914527,9.01376985922574,8.170015962795375,9.601791603821017,7.254512694821518,9.663332076420314,5.116151960784315,4.872039969834088,6.854395173453995,8.80138549522373,7.154045625942684,3.797828808446455,4.1004306184012105,3.406403594771242,7.1192492458521865,4.591128959276015,3.2790522875817003,4.005320010055302,4.061764705882351,3.197949723479136,3.831643790849673,7.539942810457514,6.49937745098039,6.882596279537452,11.500241452991451,5.600178858722976,6.044951231774762,7.236732151835089,4.207295625942685,3.359281045751632,5.719173705379588,9.586298516842632,9.504028280542984,4.720481523378583,8.19676571141277,4.5776220462543975,5.108776143790847,9.143479763700352,8.654378707893414,8.978072272498743,4.309575289089996,4.3406737053795865,9.165385997988938,6.606353318250376,6.904380467571643,9.563124057315232,8.772497988939167,3.023645173453996,8.673149446958268,5.685040723981898,7.875543614881851,4.130871920563097,4.994003645047762,6.095966314731019,3.46903205128205,3.2729190548014064,4.131371794871796,3.5097784062342883,4.072902966314729,5.245110482654599,3.758443690296631,7.066790221216691
GSM363196,11.32103871292107,9.32780656108597,8.180315485168427,10.03280769230769,8.149604952237306,7.529496480643539,8.238151835093015,8.836842760180996,6.0267329059829065,6.617414529914527,8.560769859225742,8.001015962795377,6.956791603821016,8.292512694821518,10.269332076420314,4.604151960784315,7.309039969834087,8.662395173453996,7.4833854952237315,7.849045625942685,3.706828808446455,7.529430618401211,3.7914035947712414,7.0632492458521865,4.441128959276015,3.3830522875817004,3.917320010055301,3.827764705882352,3.990949723479136,3.666643790849673,6.118942810457514,6.9343774509803895,7.891596279537453,10.975241452991453,5.187178858722977,7.127951231774762,7.826732151835089,8.357295625942685,4.149281045751632,4.364173705379589,6.0822985168426325,8.767028280542984,6.144481523378582,8.20676571141277,4.680622046254397,7.562776143790847,9.870479763700352,7.643378707893415,9.26407227249874,4.464575289089996,5.301673705379587,8.649385997988938,6.272353318250375,4.961380467571644,6.442124057315232,8.414497988939166,3.3366451734539964,8.627149446958267,4.599040723981898,9.39854361488185,4.476871920563097,4.5670036450477625,6.732966314731018,4.38703205128205,3.109919054801406,4.504371794871796,3.201778406234288,3.946902966314728,7.362110482654599,5.368443690296631,7.974790221216692
GSM362948,11.97334188034189,9.602288461538462,9.683636752136753,11.419269230769226,7.611715811965815,8.46455982905984,9.125418803418803,9.891673076923087,6.601540598290601,8.549952991452987,7.916912393162393,8.59572863247864,7.011542735042729,7.589284188034191,11.134354700854702,3.997416666666673,6.497320512820514,9.181282051282048,7.774446581196576,6.2792243589743535,3.4169102564102536,4.117679487179495,2.8431388888888915,8.163762820512822,4.605807692307694,3.6271111111111134,3.379559829059828,3.3279999999999976,2.8048547008547,2.992055555555549,8.444972222222216,5.400583333333335,7.798863247863245,12.605895299145292,4.748959401709399,6.417829059829055,7.948553418803418,6.22697435897436,2.3142222222222237,6.042047008547011,5.48792521367522,9.74051923076923,6.256814102564095,9.020982905982908,4.674425213675211,7.758805555555559,4.097844017094018,8.57156196581196,9.98877136752137,3.5452200854700866,3.763547008547007,9.425438034188032,6.036993589743587,3.704532051282053,5.792891025641022,9.544534188034184,2.744032051282049,10.303459401709407,4.24930769230769,9.94375854700855,4.1171773504273546,4.469938034188034,6.955572649572646,3.444455128205125,2.8203760683760657,5.048679487179486,6.111767094017096,3.598649572649569,7.445121794871801,9.598457264957268,9.924566239316238
GSM363266,11.557038712921068,9.57780656108597,8.301315485168427,10.45380769230769,7.723604952237306,8.63849648064354,8.902151835093015,9.452842760180996,6.000732905982907,5.624414529914526,8.82576985922574,8.437015962795376,8.061791603821016,7.272512694821517,10.626332076420312,4.6981519607843145,6.546039969834087,8.959395173453995,8.79538549522373,6.1730456259426845,3.4518288084464546,5.313430618401211,4.821403594771242,7.037249245852186,3.846128959276015,3.4110522875817004,5.323320010055301,4.547764705882352,3.268949723479136,3.648643790849672,7.178942810457515,5.744377450980389,6.438596279537452,11.046241452991453,5.548178858722976,6.906951231774762,6.4817321518350886,5.349295625942685,4.216281045751632,5.312173705379588,7.516298516842633,9.005028280542986,6.142481523378582,10.37976571141277,4.9606220462543975,6.982776143790847,3.5194797637003528,8.563378707893415,6.601072272498742,4.007575289089996,5.405673705379587,9.210385997988938,5.747353318250376,3.714380467571644,7.826124057315232,9.024497988939164,3.990645173453996,9.912149446958267,4.378040723981898,9.14654361488185,4.482871920563097,4.527003645047762,6.117966314731018,4.33403205128205,3.569919054801406,4.837371794871796,7.712778406234288,4.016902966314729,5.9961104826546,4.522443690296631,9.092790221216692
GSM363326,11.14503871292107,9.21580656108597,8.984315485168427,9.993807692307689,7.622604952237306,8.286496480643539,8.241151835093016,8.464842760180996,5.882732905982906,5.630414529914527,9.079769859225742,8.176015962795375,8.034791603821017,7.423512694821518,10.249332076420314,4.789151960784315,6.406039969834088,8.752395173453996,8.980385495223732,6.6200456259426845,3.3818288084464547,4.4914306184012105,4.282403594771242,6.969249245852186,4.126128959276015,3.0820522875817,4.793320010055301,3.700764705882351,3.368949723479136,3.5336437908496725,6.6679428104575145,5.39037745098039,7.205596279537453,11.387241452991452,4.8891788587229765,6.401951231774762,6.660732151835089,6.238295625942685,3.368281045751632,7.197173705379589,5.611298516842632,8.978028280542985,7.849481523378582,9.24376571141277,6.026622046254397,7.270776143790847,7.204479763700353,8.364378707893415,10.448072272498742,4.461575289089995,5.439673705379587,8.992385997988938,6.826353318250376,6.452380467571643,5.644124057315232,9.043497988939166,3.1506451734539964,8.461149446958268,5.257040723981898,8.51954361488185,3.901871920563097,5.3810036450477625,6.326966314731019,3.3850320512820504,3.2529190548014064,4.895371794871796,3.645778406234288,3.553902966314729,6.6161104826546,4.907443690296631,8.709790221216691
GSM363230,11.723038712921069,9.23480656108597,9.410315485168429,11.35980769230769,7.688604952237306,8.02849648064354,8.727151835093016,8.359842760180996,3.9647329059829066,8.856414529914527,8.916769859225742,8.192015962795375,8.055791603821017,7.704512694821518,9.692332076420314,3.979151960784315,6.655039969834087,8.243395173453996,8.95238549522373,6.248045625942685,4.002828808446455,6.317430618401211,4.784403594771242,7.778249245852186,3.774128959276015,3.9290522875817,3.369320010055301,3.795764705882352,3.292949723479136,3.604643790849672,6.508942810457515,4.013377450980389,6.796596279537453,10.768241452991452,4.875178858722976,7.227951231774762,7.297732151835089,5.320295625942685,3.539281045751632,5.155173705379588,7.951298516842633,7.462028280542984,6.889481523378582,10.73176571141277,6.035622046254398,8.578776143790847,3.303479763700353,7.961378707893415,7.899072272498742,4.965575289089996,5.4096737053795865,7.900385997988938,6.675353318250376,3.854380467571644,7.633124057315232,9.876497988939166,2.749645173453996,10.100149446958268,4.113040723981898,8.14954361488185,4.158871920563097,5.0910036450477625,5.883966314731018,3.91303205128205,3.186919054801406,4.077371794871796,6.847778406234288,3.8839029663147286,7.210110482654599,6.530443690296631,7.786790221216692
GSM363237,11.216038712921067,8.85480656108597,9.302315485168426,9.76680769230769,7.697604952237306,8.60749648064354,8.010151835093016,10.327842760180996,6.318732905982906,8.044414529914526,8.089769859225742,9.313015962795376,8.182791603821016,7.715512694821518,10.650332076420314,4.110151960784315,5.482039969834087,9.309395173453996,9.218385495223732,6.307045625942685,3.889828808446455,3.605430618401211,4.0804035947712425,7.530249245852186,4.331128959276015,3.3570522875817,3.821320010055301,3.940764705882352,3.555949723479136,3.544643790849672,7.539942810457514,9.22437745098039,7.966596279537453,11.588241452991452,4.637178858722976,5.653951231774762,7.659732151835089,6.558295625942685,3.611281045751632,6.871173705379588,5.764298516842633,8.429028280542985,6.288481523378582,8.94076571141277,4.841622046254398,6.251776143790847,6.364479763700353,8.481378707893414,10.251072272498742,4.209575289089996,4.589673705379587,9.583385997988938,5.498353318250376,5.292380467571643,5.992124057315232,8.291497988939167,2.882645173453996,9.064149446958268,4.951040723981898,9.45954361488185,3.891871920563097,4.804003645047763,7.079966314731019,3.83103205128205,3.2079190548014065,4.227371794871796,3.411778406234288,4.011902966314729,6.529110482654599,4.565443690296631,8.305790221216691
GSM363204,11.394038712921068,9.51180656108597,8.756315485168427,9.60680769230769,7.829604952237306,8.43249648064354,8.114151835093015,8.880842760180995,6.786732905982906,6.549414529914526,9.08476985922574,7.962015962795376,7.304791603821016,7.826512694821518,10.660332076420314,5.777151960784315,7.568039969834087,9.582395173453996,8.63838549522373,6.057045625942685,3.5508288084464548,6.476430618401211,4.590403594771242,7.155249245852186,3.3741289592760144,3.9440522875817,3.807320010055301,3.906764705882352,3.350949723479136,3.892643790849673,7.060942810457514,6.239377450980389,6.813596279537452,11.340241452991451,4.983178858722976,6.9819512317747625,7.250732151835089,5.536295625942684,3.650281045751632,7.083173705379588,8.077298516842632,9.419028280542983,7.815481523378582,9.002765711412769,5.762622046254397,7.693776143790847,3.991479763700353,7.687378707893415,9.38607227249874,4.855575289089996,4.766673705379587,8.619385997988937,5.415353318250376,3.410380467571644,8.22512405731523,8.504497988939166,2.8276451734539965,8.709149446958268,4.967040723981898,8.865543614881851,3.826871920563097,4.637003645047762,5.776966314731019,3.4310320512820502,3.2339190548014063,4.881371794871796,4.318778406234288,3.646902966314729,7.5311104826546,4.829443690296631,8.719790221216691
GSM362992,12.197038712921067,8.84080656108597,8.670315485168427,8.740807692307689,7.010604952237306,8.82849648064354,8.571151835093016,9.944842760180997,6.543732905982907,7.3244145299145265,8.515769859225742,8.296015962795376,7.410791603821017,6.7805126948215175,10.023332076420314,5.117151960784315,7.464039969834087,4.928395173453995,8.617385495223733,5.772045625942685,3.949828808446455,3.508430618401211,3.435403594771242,6.993249245852186,3.4821289592760145,3.0370522875817003,5.650320010055301,4.051764705882351,3.515949723479136,3.958643790849672,6.959942810457514,6.55737745098039,6.615596279537453,11.349241452991452,4.456178858722976,7.679951231774762,7.475732151835089,4.064295625942685,3.907281045751632,4.340173705379589,6.368298516842633,8.345028280542985,3.692481523378583,10.04576571141277,5.3516220462543975,7.533776143790847,3.033479763700353,8.984378707893415,9.153072272498743,4.573575289089995,5.257673705379587,9.25438599798894,6.428353318250376,4.049380467571644,6.335124057315232,8.127497988939165,2.814645173453996,9.275149446958268,3.8570407239818985,8.730543614881851,4.155871920563097,5.149003645047762,6.015966314731019,3.7120320512820495,3.456919054801406,5.184371794871796,7.674778406234288,4.109902966314729,6.928110482654599,6.782443690296631,9.302790221216693
GSM363264,11.673038712921068,9.55980656108597,8.578315485168428,9.45780769230769,6.897604952237305,8.062496480643539,8.684151835093015,8.686842760180996,6.491732905982906,9.459414529914524,6.760769859225741,8.223015962795376,7.343791603821017,7.508512694821518,9.671332076420311,5.141151960784315,6.375039969834088,7.282395173453995,7.167385495223732,9.042045625942684,3.744828808446455,4.63743061840121,5.308403594771242,7.096249245852186,4.147128959276015,3.1230522875817,4.213320010055301,4.090764705882352,3.478949723479136,4.000643790849672,6.217942810457514,7.14237745098039,7.026596279537452,11.499241452991452,5.257178858722976,7.306951231774762,7.524732151835089,7.0262956259426845,3.584281045751632,5.912173705379589,7.019298516842633,8.314028280542985,5.536481523378583,7.7387657114127695,4.967622046254397,6.503776143790848,3.646479763700353,8.622378707893414,7.443072272498742,4.598575289089996,4.984673705379587,9.085385997988938,6.755353318250376,3.835380467571644,6.742124057315232,8.685497988939167,2.9036451734539965,8.999149446958267,4.3400407239818986,9.65954361488185,4.237871920563097,4.307003645047762,6.090966314731018,3.68703205128205,3.1639190548014064,4.232371794871796,3.318778406234288,3.905902966314728,6.832110482654599,8.43444369029663,8.302790221216691
GSM363312,11.233038712921068,9.78080656108597,9.381315485168429,9.785807692307689,7.3236049522373055,7.986496480643539,7.494151835093016,8.592842760180996,5.553732905982907,6.061414529914527,6.515769859225742,8.463015962795376,7.058791603821017,7.193512694821518,10.431332076420317,6.147151960784315,8.005039969834087,8.197395173453994,7.383385495223731,6.500045625942684,3.424828808446455,6.634430618401211,6.789403594771242,7.354249245852186,7.463128959276014,2.9340522875817,4.630320010055302,3.6917647058823513,3.455949723479136,3.5706437908496724,5.801942810457515,5.13437745098039,6.107596279537453,9.822241452991452,5.408178858722976,7.442951231774762,6.516732151835089,4.307295625942685,4.331281045751632,6.967173705379588,6.9202985168426325,8.317028280542985,4.659481523378583,9.59976571141277,5.4046220462543975,7.373776143790847,3.215479763700353,8.722378707893416,8.70607227249874,4.223575289089996,5.275673705379587,8.373385997988938,5.594353318250375,4.239380467571643,6.074124057315232,8.484497988939166,3.204645173453996,8.953149446958268,4.168040723981898,8.30154361488185,3.594871920563097,6.351003645047762,5.934966314731018,4.04603205128205,7.617919054801407,5.009371794871796,7.876778406234288,4.331902966314728,8.508110482654601,9.22044369029663,8.252790221216692
GSM363123,11.396038712921069,9.18380656108597,8.717315485168427,10.749807692307687,7.674604952237305,8.172496480643538,7.661151835093015,9.419842760180996,4.325732905982907,4.483414529914526,7.488769859225742,7.331015962795376,7.313791603821016,6.588512694821518,9.265332076420314,6.586151960784315,7.868039969834087,6.517395173453996,9.366385495223732,6.383045625942684,3.687828808446455,4.687430618401211,6.984403594771242,7.139249245852186,3.7491289592760144,3.5140522875817,5.211320010055301,3.8817647058823512,3.685949723479136,3.676643790849672,6.0989428104575145,5.593377450980389,8.132596279537452,12.072241452991452,5.109178858722976,7.587951231774762,7.339732151835089,5.890295625942684,4.0202810457516325,8.273173705379588,5.362298516842633,7.016028280542985,4.892481523378582,10.19076571141277,5.871622046254397,6.639776143790847,2.984479763700353,7.743378707893415,7.476072272498742,4.331575289089996,5.248673705379587,7.772385997988938,6.015353318250376,3.478380467571644,4.875124057315232,9.310497988939169,3.0096451734539964,9.209149446958268,4.0740407239818985,7.88254361488185,4.1328719205630975,5.574003645047762,6.628966314731018,4.15003205128205,4.020919054801406,4.321371794871796,3.608778406234288,4.3009029663147285,5.478110482654599,6.698443690296631,8.435790221216692
GSM363245,11.68003871292107,9.17380656108597,9.333315485168429,9.61980769230769,7.357604952237305,8.36649648064354,8.100151835093016,9.635842760180996,6.266732905982907,5.775414529914526,9.329769859225742,8.955015962795375,7.629791603821016,7.109512694821518,10.700332076420311,4.1501519607843145,5.455039969834087,7.936395173453995,9.864385495223733,6.662045625942684,4.262828808446455,4.008430618401211,5.154403594771242,7.549249245852186,3.867128959276015,3.0060522875817,3.986320010055301,3.742764705882352,3.274949723479136,3.715643790849672,8.573942810457513,6.6923774509803895,7.549596279537452,12.092241452991452,5.032178858722976,7.242951231774762,7.638732151835089,5.099295625942685,3.622281045751632,6.722173705379588,7.861298516842632,9.669028280542983,5.750481523378583,9.31176571141277,4.639622046254398,6.827776143790848,6.254479763700353,7.058378707893415,9.89807227249874,4.353575289089996,4.563673705379586,9.200385997988938,5.323353318250375,4.975380467571644,7.757124057315232,8.701497988939167,3.0666451734539963,8.898149446958268,5.6030407239818985,7.02254361488185,3.910871920563097,4.290003645047762,6.212966314731019,3.77203205128205,3.335919054801406,4.767371794871796,4.149778406234288,4.1999029663147285,6.333110482654599,3.563443690296631,7.397790221216692
GSM363192,11.780038712921067,9.60080656108597,8.653315485168427,11.974807692307689,8.204604952237306,8.544496480643538,7.985151835093015,9.087842760180996,4.661732905982906,9.393414529914526,8.849769859225741,8.742015962795376,8.293791603821017,7.429512694821517,10.521332076420316,5.143151960784315,6.950039969834087,6.689395173453995,7.7703854952237315,6.225045625942684,3.704828808446455,7.545430618401211,4.247403594771242,7.941249245852186,3.6841289592760154,3.0000522875817004,4.500320010055301,4.236764705882352,3.350949723479136,3.4816437908496725,5.515942810457514,4.976377450980389,7.631596279537453,12.265241452991452,5.046178858722977,7.824951231774762,8.044732151835088,6.374295625942684,3.473281045751632,5.957173705379589,6.7152985168426325,6.998028280542985,8.073481523378582,10.19876571141277,5.353622046254397,8.706776143790847,3.129479763700353,6.181378707893416,8.89507227249874,4.200575289089996,5.102673705379587,8.851385997988938,6.494353318250376,3.669380467571644,6.627124057315232,9.396497988939164,3.1106451734539964,9.812149446958268,5.138040723981899,8.47854361488185,3.660871920563097,4.832003645047762,6.3079663147310185,3.90303205128205,3.4059190548014064,5.517371794871796,6.493778406234288,4.047902966314728,6.170110482654599,4.250443690296631,9.509790221216692
GSM363291,11.512038712921068,9.16280656108597,7.765315485168427,9.96380769230769,7.556604952237306,7.5144964806435395,8.853151835093016,8.122842760180996,6.688732905982906,5.938414529914526,8.979769859225742,8.066015962795376,8.150791603821016,7.436512694821518,9.929332076420314,5.021151960784315,6.393039969834088,7.656395173453995,8.08938549522373,6.661045625942684,3.5598288084464547,4.8584306184012105,4.199403594771242,7.309249245852186,4.200128959276015,3.6980522875817,4.7203200100553016,6.792764705882352,3.513949723479136,3.909643790849672,6.1149428104575145,4.508377450980389,7.288596279537453,10.993241452991452,5.503178858722976,7.669951231774762,8.464732151835088,6.653295625942684,3.841281045751632,6.613173705379588,6.600298516842633,8.457028280542985,5.318481523378583,9.42976571141277,5.483622046254397,7.176776143790848,6.987479763700353,7.517378707893415,5.680072272498742,3.588575289089996,5.415673705379587,8.453385997988939,6.834353318250376,5.586380467571644,6.610124057315232,8.619497988939166,3.1236451734539963,8.793149446958267,5.341040723981898,7.93854361488185,4.786871920563097,4.787003645047762,5.885966314731019,4.27703205128205,3.3589190548014063,6.637371794871796,3.3847784062342883,3.922902966314728,7.0551104826546,3.649443690296631,8.002790221216692
GSM363273,11.041038712921068,8.54280656108597,7.715315485168428,9.36980769230769,7.628604952237305,7.749496480643539,8.066151835093015,7.8398427601809955,7.435732905982906,6.243414529914526,8.044769859225742,7.629015962795376,6.370791603821017,6.686512694821518,9.253332076420314,6.444151960784315,8.222039969834087,9.364395173453996,6.691385495223732,8.045045625942684,3.698828808446455,7.062430618401211,6.617403594771242,6.827249245852186,5.754128959276015,3.3820522875817,6.098320010055302,3.608764705882352,3.424949723479136,3.769643790849672,7.659942810457514,7.827377450980389,6.565596279537452,10.955241452991451,5.577178858722976,8.341951231774761,6.214732151835089,5.5102956259426845,4.026281045751632,7.654173705379589,7.524298516842633,9.473028280542986,6.122481523378583,8.15076571141277,5.273622046254397,5.991776143790847,6.351479763700353,7.618378707893415,8.49107227249874,5.598575289089996,6.472673705379587,8.593385997988937,7.667353318250376,4.180380467571644,7.703124057315232,8.732497988939166,3.2196451734539964,8.918149446958267,4.327040723981899,8.30054361488185,3.560871920563097,5.3330036450477625,6.620966314731018,3.91503205128205,6.485919054801406,4.826371794871796,7.639778406234289,4.213902966314729,7.9921104826546,4.355443690296631,7.7907902212166915
GSM363148,11.15103871292107,9.37380656108597,9.435315485168427,9.730807692307687,6.646604952237306,8.114496480643538,7.827151835093016,8.846842760180996,5.520732905982906,5.260414529914526,9.67776985922574,8.477015962795376,6.001791603821016,6.853512694821518,9.924332076420312,4.370151960784315,6.339039969834087,8.055395173453995,8.695385495223732,5.924045625942685,3.756828808446455,7.57643061840121,3.684403594771242,7.175249245852186,3.2911289592760147,3.4390522875817005,4.427320010055301,4.042764705882352,3.704949723479136,3.658643790849673,5.700942810457515,4.247377450980389,6.666596279537452,11.216241452991452,4.594178858722977,6.626951231774762,6.506732151835089,7.041295625942685,3.824281045751632,6.529173705379589,8.754298516842631,8.138028280542985,4.368481523378582,9.23776571141277,5.4046220462543975,5.964776143790847,3.225479763700353,6.870378707893416,10.347072272498744,5.063575289089996,6.351673705379587,8.317385997988938,6.673353318250376,4.101380467571643,8.733124057315234,8.137497988939167,3.1536451734539965,8.790149446958267,3.7860407239818974,8.60654361488185,3.844871920563097,4.563003645047762,5.458966314731018,4.43803205128205,3.2489190548014064,6.832371794871796,5.171778406234288,4.250902966314729,7.3681104826546,3.590443690296631,7.082790221216691
GSM363263,11.804038712921068,10.02480656108597,9.136315485168428,9.394807692307689,7.337604952237306,8.887496480643538,7.894151835093015,9.094842760180995,5.595732905982906,5.154414529914527,8.67476985922574,7.836015962795376,7.532791603821017,6.641512694821518,10.353332076420314,3.874151960784315,4.723039969834088,6.689395173453995,10.550385495223733,5.551045625942685,3.512828808446455,3.462430618401211,4.869403594771242,6.817249245852186,3.637128959276015,3.5230522875817,3.691320010055301,3.712764705882351,3.470949723479136,3.5306437908496724,6.835942810457515,6.78337745098039,7.208596279537453,12.489241452991452,5.2801788587229765,6.280951231774762,8.421732151835089,7.560295625942684,4.174281045751632,4.949173705379589,7.684298516842633,9.091028280542984,5.199481523378583,10.33076571141277,4.245622046254398,6.447776143790848,3.345479763700353,7.598378707893415,8.603072272498743,4.445575289089995,5.711673705379587,9.743385997988938,6.412353318250376,3.914380467571644,7.617124057315232,9.054497988939168,3.3556451734539965,9.068149446958268,4.650040723981898,9.07754361488185,4.818871920563097,4.557003645047762,6.287966314731018,4.17603205128205,3.129919054801406,5.078371794871796,3.382778406234288,3.887902966314728,5.3391104826546,5.945443690296631,8.446790221216691
GSM362978,11.006038712921068,9.26480656108597,7.642315485168427,10.15880769230769,7.673604952237306,6.930496480643539,9.033151835093015,8.340842760180996,6.768732905982906,5.799414529914526,9.23576985922574,8.313015962795376,6.564791603821017,7.667512694821518,10.042332076420314,4.008151960784315,7.166039969834087,8.907395173453995,7.7863854952237315,6.262045625942684,4.456828808446455,6.91943061840121,3.697403594771242,7.704249245852186,6.089128959276015,3.2060522875817004,4.433320010055302,3.737764705882352,3.893949723479136,3.772643790849672,7.078942810457514,8.05137745098039,7.060596279537452,11.052241452991453,5.345178858722976,7.240951231774762,6.944732151835089,6.523295625942684,3.819281045751632,6.522173705379588,7.470298516842632,9.364028280542986,6.148481523378583,8.85776571141277,5.634622046254397,6.028776143790847,3.213479763700353,7.514378707893415,6.645072272498743,4.771575289089996,5.721673705379587,7.924385997988938,7.225353318250375,3.878380467571644,7.367124057315232,9.085497988939164,3.068645173453996,10.505149446958267,4.9490407239818985,8.61454361488185,4.522871920563097,5.072003645047762,7.1349663147310185,4.0420320512820505,3.3379190548014064,4.545371794871796,3.579778406234288,4.132902966314728,7.301110482654599,4.425443690296631,8.922790221216692
GSM363056,11.484038712921068,9.84080656108597,9.589315485168427,12.047807692307687,6.9966049522373055,8.73849648064354,7.571151835093016,8.195842760180996,6.000732905982907,6.642414529914526,8.782769859225741,8.863015962795377,6.918791603821017,7.314512694821518,9.527332076420311,7.244151960784315,7.697039969834087,6.685395173453995,8.937385495223733,6.877045625942684,3.920828808446455,3.500430618401211,3.232403594771242,7.509249245852186,4.326128959276015,4.1790522875817,3.708320010055301,3.567764705882351,3.281949723479136,4.220643790849673,5.124942810457514,4.75137745098039,7.5695962795374525,11.436241452991451,4.714178858722976,6.748951231774762,8.592732151835088,5.4252956259426846,3.257281045751632,5.771173705379589,6.417298516842632,8.321028280542984,6.538481523378582,9.03576571141277,6.257622046254397,6.351776143790848,3.151479763700353,7.844378707893415,9.536072272498744,4.558575289089996,4.871673705379587,8.352385997988938,5.527353318250376,4.004380467571644,6.732124057315232,9.983497988939169,3.2246451734539963,9.273149446958268,7.311040723981899,9.25454361488185,3.797871920563097,6.372003645047762,7.062966314731018,3.3220320512820503,3.1319190548014064,5.608371794871796,3.851778406234288,4.014902966314728,6.099110482654599,4.235443690296631,9.596790221216692
GSM363310,10.716038712921067,9.39680656108597,8.192315485168427,10.09780769230769,7.301604952237305,8.521496480643538,8.776151835093016,9.288842760180996,6.777732905982907,6.164414529914526,8.564769859225741,8.905015962795376,7.668791603821017,7.270512694821518,9.341332076420311,7.329151960784315,7.976039969834087,6.658395173453996,8.43838549522373,5.454045625942684,4.075828808446455,5.724430618401211,7.118403594771242,7.1562492458521865,3.6191289592760154,5.0800522875817,4.310320010055301,3.781764705882352,3.628949723479136,4.082643790849672,6.411942810457514,5.686377450980389,6.567596279537453,11.378241452991452,5.439178858722976,7.041951231774762,7.136732151835089,4.277295625942685,3.536281045751632,6.868173705379588,5.929298516842633,9.927028280542984,7.055481523378583,10.28676571141277,4.732622046254398,6.849776143790847,3.788479763700353,7.514378707893415,6.042072272498742,4.680575289089996,5.422673705379587,8.589385997988938,6.542353318250376,3.817380467571644,5.917124057315232,8.862497988939166,3.1576451734539965,8.950149446958267,4.876040723981898,8.092543614881851,4.296871920563097,6.6150036450477625,5.831966314731019,4.00703205128205,3.129919054801406,4.998371794871796,2.991778406234288,4.139902966314728,5.9351104826546,5.038443690296631,8.763790221216691
GSM363275,10.48503871292107,8.68880656108597,7.484315485168427,9.30380769230769,6.497604952237306,7.560496480643539,10.418151835093015,7.588842760180996,4.601732905982907,7.297414529914526,9.09476985922574,7.581015962795376,7.075791603821017,5.829512694821518,8.971332076420314,3.687151960784315,6.941039969834088,8.254395173453995,6.714385495223731,5.8860456259426845,4.357828808446455,7.29743061840121,5.337403594771242,6.879249245852186,6.374128959276015,3.822052287581701,8.200320010055302,5.638764705882352,5.056949723479136,5.274643790849672,7.053942810457515,7.986377450980389,6.571596279537452,9.973241452991452,7.787178858722976,8.006951231774764,6.2237321518350885,6.960295625942685,5.795281045751632,4.8771737053795885,9.425298516842634,6.189028280542985,7.343481523378583,8.74476571141277,4.427622046254397,4.829776143790848,5.748479763700353,10.180378707893414,5.082072272498742,5.795575289089996,7.293673705379587,7.881385997988938,7.530353318250375,4.886380467571644,9.332124057315234,8.160497988939166,6.9846451734539965,8.592149446958267,6.662040723981899,7.71454361488185,5.081871920563097,6.037003645047762,5.935966314731019,5.60703205128205,3.4199190548014062,7.190371794871796,8.301778406234288,5.671902966314728,7.9641104826546,5.387443690296631,7.445790221216692
GSM363352,10.99403871292107,8.54680656108597,9.091315485168428,10.91580769230769,7.865604952237305,8.201496480643538,8.788151835093016,8.685842760180996,6.454732905982906,7.224414529914526,8.303769859225742,8.076015962795376,7.498791603821017,6.965512694821518,9.784332076420316,6.433151960784315,6.957039969834088,7.8573951734539955,8.43238549522373,7.020045625942684,4.380828808446455,4.135430618401211,3.419403594771242,6.776249245852186,4.791128959276015,3.4950522875817,4.4623200100553015,4.629764705882352,3.874949723479136,3.3946437908496723,6.956942810457514,8.38137745098039,6.515596279537452,11.250241452991451,5.9901788587229765,6.704951231774762,7.491732151835089,5.6962956259426845,3.694281045751632,6.395173705379588,7.786298516842633,9.372028280542985,7.132481523378583,8.71676571141277,4.177622046254397,5.986776143790848,8.673479763700353,8.878378707893415,10.056072272498742,4.877575289089996,4.770673705379587,8.926385997988938,7.341353318250376,4.592380467571644,7.639124057315232,8.958497988939166,4.684645173453997,8.321149446958268,4.7150407239818986,9.22354361488185,4.338871920563097,5.015003645047762,5.558966314731019,3.7480320512820495,3.4339190548014065,6.164371794871796,3.967778406234288,3.978902966314728,6.638110482654599,4.329443690296631,7.975790221216692
GSM363293,11.149038712921069,9.03780656108597,8.241315485168426,9.80280769230769,7.676604952237305,8.60449648064354,8.980151835093016,9.127842760180997,7.334732905982906,9.462414529914524,8.31276985922574,7.926015962795375,7.555791603821016,7.374512694821518,9.641332076420314,6.044151960784315,7.795039969834088,5.168395173453996,7.455385495223731,6.504045625942684,3.4838288084464546,5.248430618401211,3.410403594771242,7.011249245852186,3.994128959276015,3.3000522875817,5.521320010055302,4.132764705882352,3.057949723479136,3.3606437908496725,6.688942810457514,7.845377450980389,6.4525962795374525,11.656241452991452,5.286178858722976,7.026951231774762,6.819732151835089,4.777295625942685,3.834281045751632,7.044173705379588,6.102298516842633,9.034028280542984,5.376481523378582,8.48276571141277,5.352622046254398,7.585776143790848,3.940479763700353,8.148378707893414,10.211072272498743,4.760575289089996,5.825673705379587,8.861385997988938,6.486353318250376,4.021380467571643,5.975124057315232,9.215497988939166,2.926645173453996,8.654149446958268,4.356040723981899,9.185543614881851,4.345871920563098,5.698003645047762,6.811966314731018,3.93903205128205,3.045919054801406,7.530371794871796,5.115778406234289,3.945902966314729,7.9191104826546,6.741443690296631,7.239790221216691
GSM363292,11.967038712921068,10.42980656108597,8.111315485168427,8.71380769230769,7.5206049522373055,8.55149648064354,9.526151835093016,9.405842760180995,6.7847329059829065,4.189414529914527,6.994769859225741,8.320015962795376,7.646791603821017,7.602512694821518,10.581332076420312,5.135151960784315,6.714039969834087,4.805395173453995,8.893385495223733,6.317045625942685,3.5078288084464546,4.486430618401211,3.5294035947712423,7.294249245852186,6.771128959276014,3.1080522875817005,5.811320010055301,3.926764705882351,3.268949723479136,3.772643790849672,7.201942810457514,4.9583774509803895,7.393596279537452,12.030241452991453,5.144178858722976,7.407951231774762,6.617732151835089,4.781295625942684,3.682281045751632,7.322173705379589,7.913298516842633,8.942028280542985,6.363481523378582,8.05476571141277,5.579622046254397,8.541776143790848,3.057479763700353,8.102378707893415,8.565072272498742,3.529575289089996,4.977673705379587,8.342385997988938,6.546353318250375,3.780380467571644,7.840124057315232,8.875497988939166,3.1066451734539964,9.656149446958269,4.1750407239818985,8.714543614881851,4.150871920563097,4.523003645047762,6.039966314731019,3.8420320512820494,3.529919054801406,4.829371794871796,3.795778406234288,4.063902966314728,7.4301104826546,3.930443690296631,7.130790221216691
GSM363211,11.39803871292107,9.99780656108597,9.289315485168428,10.04080769230769,7.533604952237305,9.082496480643538,8.247151835093016,8.404842760180996,5.568732905982906,5.773414529914526,8.951769859225742,8.711015962795376,5.754791603821016,6.879512694821518,11.164332076420314,5.313151960784315,7.474039969834087,10.163395173453996,7.579385495223732,6.420045625942684,4.073828808446455,3.68343061840121,3.1384035947712423,7.828249245852186,4.056128959276014,3.1270522875817,3.853320010055301,3.686764705882352,3.315949723479136,3.806643790849672,7.573942810457514,5.0993774509803895,6.567596279537453,9.565241452991453,4.9981788587229765,6.059951231774762,7.656732151835089,8.362295625942684,3.751281045751632,6.8691737053795885,7.461298516842633,9.376028280542984,5.865481523378582,8.78376571141277,4.780622046254398,7.494776143790847,3.586479763700353,7.689378707893415,10.890072272498742,4.873575289089996,4.506673705379587,9.268385997988938,5.491353318250376,3.667380467571644,7.323124057315232,9.301497988939166,2.950645173453996,8.815149446958268,4.974040723981898,8.84754361488185,4.044871920563097,4.565003645047762,5.7759663147310185,3.7280320512820495,3.3249190548014065,5.481371794871796,2.9167784062342883,4.0219029663147285,6.886110482654599,7.392443690296631,8.425790221216692
GSM362954,11.356341880341889,9.845288461538464,8.77463675213675,10.279269230769223,8.062715811965814,8.37555982905984,8.012418803418804,9.983673076923086,7.231540598290601,6.981952991452988,7.105912393162393,8.71472863247864,8.72354273504273,7.282284188034191,10.429354700854702,5.132416666666673,5.821320512820515,6.301282051282046,9.154446581196575,5.602224358974353,4.099910256410253,4.346679487179495,4.162138888888891,7.146762820512822,4.552807692307694,3.824111111111114,3.322559829059828,3.3519999999999976,2.6058547008546995,3.272055555555549,6.296972222222218,6.521583333333336,7.640863247863246,12.666895299145292,5.335959401709399,6.438829059829055,7.870553418803418,4.06397435897436,2.558222222222223,7.6730470085470115,5.485925213675221,10.241519230769232,5.772814102564095,9.742982905982906,5.004425213675211,8.226805555555558,3.673844017094018,7.273561965811959,6.7547713675213705,4.505220085470087,4.612547008547006,8.90243803418803,5.701993589743587,3.921532051282053,5.364891025641022,9.262534188034182,3.160032051282049,9.351459401709404,4.7953076923076905,8.89875854700855,4.0611773504273545,4.371938034188034,6.230572649572646,3.885455128205125,2.8963760683760658,4.588679487179486,3.101767094017096,4.13764957264957,5.495121794871801,4.324457264957268,7.780566239316237
GSM363339,11.566038712921069,9.34880656108597,9.514315485168428,10.022807692307689,7.285604952237305,8.201496480643538,8.302151835093015,9.090842760180996,6.012732905982906,4.992414529914527,9.111769859225742,8.063015962795376,7.076791603821016,7.769512694821518,9.846332076420314,6.024151960784315,7.338039969834087,8.885395173453995,8.692385495223732,6.783045625942685,3.784828808446455,5.618430618401211,6.319403594771242,7.150249245852186,3.635128959276015,3.1750522875817,4.458320010055301,3.963764705882352,3.287949723479136,3.407643790849672,8.107942810457516,7.42937745098039,7.490596279537453,11.950241452991452,5.270178858722976,7.189951231774762,8.90173215183509,6.219295625942685,3.427281045751632,5.761173705379588,7.272298516842633,9.898028280542984,6.558481523378583,9.32576571141277,4.447622046254398,7.274776143790848,4.096479763700353,9.271378707893415,10.359072272498745,4.612575289089996,5.594673705379587,8.907385997988937,6.535353318250376,3.924380467571644,8.039124057315231,8.676497988939166,3.0576451734539964,8.762149446958269,4.512040723981898,8.015543614881851,3.736871920563097,4.970003645047762,6.200966314731018,3.80403205128205,3.4229190548014063,6.766371794871796,6.517778406234288,3.641902966314728,6.952110482654599,5.350443690296631,7.030790221216692
GSM363270,11.000038712921068,8.57180656108597,8.942315485168427,10.47280769230769,7.383604952237306,8.187496480643539,8.897151835093016,9.146842760180997,5.977732905982906,5.721414529914527,8.775769859225742,8.456015962795377,5.589791603821016,6.570512694821518,9.898332076420314,5.080151960784315,8.435039969834087,8.402395173453995,7.591385495223731,6.082045625942684,3.5718288084464547,5.494430618401211,3.111403594771242,7.777249245852186,3.8771289592760154,3.4360522875817003,8.147320010055301,3.670764705882352,3.290949723479136,3.572643790849672,6.320942810457514,5.7773774509803895,7.272596279537453,11.795241452991451,4.836178858722977,7.736951231774762,6.424732151835089,7.807295625942685,3.743281045751632,7.539173705379588,8.761298516842633,9.467028280542984,5.697481523378582,10.28676571141277,6.120622046254398,6.583776143790847,3.325479763700353,6.803378707893415,8.11007227249874,5.745575289089996,5.632673705379587,8.721385997988937,5.859353318250376,3.992380467571644,9.171124057315232,9.846497988939166,3.2556451734539964,8.992149446958267,4.049040723981898,8.198543614881851,4.184871920563097,5.037003645047762,6.5869663147310185,3.78803205128205,3.1449190548014063,4.456371794871796,6.162778406234288,3.775902966314729,7.885110482654599,4.138443690296631,6.916790221216692
GSM363371,11.243038712921068,9.36580656108597,7.835315485168427,9.31280769230769,7.453604952237305,8.32849648064354,7.283151835093015,8.674842760180995,5.773732905982906,5.349414529914526,7.812769859225741,7.757015962795376,7.937791603821016,7.890512694821518,10.632332076420314,7.235151960784315,8.831039969834087,8.667395173453995,7.640385495223732,6.388045625942684,3.940828808446455,6.399430618401211,5.647403594771242,6.5472492458521865,5.386128959276014,3.5980522875817003,4.381320010055301,4.008764705882351,3.468949723479136,3.3536437908496723,6.774942810457515,4.455377450980389,6.265596279537452,12.242241452991452,5.179178858722977,7.625951231774762,7.178732151835089,5.378295625942685,3.965281045751632,6.242173705379589,7.496298516842633,8.015028280542985,5.271481523378583,9.06876571141277,4.840622046254397,7.114776143790848,3.802479763700353,9.455378707893416,8.169072272498742,5.392575289089995,5.799673705379587,8.878385997988937,6.730353318250375,5.336380467571644,8.572124057315232,8.413497988939167,3.160645173453996,8.940149446958268,3.8580407239818975,7.61954361488185,3.724871920563097,4.532003645047762,6.547966314731019,3.65403205128205,3.403919054801406,4.103371794871796,6.550778406234288,4.2399029663147285,7.160110482654599,4.217443690296631,8.250790221216691
GSM363009,11.326038712921068,9.10380656108597,8.825315485168428,9.759807692307689,7.2946049522373055,8.73249648064354,8.399151835093015,9.026842760180996,8.125732905982906,6.229414529914527,7.304769859225741,8.621015962795376,7.929791603821016,7.210512694821518,10.519332076420314,5.804151960784315,6.484039969834088,6.702395173453995,9.404385495223732,6.430045625942684,8.531828808446456,3.789430618401211,3.9604035947712415,7.132249245852186,6.573128959276015,4.0300522875817,4.044320010055301,6.377764705882352,3.521949723479136,4.390643790849673,7.670942810457515,8.77637745098039,6.666596279537452,11.753241452991452,5.870178858722976,6.523951231774762,7.822732151835089,6.515295625942684,3.295281045751632,7.706173705379588,6.716298516842633,9.732028280542984,7.7334815233785825,9.73476571141277,4.523622046254397,7.571776143790847,5.431479763700353,8.101378707893415,10.871072272498743,4.531575289089996,5.056673705379587,8.887385997988938,6.366353318250376,4.241380467571644,6.138124057315232,9.202497988939166,4.144645173453997,10.700149446958267,5.021040723981899,7.841543614881851,4.199871920563097,4.620003645047762,6.665966314731018,3.80003205128205,3.6969190548014064,4.613371794871796,4.2297784062342885,4.1759029663147285,6.322110482654599,4.393443690296631,7.715790221216691
GSM362982,11.647038712921068,9.35680656108597,8.155315485168428,10.41480769230769,7.740604952237305,8.99449648064354,9.092151835093016,10.203842760180995,5.891732905982907,5.729414529914527,9.27276985922574,8.709015962795375,6.898791603821016,7.655512694821517,10.495332076420311,3.822151960784315,6.602039969834087,8.818395173453995,8.851385495223731,6.578045625942685,4.222828808446455,5.812430618401211,3.200403594771242,7.367249245852186,3.5211289592760147,3.1170522875817004,3.633320010055301,4.275764705882351,3.418949723479136,3.734643790849673,8.194942810457515,6.90337745098039,7.320596279537453,12.092241452991452,5.173178858722976,7.679951231774762,7.929732151835089,4.419295625942684,3.718281045751632,6.989173705379589,7.261298516842633,8.985028280542984,6.648481523378583,8.04976571141277,5.475622046254397,8.381776143790848,3.7734797637003528,8.148378707893414,7.830072272498742,3.786575289089996,5.275673705379587,7.770385997988938,6.380353318250376,3.663380467571644,7.237124057315232,8.930497988939166,3.261645173453996,8.810149446958269,4.375040723981899,9.01154361488185,4.089871920563097,4.096003645047762,6.362966314731018,4.24603205128205,3.3949190548014063,8.105371794871797,3.954778406234288,4.288902966314728,6.8901104826546,4.413443690296631,8.476790221216692
GSM363188,11.050038712921069,8.74080656108597,7.969315485168428,9.865807692307689,7.696604952237306,7.7884964806435395,9.362151835093016,8.215842760180996,6.002732905982906,6.657414529914527,8.932769859225742,7.960015962795376,7.304791603821016,6.614512694821518,9.650332076420314,6.560151960784315,8.043039969834087,7.5833951734539955,8.06638549522373,6.621045625942684,4.684828808446455,6.349430618401211,6.243403594771242,7.353249245852186,5.240128959276015,3.5210522875817003,6.598320010055302,5.795764705882352,4.552949723479136,4.500643790849672,7.745942810457515,8.725377450980389,6.703596279537453,10.87624145299145,6.277178858722976,8.059951231774761,6.088732151835089,6.947295625942685,4.542281045751632,6.794173705379588,7.378298516842633,9.283028280542984,8.117481523378583,9.93676571141277,5.246622046254397,7.056776143790848,5.518479763700353,8.998378707893416,7.212072272498742,5.396575289089996,5.323673705379587,8.590385997988937,6.201353318250376,4.361380467571644,6.928124057315232,8.871497988939167,5.083645173453997,8.780149446958267,5.706040723981898,8.41154361488185,5.121871920563097,4.938003645047762,5.842966314731019,4.952032051282051,3.2479190548014065,5.323371794871796,5.329778406234288,4.070902966314728,8.0241104826546,5.790443690296631,8.374790221216692
GSM363251,11.280038712921067,9.06480656108597,8.750315485168427,10.192807692307689,7.2066049522373055,7.525496480643539,8.526151835093016,8.756842760180996,6.6227329059829065,8.514414529914525,8.68776985922574,8.242015962795376,6.600791603821016,6.126512694821518,10.413332076420314,5.489151960784315,7.202039969834088,6.952395173453995,8.251385495223733,6.349045625942685,3.602828808446455,4.852430618401211,3.362403594771242,7.408249245852186,3.7331289592760144,3.4890522875817003,4.158320010055301,4.722764705882351,3.523949723479136,3.711643790849672,7.410942810457515,6.26437745098039,7.043596279537453,11.948241452991452,6.448178858722976,7.326951231774762,6.928732151835089,5.793295625942685,3.700281045751632,5.0101737053795885,6.5052985168426325,9.521028280542986,6.553481523378583,9.15876571141277,4.402622046254398,7.972776143790847,3.772479763700353,8.814378707893415,9.69207227249874,5.472575289089996,5.987673705379587,8.275385997988938,6.614353318250376,3.667380467571644,6.154124057315232,9.088497988939164,3.681645173453996,9.788149446958268,4.975040723981898,9.00854361488185,4.178871920563097,4.4900036450477625,5.726966314731018,4.484032051282051,3.5929190548014063,4.687371794871796,6.175778406234288,4.1149029663147285,8.3961104826546,4.428443690296631,7.840790221216691
GSM363057,10.685038712921068,10.27680656108597,8.476315485168428,9.72680769230769,7.506604952237305,7.903496480643539,9.451151835093016,9.007842760180996,5.8487329059829065,5.014414529914526,8.40876985922574,8.143015962795376,6.235791603821016,6.842512694821518,10.021332076420316,6.047151960784315,7.256039969834087,4.205395173453995,7.904385495223732,5.527045625942685,3.501828808446455,4.151430618401211,3.370403594771242,6.804249245852186,3.7121289592760154,3.1250522875817004,5.200320010055301,4.377764705882352,3.133949723479136,3.847643790849673,6.802942810457514,8.10537745098039,6.902596279537453,12.252241452991452,4.2321788587229765,7.318951231774762,6.144732151835089,4.448295625942685,3.736281045751632,7.0021737053795885,7.026298516842632,8.688028280542985,6.328481523378582,7.461765711412769,5.5086220462543976,9.025776143790848,3.5314797637003528,7.151378707893415,7.312072272498742,4.060575289089996,5.755673705379587,8.004385997988939,6.912353318250376,3.993380467571644,7.153124057315233,8.708497988939166,2.9286451734539964,8.511149446958267,3.969040723981898,8.80654361488185,4.790871920563097,4.5140036450477625,6.492966314731018,3.81003205128205,3.004919054801406,4.462371794871796,5.4797784062342885,3.4879029663147283,8.1261104826546,3.373443690296631,7.595790221216691
GSM363030,11.295038712921068,10.36980656108597,9.478315485168428,11.108807692307687,7.354604952237305,8.65049648064354,8.745151835093015,8.924842760180995,7.196732905982906,5.044414529914526,8.923769859225741,8.793015962795376,7.578791603821016,7.518512694821518,10.970332076420314,5.183151960784315,7.523039969834087,9.176395173453995,8.20238549522373,6.249045625942684,3.929828808446455,3.4254306184012107,3.318403594771242,7.089249245852186,3.572128959276015,3.7350522875817,4.293320010055301,4.036764705882352,3.383949723479136,4.370643790849672,6.825942810457515,5.24337745098039,5.7475962795374524,9.702241452991451,5.362178858722976,6.241951231774762,6.566732151835089,6.771295625942685,3.240281045751632,7.263173705379589,6.929298516842633,8.948028280542985,6.073481523378582,9.15676571141277,5.825622046254398,7.854776143790848,3.304479763700353,6.562378707893415,10.263072272498745,4.447575289089996,4.890673705379587,8.804385997988938,5.691353318250376,3.519380467571644,7.540124057315232,9.092497988939169,3.3676451734539965,9.101149446958267,6.085040723981899,7.99654361488185,3.967871920563097,5.544003645047762,6.763966314731018,3.5360320512820502,3.319919054801406,4.600371794871796,3.735778406234288,3.872902966314729,6.708110482654599,5.259443690296631,9.000790221216691
GSM363274,11.52303871292107,9.90980656108597,8.871315485168427,10.84480769230769,7.508604952237306,8.247496480643537,8.175151835093015,8.688842760180995,4.467732905982906,4.219414529914526,9.854769859225742,6.516015962795375,6.296791603821016,6.594512694821518,10.720332076420314,4.992151960784315,5.993039969834087,7.484395173453995,8.021385495223733,6.029045625942684,3.457828808446455,3.192430618401211,3.112403594771242,7.426249245852186,3.613128959276015,3.0950522875817,3.832320010055301,3.4897647058823518,3.368949723479136,3.4786437908496723,6.721942810457515,4.21737745098039,7.369596279537452,11.361241452991452,4.986178858722976,7.346951231774762,7.749732151835089,5.263295625942685,3.518281045751632,5.105173705379588,6.907298516842633,6.996028280542985,7.156481523378583,9.28876571141277,5.717622046254397,9.196776143790848,3.088479763700353,7.297378707893415,11.028072272498743,3.488575289089996,6.272673705379587,7.821385997988938,4.739353318250376,3.792380467571644,6.991124057315232,9.287497988939164,3.1386451734539964,9.282149446958268,5.390040723981898,8.179543614881851,3.891871920563097,4.787003645047762,6.442966314731018,3.65103205128205,3.2369190548014064,4.963371794871796,3.991778406234288,3.751902966314729,7.556110482654599,6.126443690296631,8.621790221216692
GSM363146,10.230038712921068,9.26180656108597,9.071315485168428,9.666807692307689,7.075604952237305,8.53749648064354,7.286151835093015,9.112842760180996,6.038732905982906,5.503414529914527,7.550769859225741,9.323015962795376,8.838791603821017,7.781512694821518,10.069332076420316,5.396151960784315,6.374039969834088,10.577395173453995,8.17038549522373,6.043045625942685,4.699828808446455,3.6024306184012107,5.717403594771242,7.463249245852186,4.394128959276014,3.959052287581701,4.126320010055301,3.621764705882352,3.332949723479136,3.5576437908496725,6.209942810457514,5.16637745098039,6.637596279537452,11.094241452991453,4.947178858722976,5.499951231774762,7.206732151835089,6.966295625942685,3.941281045751632,6.626173705379588,5.158298516842633,9.685028280542983,10.062481523378583,9.45876571141277,5.214622046254397,6.436776143790848,9.208479763700351,9.134378707893417,9.101072272498744,4.455575289089996,5.350673705379587,9.55238599798894,6.677353318250376,3.558380467571644,4.0731240573152325,8.721497988939166,3.430645173453996,9.161149446958268,5.283040723981898,8.365543614881851,3.815871920563097,3.940003645047762,6.623966314731018,4.14103205128205,3.823919054801406,4.638371794871796,3.578778406234288,4.229902966314729,5.295110482654599,5.094443690296631,6.664790221216691
GSM362983,10.509038712921068,8.90380656108597,8.580315485168427,10.55880769230769,7.333604952237305,8.311496480643537,7.880151835093016,9.260842760180996,5.581732905982906,3.9694145299145274,9.406769859225742,10.135015962795377,4.894791603821017,7.213512694821518,10.341332076420311,3.871151960784315,4.774039969834088,7.031395173453995,8.31838549522373,7.573045625942685,4.208828808446455,3.2434306184012107,8.540403594771242,8.992249245852186,3.4561289592760147,3.1880522875817,4.387320010055301,3.7887647058823513,3.485949723479136,3.732643790849672,6.248942810457515,5.2403774509803895,7.496596279537452,10.544241452991452,4.103178858722976,7.299951231774762,9.046732151835087,4.541295625942685,3.625281045751632,7.571173705379588,7.065298516842633,5.733028280542984,5.887481523378582,8.066765711412769,5.9926220462543975,7.311776143790848,3.033479763700353,6.289378707893415,10.202072272498745,3.860575289089996,5.301673705379587,8.206385997988939,6.110353318250375,3.654380467571644,7.505124057315232,9.839497988939168,3.1906451734539965,9.871149446958269,6.402040723981898,8.07154361488185,3.822871920563097,4.400003645047762,6.039966314731019,3.93203205128205,3.6479190548014064,5.388371794871796,3.096778406234288,4.023902966314728,7.143110482654599,4.115443690296631,8.619790221216691
GSM363222,11.20603871292107,9.45580656108597,10.944315485168428,11.30280769230769,6.913604952237305,9.742496480643538,8.643151835093015,9.780842760180995,5.155732905982906,4.787414529914527,9.416769859225742,8.709015962795375,6.051791603821017,5.831512694821518,10.905332076420311,5.627151960784315,7.114039969834088,9.172395173453996,9.93538549522373,5.800045625942684,3.796828808446455,5.423430618401211,3.354403594771242,7.757249245852186,3.497128959276014,3.3760522875817003,3.697320010055301,3.8207647058823513,3.212949723479136,3.657643790849672,6.778942810457514,7.40837745098039,5.800596279537452,10.836241452991452,4.400178858722976,7.052951231774762,7.385732151835089,4.6112956259426845,3.583281045751632,5.376173705379588,8.406298516842632,8.553028280542986,5.719481523378582,10.585765711412767,5.2426220462543975,7.810776143790847,3.516479763700353,8.107378707893416,10.165072272498744,4.374575289089996,5.448673705379587,8.401385997988937,5.880353318250376,4.430380467571644,8.401124057315233,9.868497988939168,3.3326451734539964,9.705149446958268,4.274040723981898,7.96454361488185,3.923871920563097,5.327003645047762,6.637966314731019,4.39903205128205,3.480919054801406,5.523371794871796,3.4927784062342884,4.225902966314728,7.405110482654599,3.802443690296631,10.079790221216692
GSM363074,11.207038712921069,9.83880656108597,8.453315485168428,9.80680769230769,7.117604952237306,8.280496480643539,8.901151835093016,8.885842760180996,7.707732905982906,6.369414529914526,7.883769859225741,8.664015962795375,7.445791603821016,7.361512694821518,9.897332076420314,6.126151960784315,6.396039969834088,7.338395173453995,6.618385495223731,5.400045625942685,4.362828808446455,6.968430618401211,3.1304035947712423,6.6722492458521865,4.782128959276014,3.927052287581701,4.711320010055301,10.08976470588235,3.388949723479136,3.354643790849672,7.298942810457515,8.796377450980389,6.465596279537452,10.706241452991453,5.337178858722976,6.353951231774762,7.165732151835089,4.331295625942685,3.644281045751632,6.851173705379589,6.502298516842632,9.557028280542983,5.232481523378582,8.16776571141277,5.400622046254397,6.706776143790847,4.803479763700353,8.338378707893416,10.880072272498744,4.949575289089996,6.216673705379587,8.204385997988938,6.667353318250376,4.253380467571644,5.880124057315232,8.646497988939165,5.225645173453996,8.512149446958269,6.484040723981899,9.954543614881851,4.053871920563097,5.4580036450477625,6.391966314731018,3.59803205128205,3.3269190548014063,7.959371794871796,3.318778406234288,4.570902966314728,6.595110482654599,7.55944369029663,7.197790221216692
GSM363290,11.30203871292107,8.98680656108597,9.300315485168428,9.865807692307689,7.475604952237306,8.56049648064354,8.360151835093015,8.657842760180996,6.304732905982906,5.414414529914526,9.08476985922574,9.040015962795376,7.453791603821016,7.802512694821518,10.217332076420314,5.645151960784315,6.659039969834088,9.997395173453995,7.401385495223732,6.510045625942684,3.762828808446455,3.939430618401211,5.454403594771242,7.110249245852186,3.947128959276015,3.2340522875817004,5.009320010055301,4.183764705882352,3.395949723479136,4.181643790849672,6.712942810457514,4.665377450980389,7.228596279537452,10.615241452991452,4.872178858722976,7.893951231774762,6.634732151835089,6.412295625942685,3.515281045751632,6.532173705379589,7.782298516842633,8.688028280542985,6.557481523378582,10.15476571141277,6.056622046254398,6.420776143790848,4.614479763700353,8.869378707893414,10.440072272498742,4.650575289089995,5.250673705379587,8.329385997988938,6.798353318250376,4.601380467571643,7.510124057315232,8.541497988939167,3.4896451734539964,8.716149446958267,5.256040723981898,7.74154361488185,4.3058719205630975,3.990003645047762,6.096966314731018,3.93103205128205,3.150919054801406,5.051371794871796,6.680778406234288,4.096902966314729,6.9081104826546,9.05044369029663,7.602790221216692
GSM362987,11.618038712921068,9.38780656108597,8.405315485168428,10.11780769230769,6.408604952237305,8.265496480643538,9.244151835093016,9.847842760180995,5.724732905982906,4.149414529914527,8.231769859225741,8.553015962795376,6.586791603821016,7.156512694821518,9.485332076420312,4.3551519607843145,6.701039969834088,5.026395173453995,8.354385495223731,6.342045625942684,4.309828808446455,3.365430618401211,3.213403594771242,7.660249245852186,3.9181289592760153,3.8130522875817,5.791320010055301,4.631764705882351,3.697949723479136,3.905643790849672,6.100942810457514,5.5433774509803895,7.057596279537452,10.371241452991452,5.246178858722976,7.968951231774763,6.703732151835089,3.7662956259426847,3.402281045751632,7.007173705379588,6.665298516842633,8.352028280542985,5.303481523378583,8.29376571141277,4.738622046254397,8.026776143790848,3.238479763700353,5.948378707893415,9.66307227249874,3.452575289089996,4.682673705379587,7.966385997988938,6.322353318250376,4.271380467571643,6.004124057315233,9.216497988939166,3.0146451734539963,9.099149446958268,4.450040723981898,8.59054361488185,6.808871920563097,4.715003645047762,6.129966314731019,4.27203205128205,3.6659190548014062,4.199371794871796,3.2397784062342883,4.015902966314728,7.192110482654599,4.274443690296631,8.374790221216692
GSM363035,11.234038712921068,9.25980656108597,8.152315485168428,8.96080769230769,7.007604952237306,9.57249648064354,7.957151835093016,8.273842760180996,4.970732905982906,5.746414529914526,8.511769859225742,8.123015962795376,6.839791603821016,7.0145126948215175,8.838332076420315,6.171151960784315,7.190039969834087,8.071395173453995,6.927385495223732,5.398045625942684,3.968828808446455,4.078430618401211,3.5094035947712423,7.0152492458521865,4.567128959276015,3.717052287581701,6.8663200100553015,4.122764705882352,3.869949723479136,4.919643790849673,6.9819428104575145,7.28037745098039,7.957596279537452,10.841241452991452,6.750178858722976,6.531951231774762,6.907732151835089,4.868295625942685,4.485281045751632,5.450173705379588,8.259298516842634,8.747028280542985,6.875481523378583,9.681765711412767,5.8756220462543975,5.986776143790848,3.642479763700353,8.121378707893415,8.001072272498742,4.922575289089996,6.0506737053795865,8.447385997988938,7.226353318250376,6.313380467571644,7.735124057315232,8.812497988939166,3.5876451734539963,8.890149446958267,5.286040723981898,9.17754361488185,4.367871920563097,5.8170036450477625,4.899966314731018,5.07003205128205,3.266919054801406,4.899371794871796,3.5177784062342883,3.9889029663147286,6.5121104826546,5.619443690296631,7.194790221216691
GSM363036,11.05503871292107,9.28880656108597,7.761315485168427,8.682807692307689,7.208604952237305,8.56649648064354,7.373151835093015,9.051842760180996,7.455732905982907,4.980414529914526,9.14876985922574,8.614015962795376,7.700791603821017,7.018512694821518,10.365332076420314,7.163151960784315,8.713039969834087,5.176395173453996,8.059385495223733,6.513045625942684,3.682828808446455,3.5544306184012107,6.4024035947712425,7.409249245852186,3.839128959276015,5.1740522875817,5.298320010055301,3.529764705882352,3.660949723479136,3.7586437908496726,5.612942810457515,5.81037745098039,5.849596279537453,11.156241452991452,4.845178858722976,8.113951231774763,6.914732151835089,7.703295625942685,3.745281045751632,7.534173705379588,9.476298516842633,8.178028280542986,7.183481523378583,9.41176571141277,6.759622046254397,4.655776143790847,3.476479763700353,4.608378707893415,5.535072272498742,4.693575289089996,5.895673705379587,7.984385997988937,6.033353318250375,3.850380467571644,9.875124057315231,8.832497988939165,2.9486451734539965,9.200149446958267,4.257040723981898,8.849543614881851,3.837871920563097,4.813003645047762,6.233966314731019,3.77603205128205,3.0029190548014064,5.261371794871796,3.422778406234288,3.7069029663147286,6.388110482654599,3.882443690296631,7.600790221216692
GSM363079,11.045038712921068,10.34080656108597,9.413315485168429,10.01080769230769,6.790604952237306,9.297496480643538,7.704151835093016,8.876842760180995,6.365732905982906,6.016414529914527,9.156769859225742,8.377015962795376,5.943791603821016,6.954512694821518,11.205332076420314,5.070151960784315,6.149039969834088,9.872395173453995,7.985385495223732,6.2820456259426845,3.445828808446455,4.462430618401211,3.2954035947712423,7.029249245852186,3.2961289592760146,3.0730522875817003,4.000320010055301,3.6677647058823513,3.402949723479136,3.4776437908496725,7.244942810457514,5.98537745098039,6.268596279537452,10.119241452991451,5.320178858722977,6.525951231774762,6.311732151835089,6.780295625942685,3.921281045751632,7.385173705379588,6.002298516842632,9.279028280542985,7.952481523378583,9.63176571141277,5.671622046254398,7.377776143790848,3.612479763700353,7.778378707893415,10.821072272498744,4.493575289089995,5.363673705379587,8.580385997988937,5.690353318250375,3.4353804675716435,5.822124057315232,9.184497988939166,3.204645173453996,8.699149446958268,5.077040723981899,8.30854361488185,3.737871920563097,4.784003645047762,5.989966314731018,3.77603205128205,3.1199190548014064,5.436371794871796,3.340778406234288,3.532902966314728,6.758110482654599,4.892443690296631,8.769790221216692
GSM363317,11.262038712921068,9.81980656108597,10.250315485168429,10.40180769230769,7.710604952237306,8.34049648064354,8.449151835093016,9.751842760180995,5.645732905982906,5.162414529914527,9.07176985922574,8.363015962795377,7.041791603821016,6.533512694821518,10.215332076420314,4.172151960784315,4.577039969834088,9.184395173453996,8.933385495223732,6.409045625942684,3.316828808446455,3.733430618401211,3.9604035947712415,7.437249245852186,4.400128959276015,3.2120522875817,3.949320010055301,3.754764705882352,3.384949723479136,3.921643790849672,8.222942810457514,8.72037745098039,7.591596279537453,11.973241452991452,5.024178858722976,6.666951231774762,6.822732151835089,5.765295625942684,3.491281045751632,6.257173705379588,5.001298516842633,7.728028280542984,7.102481523378582,9.09376571141277,6.0776220462543975,6.686776143790848,3.421479763700353,9.006378707893415,9.95607227249874,4.182575289089995,5.956673705379587,9.137385997988938,5.977353318250375,4.135380467571643,5.566124057315232,9.462497988939166,3.3206451734539963,9.416149446958268,5.560040723981898,7.14554361488185,4.354871920563097,4.429003645047763,6.155966314731018,3.8820320512820494,3.0149190548014064,5.423371794871796,5.158778406234288,4.321902966314728,6.785110482654599,7.177443690296631,9.57579022121669
GSM363172,11.154038712921068,9.69780656108597,9.606315485168428,10.44180769230769,8.609604952237305,7.845496480643539,7.977151835093015,8.183842760180996,5.991732905982906,3.7484145299145264,8.507769859225741,8.550015962795376,7.520791603821016,6.778512694821518,10.786332076420312,4.594151960784315,6.086039969834087,7.994395173453995,8.599385495223732,7.0560456259426845,3.742828808446455,5.455430618401211,5.592403594771242,7.489249245852186,4.788128959276015,3.4180522875817,3.856320010055301,3.9897647058823513,3.212949723479136,3.724643790849672,7.871942810457514,5.6763774509803895,7.3675962795374526,12.156241452991452,5.018178858722976,6.948951231774762,7.877732151835089,6.729295625942685,3.505281045751632,7.449173705379589,9.628298516842634,8.640028280542985,8.301481523378584,9.14576571141277,4.738622046254397,7.201776143790847,3.9024797637003528,8.856378707893414,7.648072272498742,4.341575289089996,4.111673705379586,9.569385997988938,6.658353318250375,3.671380467571644,9.74512405731523,8.772497988939167,3.2386451734539965,8.955149446958268,4.896040723981899,7.72754361488185,4.012871920563097,3.6040036450477615,6.466966314731018,3.8650320512820495,3.194919054801406,4.132371794871796,5.581778406234288,3.946902966314728,7.0301104826546,8.54644369029663,8.24879022121669
GSM363084,11.21203871292107,9.55880656108597,9.949315485168428,10.43080769230769,6.451604952237306,7.791496480643539,9.079151835093016,8.486842760180995,6.353732905982906,3.9514145299145262,8.464769859225742,8.558015962795375,7.637791603821016,6.7565126948215175,9.827332076420314,5.409151960784315,6.842039969834088,9.703395173453996,6.778385495223732,7.425045625942684,3.750828808446455,6.6934306184012105,6.515403594771242,6.816249245852186,4.454128959276015,3.2810522875817,6.066320010055302,4.354764705882351,3.577949723479136,3.651643790849672,7.188942810457514,6.694377450980389,6.534596279537452,10.397241452991452,4.9501788587229765,7.210951231774763,7.557732151835089,6.556295625942685,3.770281045751632,7.419173705379588,5.8722985168426325,9.029028280542985,6.753481523378582,9.41876571141277,5.181622046254398,7.005776143790848,3.480479763700353,9.724378707893417,10.11307227249874,5.201575289089996,6.096673705379587,8.449385997988937,7.584353318250375,3.975380467571644,5.169124057315233,8.945497988939167,3.1586451734539964,8.692149446958268,3.8010407239818975,8.71954361488185,4.258871920563097,4.951003645047762,6.372966314731018,3.7330320512820494,3.145919054801406,4.743371794871796,6.598778406234288,4.2799029663147286,7.772110482654599,8.628443690296631,8.226790221216692
GSM363239,11.15103871292107,9.69180656108597,9.242315485168428,10.59080769230769,7.342604952237306,8.24949648064354,8.182151835093016,8.800842760180995,5.760732905982906,4.216414529914526,8.40276985922574,8.623015962795376,8.192791603821016,6.909512694821518,10.202332076420314,4.645151960784315,6.092039969834088,10.338395173453996,8.03438549522373,6.668045625942685,4.229828808446455,6.7334306184012105,3.6664035947712414,7.625249245852186,4.119128959276015,3.2280522875817,3.688320010055301,3.5697647058823514,3.444949723479136,3.738643790849673,7.262942810457514,4.36337745098039,6.6305962795374525,10.775241452991452,5.0141788587229765,6.991951231774762,8.16073215183509,8.542295625942685,3.528281045751632,6.270173705379588,4.574298516842632,8.872028280542985,6.192481523378582,9.70176571141277,4.6866220462543975,7.642776143790847,3.625479763700353,8.855378707893415,5.642072272498742,4.187575289089996,5.475673705379587,8.272385997988938,5.549353318250375,4.150380467571644,4.859124057315232,9.039497988939166,2.8806451734539964,9.938149446958269,4.0660407239818985,9.87954361488185,4.165871920563097,4.047003645047762,5.437966314731018,3.85503205128205,3.2529190548014064,4.032371794871796,3.200778406234288,4.072902966314729,8.0021104826546,8.115443690296631,8.360790221216691
GSM363121,10.352038712921068,8.38080656108597,8.967315485168427,9.79680769230769,7.755604952237306,8.154496480643537,9.104151835093017,9.397842760180996,5.155732905982906,4.832414529914527,6.185769859225742,7.208015962795375,7.786791603821016,5.962512694821518,9.855332076420314,4.875151960784315,5.234039969834088,6.236395173453995,8.99638549522373,6.371045625942684,5.008828808446455,4.301430618401211,5.110403594771242,7.802249245852186,4.111128959276015,3.4340522875817,3.828320010055301,3.839764705882352,3.946949723479136,4.3076437908496725,7.236942810457514,8.193377450980389,6.398596279537452,10.992241452991452,5.492178858722976,7.362951231774762,7.839732151835089,5.902295625942685,4.043281045751632,5.551173705379588,8.536298516842631,9.295028280542985,7.308481523378583,9.02276571141277,5.070622046254398,6.555776143790848,7.225479763700353,9.195378707893417,9.698072272498742,4.101575289089996,5.394673705379587,9.253385997988936,6.811353318250376,4.019380467571644,8.573124057315233,8.404497988939166,3.588645173453996,9.449149446958268,3.984040723981898,10.31554361488185,4.315871920563097,3.844003645047762,5.513966314731018,4.16003205128205,3.516919054801406,5.272371794871796,3.737778406234288,4.078902966314728,7.191110482654599,4.938443690296631,8.083790221216692
GSM363108,11.09003871292107,9.47580656108597,7.832315485168428,9.51380769230769,7.3796049522373055,7.520496480643539,9.334151835093015,7.907842760180996,5.001732905982906,5.985414529914526,9.14176985922574,7.812015962795376,7.501791603821016,6.706512694821518,9.803332076420316,5.442151960784315,8.075039969834087,9.613395173453997,7.230385495223731,8.159045625942685,4.074828808446455,6.821430618401211,4.768403594771242,7.235249245852186,6.657128959276014,3.6950522875817,6.643320010055302,5.487764705882351,4.174949723479136,4.1346437908496725,6.7769428104575145,7.58137745098039,6.580596279537453,10.696241452991451,6.026178858722976,7.644951231774762,6.443732151835089,6.7362956259426845,4.451281045751632,6.674173705379588,8.409298516842632,7.957028280542985,7.894481523378582,9.31276571141277,4.847622046254397,7.033776143790847,5.450479763700353,9.449378707893414,6.998072272498742,5.172575289089996,5.996673705379587,8.218385997988937,6.865353318250376,4.288380467571644,8.78012405731523,8.490497988939167,5.336645173453996,8.516149446958268,4.923040723981898,8.16254361488185,4.423871920563097,5.346003645047762,6.312966314731018,4.48303205128205,3.549919054801406,5.798371794871796,7.647778406234289,4.760902966314728,8.2081104826546,7.14444369029663,7.835790221216691
GSM363152,11.060038712921068,9.81980656108597,8.799315485168428,10.240807692307689,7.005604952237306,8.448496480643538,8.431151835093015,8.314842760180996,6.285732905982907,4.329414529914526,8.327769859225741,8.281015962795376,6.684791603821017,6.855512694821518,11.243332076420314,5.173151960784315,7.718039969834088,8.068395173453995,7.977385495223731,5.807045625942685,3.612828808446455,3.822430618401211,3.149403594771242,7.292249245852186,3.917128959276015,3.4050522875817,3.822320010055301,4.801764705882351,3.387949723479136,3.935643790849672,5.510942810457514,5.665377450980389,6.895596279537452,10.782241452991451,5.356178858722976,6.306951231774762,5.702732151835089,6.662295625942685,3.917281045751632,5.2441737053795885,4.770298516842633,9.170028280542985,7.304481523378582,9.84676571141277,5.485622046254398,9.382776143790847,3.057479763700353,8.085378707893415,6.349072272498742,4.968575289089996,5.4096737053795865,8.483385997988938,7.014353318250375,3.743380467571644,4.233124057315232,9.526497988939166,3.1346451734539964,9.903149446958269,4.686040723981899,9.131543614881853,3.839871920563097,4.755003645047762,6.199966314731019,4.19803205128205,3.4499190548014065,5.441371794871796,5.109778406234288,4.256902966314729,7.828110482654599,7.306443690296631,8.229790221216692
GSM363105,11.723038712921069,9.52980656108597,9.190315485168428,10.278807692307687,7.212604952237306,8.469496480643539,8.758151835093015,9.474842760180996,6.387732905982906,5.957414529914527,9.009769859225742,8.933015962795375,8.237791603821016,6.729512694821518,10.526332076420314,4.558151960784315,6.262039969834087,4.733395173453995,9.25238549522373,6.235045625942685,4.192828808446455,6.466430618401211,3.192403594771242,7.535249245852186,3.7451289592760144,3.5090522875817003,3.829320010055301,4.414764705882352,3.625949723479136,3.675643790849672,6.749942810457514,5.2853774509803895,6.353596279537452,11.443241452991453,5.068178858722976,5.990951231774762,8.611732151835088,5.931295625942685,3.388281045751632,5.013173705379589,6.734298516842633,9.933028280542985,10.557481523378584,7.6377657114127695,4.893622046254397,4.532776143790848,3.179479763700353,8.114378707893415,8.129072272498743,3.923575289089996,5.599673705379587,8.430385997988939,7.706353318250375,3.709380467571644,6.910124057315232,8.438497988939165,3.2236451734539964,8.491149446958268,4.794040723981898,8.794543614881851,4.052871920563097,3.7090036450477615,6.798966314731018,4.03103205128205,3.5519190548014064,7.780371794871796,3.155778406234288,4.039902966314728,7.9761104826546,3.662443690296631,7.440790221216692
GSM363327,11.588038712921067,9.22980656108597,8.647315485168427,10.68380769230769,7.4196049522373055,7.829496480643539,8.344151835093015,8.754842760180995,5.905732905982906,6.472414529914526,7.531769859225741,8.473015962795376,7.153791603821016,7.939512694821518,9.636332076420311,6.212151960784315,7.498039969834087,6.229395173453995,7.232385495223731,6.592045625942684,3.623828808446455,5.988430618401211,7.281403594771242,7.213249245852186,6.566128959276015,3.1420522875817003,5.904320010055301,3.887764705882352,3.592949723479136,3.643643790849672,6.101942810457515,6.205377450980389,7.169596279537452,11.334241452991453,5.596178858722976,7.925951231774762,6.216732151835089,4.8052956259426844,3.945281045751632,8.815173705379589,7.333298516842633,8.928028280542986,6.301481523378582,9.13576571141277,6.814622046254398,7.960776143790847,6.011479763700353,8.408378707893416,10.092072272498744,4.129575289089996,6.182673705379587,8.947385997988938,6.024353318250376,3.811380467571644,7.654124057315232,8.767497988939166,3.068645173453996,8.611149446958267,4.942040723981898,8.65154361488185,4.082871920563097,5.444003645047762,5.9409663147310185,3.9910320512820494,3.323919054801406,4.935371794871796,2.981778406234288,4.1309029663147285,9.2661104826546,7.150443690296631,8.029790221216691
GSM363194,11.054038712921068,8.63580656108597,9.400315485168427,10.26880769230769,8.197604952237306,8.85149648064354,7.758151835093015,9.904842760180996,5.4417329059829065,6.129414529914526,9.33476985922574,8.712015962795375,6.701791603821016,6.291512694821518,10.619332076420314,3.993151960784315,4.117039969834088,7.090395173453995,9.646385495223733,6.089045625942685,3.621828808446455,3.248430618401211,4.896403594771242,7.825249245852186,3.3651289592760145,2.9880522875817004,3.781320010055301,3.673764705882352,3.202949723479136,3.4086437908496725,7.348942810457514,9.04137745098039,7.260596279537452,12.507241452991453,4.465178858722976,6.717951231774762,7.653732151835089,5.179295625942685,3.642281045751632,6.866173705379588,8.328298516842633,7.804028280542985,6.913481523378582,9.90876571141277,5.309622046254398,7.364776143790848,4.475479763700353,8.030378707893416,9.71207227249874,4.321575289089996,4.161673705379587,9.306385997988938,6.711353318250375,3.586380467571644,8.773124057315233,9.180497988939166,3.2436451734539964,8.986149446958267,4.160040723981898,9.12554361488185,3.600871920563097,4.645003645047762,6.699966314731019,3.42903205128205,3.3169190548014065,4.511371794871796,4.074778406234288,3.4679029663147283,6.3281104826546,3.775443690296631,8.149790221216692
GSM363346,11.601038712921069,9.56480656108597,9.984315485168429,10.910807692307689,7.650604952237305,8.571496480643539,8.970151835093015,9.103842760180996,5.767732905982906,6.270414529914526,9.384769859225742,8.304015962795376,8.218791603821016,8.60451269482152,10.795332076420314,6.165151960784315,6.730039969834087,7.111395173453995,9.38038549522373,7.336045625942685,3.694828808446455,5.468430618401211,3.3164035947712422,6.966249245852186,3.5031289592760144,3.5550522875817,4.0153200100553015,3.857764705882351,3.439949723479136,3.5586437908496724,8.556942810457514,5.00737745098039,6.7265962795374525,10.923241452991451,4.670178858722976,8.086951231774762,6.512732151835089,4.924295625942685,3.732281045751632,6.766173705379589,6.708298516842633,8.671028280542984,7.648481523378583,10.42376571141277,4.780622046254398,8.046776143790847,3.0234797637003528,8.133378707893415,8.275072272498743,4.346575289089996,5.6356737053795865,8.731385997988937,7.106353318250376,3.625380467571644,6.757124057315232,9.242497988939164,2.9986451734539963,8.923149446958268,5.750040723981899,8.10454361488185,3.615871920563097,4.535003645047762,6.462966314731019,3.7040320512820495,3.2379190548014063,4.345371794871796,6.2007784062342886,3.560902966314728,6.0141104826546,3.522443690296631,8.630790221216692
GSM363174,11.242038712921069,9.71680656108597,9.259315485168427,9.60380769230769,7.1456049522373055,9.404496480643536,7.464151835093015,8.642842760180995,5.562732905982906,4.606414529914527,9.39176985922574,8.224015962795376,6.905791603821016,6.560512694821518,10.878332076420314,5.021151960784315,6.458039969834087,6.675395173453995,8.242385495223733,5.943045625942684,3.749828808446455,5.816430618401211,5.305403594771242,7.781249245852186,3.5771289592760147,3.1310522875817,3.883320010055301,3.9977647058823513,3.547949723479136,3.897643790849672,6.219942810457514,5.433377450980389,7.088596279537453,11.325241452991452,4.781178858722976,6.160951231774762,6.631732151835089,6.529295625942685,3.565281045751632,4.640173705379588,8.429298516842632,7.583028280542985,6.161481523378583,9.27776571141277,6.011622046254398,6.665776143790848,5.024479763700353,6.437378707893415,9.073072272498742,4.918575289089996,5.361673705379586,8.888385997988937,6.687353318250375,5.345380467571644,8.052124057315233,8.825497988939166,2.882645173453996,9.889149446958267,4.116040723981898,8.618543614881851,4.262871920563097,4.962003645047762,6.1749663147310185,3.90303205128205,3.5399190548014063,5.482371794871796,4.082778406234288,3.849902966314728,7.109110482654599,3.872443690296631,7.454790221216691
GSM362976,10.981038712921068,8.59980656108597,7.849315485168427,9.80280769230769,7.365604952237305,7.715496480643539,9.286151835093015,8.467842760180996,6.798732905982907,9.801414529914528,8.279769859225741,7.833015962795375,7.553791603821017,6.754512694821518,9.324332076420314,4.442151960784315,6.677039969834087,5.400395173453996,6.096385495223731,7.005045625942684,4.200828808446455,4.750430618401211,3.2584035947712424,6.832249245852186,4.441128959276015,3.6100522875817,5.134320010055301,4.055764705882352,3.521949723479136,3.648643790849672,7.737942810457515,9.33337745098039,6.770596279537452,11.061241452991451,5.610178858722977,7.657951231774762,6.067732151835089,5.662295625942685,3.665281045751632,5.937173705379588,6.088298516842633,9.428028280542986,8.257481523378583,8.05976571141277,4.895622046254397,6.060776143790847,3.4144797637003528,8.796378707893416,9.393072272498742,5.131575289089996,5.380673705379587,8.922385997988938,6.560353318250376,4.130380467571643,5.684124057315232,8.782497988939166,2.9216451734539963,8.394149446958268,5.427040723981898,9.54554361488185,4.171871920563097,5.388003645047762,6.2199663147310185,3.4150320512820502,3.3659190548014064,4.131371794871796,4.6207784062342885,4.076902966314728,7.5391104826546,6.238443690296631,8.186790221216691
GSM363190,11.617038712921069,9.89080656108597,9.051315485168429,11.26780769230769,8.006604952237305,8.86949648064354,8.634151835093016,9.652842760180995,6.930732905982906,8.298414529914528,9.194769859225742,8.900015962795376,7.768791603821016,7.400512694821518,10.932332076420314,4.486151960784315,6.162039969834088,7.011395173453995,9.49938549522373,6.731045625942684,4.147828808446455,6.497430618401211,3.688403594771242,7.629249245852186,3.807128959276015,3.6120522875817,4.203320010055301,4.301764705882351,3.150949723479136,3.932643790849673,6.790942810457515,7.032377450980389,7.461596279537453,12.151241452991451,5.643178858722976,7.307951231774762,8.659732151835088,5.545295625942685,3.758281045751632,5.654173705379589,7.0612985168426325,9.652028280542984,5.885481523378583,9.02276571141277,5.342622046254397,7.627776143790848,2.897479763700353,8.114378707893415,9.409072272498744,4.345575289089996,5.241673705379587,9.124385997988938,6.535353318250376,4.155380467571644,7.079124057315232,8.701497988939167,3.3656451734539963,9.166149446958268,5.197040723981898,9.522543614881853,4.307871920563097,4.672003645047762,6.894966314731018,3.6160320512820494,3.3459190548014064,5.286371794871796,4.992778406234288,4.248902966314729,7.138110482654599,5.425443690296631,8.337790221216691
GSM363069,11.547038712921069,10.20580656108597,8.706315485168426,10.381807692307689,7.183604952237306,8.253496480643538,8.450151835093015,9.358842760180996,8.042732905982906,4.783414529914526,8.249769859225742,9.732015962795376,7.780791603821016,5.379512694821518,10.574332076420314,5.467151960784315,6.384039969834087,7.4023951734539954,8.55438549522373,6.557045625942685,3.920828808446455,3.954430618401211,3.378403594771242,7.177249245852186,4.503128959276014,4.8630522875817,3.742320010055301,3.934764705882351,3.232949723479136,3.5636437908496723,5.929942810457514,7.567377450980389,7.401596279537452,11.821241452991451,4.907178858722976,6.7479512317747625,7.895732151835089,5.396295625942685,3.291281045751632,5.107173705379588,7.430298516842633,10.440028280542984,7.573481523378582,8.96876571141277,5.704622046254397,7.107776143790847,3.608479763700353,8.104378707893416,6.417072272498742,4.430575289089996,5.458673705379587,8.464385997988938,7.601353318250376,3.438380467571644,7.783124057315232,8.835497988939165,3.233645173453996,8.852149446958268,4.647040723981898,8.252543614881851,6.155871920563097,3.9840036450477614,7.505966314731018,3.4740320512820504,3.400919054801406,4.790371794871796,3.437778406234288,3.5479029663147283,7.3901104826546,3.833443690296631,8.451790221216692
GSM363247,11.496038712921068,9.42580656108597,8.957315485168428,9.96980769230769,7.391604952237306,8.34549648064354,8.284151835093015,9.010842760180996,6.434732905982907,5.227414529914526,8.511769859225742,8.483015962795376,7.780791603821016,6.4905126948215175,10.353332076420314,5.8071519607843145,7.392039969834087,6.497395173453995,7.4753854952237315,6.005045625942684,3.610828808446455,4.041430618401211,3.522403594771242,7.842249245852186,5.439128959276014,3.4230522875817004,4.522320010055301,4.086764705882351,3.259949723479136,3.931643790849672,5.655942810457514,5.4103774509803895,7.4045962795374525,12.505241452991452,5.231178858722976,7.554951231774762,7.917732151835089,5.559295625942685,3.797281045751632,6.560173705379588,6.777298516842633,8.579028280542985,4.334481523378583,10.26776571141277,5.312622046254398,8.965776143790848,3.496479763700353,6.072378707893416,6.943072272498742,4.235575289089995,5.2236737053795865,8.672385997988938,5.978353318250376,3.753380467571644,6.548124057315232,8.622497988939166,3.1156451734539963,9.484149446958268,4.724040723981898,9.75154361488185,4.360871920563097,4.3330036450477625,6.326966314731019,3.95603205128205,5.879919054801406,4.725371794871796,7.048778406234288,4.151902966314728,8.037110482654601,4.972443690296631,8.114790221216692
GSM363076,10.450038712921067,10.21680656108597,7.352315485168427,10.40280769230769,6.285604952237305,7.731496480643539,6.035151835093015,7.651842760180996,4.936732905982907,4.241414529914526,6.117769859225741,8.540015962795376,7.529791603821017,4.290512694821518,10.473332076420316,4.466151960784315,4.254039969834087,7.969395173453996,5.325385495223731,5.372045625942684,3.942828808446455,3.7914306184012103,3.7104035947712415,6.1882492458521865,5.101128959276014,3.847052287581701,4.706320010055301,4.995764705882351,3.773949723479136,4.627643790849673,5.486942810457514,4.548377450980389,5.621596279537452,9.604241452991452,4.876178858722977,5.729951231774762,6.869732151835089,5.597295625942685,4.067281045751632,3.755173705379588,5.601298516842633,9.135028280542985,6.944481523378583,8.11576571141277,4.1786220462543975,5.689776143790848,3.711479763700353,7.821378707893415,9.411072272498744,4.749575289089996,5.448673705379587,8.189385997988937,5.580353318250376,3.834380467571644,5.103124057315232,7.939497988939166,3.5906451734539964,8.847149446958268,3.663040723981898,7.25454361488185,3.909871920563097,5.214003645047762,5.628966314731018,3.79803205128205,3.9349190548014064,4.489371794871796,4.464778406234288,4.036902966314728,4.9301104826546,6.361443690296631,7.275790221216692
GSM363376,11.28903871292107,9.56080656108597,8.497315485168427,9.31680769230769,7.559604952237305,8.24049648064354,8.315151835093015,9.642842760180995,6.120732905982907,4.923414529914527,8.064769859225741,7.851015962795376,7.471791603821017,8.442512694821517,10.381332076420314,5.1501519607843145,7.163039969834087,4.831395173453996,8.81038549522373,6.302045625942684,4.132828808446455,3.452430618401211,7.626403594771242,6.902249245852186,3.904128959276015,5.1180522875817,5.512320010055301,5.672764705882352,3.818949723479136,3.447643790849672,6.398942810457514,5.56837745098039,7.237596279537453,12.107241452991452,5.289178858722976,7.110951231774762,8.83073215183509,6.949295625942685,3.536281045751632,6.062173705379588,7.534298516842632,9.148028280542984,5.226481523378583,9.01076571141277,4.431622046254398,7.526776143790848,6.495479763700353,7.521378707893415,11.092072272498744,4.249575289089996,4.972673705379587,9.35038599798894,6.104353318250376,3.861380467571644,8.278124057315232,9.623497988939166,3.285645173453996,8.766149446958268,4.935040723981898,7.734543614881851,4.949871920563097,4.407003645047762,6.148966314731019,3.8460320512820494,3.557919054801406,4.282371794871796,2.951778406234288,3.890902966314728,5.9321104826546,5.582443690296631,8.736790221216692
GSM362959,11.169038712921068,9.39880656108597,8.476315485168428,9.942807692307689,6.970604952237306,8.247496480643537,7.855151835093015,9.098842760180997,6.0267329059829065,7.280414529914526,8.579769859225742,8.222015962795377,7.859791603821017,6.7165126948215175,10.554332076420314,4.135151960784315,4.909039969834088,9.931395173453994,8.80438549522373,5.156045625942684,4.528828808446455,5.522430618401211,3.655403594771242,7.589249245852186,4.194128959276014,2.9190522875817004,4.650320010055301,3.8247647058823513,3.809949723479136,3.636643790849672,6.818942810457514,6.90837745098039,7.213596279537453,11.063241452991452,5.095178858722976,5.299951231774762,7.643732151835089,5.741295625942684,3.620281045751632,5.229173705379588,6.419298516842633,9.510028280542985,5.716481523378582,9.89476571141277,4.5936220462543975,6.797776143790848,5.787479763700353,8.434378707893416,10.32507227249874,4.527575289089996,6.0426737053795865,8.672385997988938,5.420353318250376,4.472380467571644,6.213124057315232,7.876497988939166,3.816645173453996,9.087149446958268,5.826040723981898,9.605543614881851,4.202871920563097,4.303003645047762,6.141966314731018,3.7410320512820494,3.605919054801406,5.589371794871796,3.696778406234288,4.177902966314728,6.0091104826546,5.52744369029663,8.693790221216691
GSM363226,11.290038712921069,10.238806561085967,8.480315485168427,10.060807692307687,7.2546049522373055,8.248496480643539,9.047151835093016,9.004842760180995,6.169732905982906,6.640414529914526,8.156769859225742,8.754015962795375,5.672791603821016,6.787512694821518,10.026332076420314,5.8551519607843145,7.176039969834087,4.963395173453995,7.7333854952237315,4.754045625942684,3.846828808446455,5.525430618401211,3.579403594771242,6.882249245852186,3.6111289592760154,3.2810522875817,4.254320010055301,7.679764705882351,3.204949723479136,3.955643790849672,5.604942810457515,6.39037745098039,8.006596279537451,11.969241452991453,5.500178858722976,5.713951231774762,7.861732151835089,4.868295625942685,3.790281045751632,3.833173705379589,7.701298516842633,7.943028280542985,5.896481523378583,9.755765711412767,4.942622046254398,7.601776143790848,3.189479763700353,5.767378707893415,6.345072272498742,4.193575289089996,6.1516737053795865,8.246385997988938,6.903353318250376,4.009380467571644,8.138124057315231,8.696497988939166,2.915645173453996,8.838149446958267,4.3530407239818985,11.00154361488185,4.355871920563097,5.289003645047762,5.909966314731019,4.16403205128205,3.1959190548014065,5.857371794871796,3.221778406234288,3.921902966314729,6.6821104826546,6.725443690296631,7.925790221216691
GSM363010,10.825038712921067,8.98580656108597,7.874315485168427,9.91880769230769,7.569604952237306,7.8974964806435395,8.930151835093016,7.517842760180995,5.884732905982906,6.493414529914526,6.465769859225741,8.614015962795376,7.486791603821016,7.309512694821518,10.227332076420314,4.181151960784315,4.727039969834087,7.399395173453995,5.900385495223731,4.859045625942684,7.187828808446454,3.746430618401211,3.671403594771242,6.251249245852186,4.582128959276015,3.4750522875817005,5.550320010055302,5.812764705882351,3.941949723479136,5.187643790849672,6.228942810457514,9.754377450980389,7.195596279537453,10.938241452991452,5.597178858722976,5.451951231774762,6.103732151835089,5.666295625942685,3.874281045751632,6.325173705379588,6.141298516842633,8.399028280542986,5.853481523378583,4.88676571141277,4.4526220462543975,4.572776143790848,4.387479763700353,7.961378707893415,6.017072272498742,4.028575289089996,5.277673705379587,8.212385997988939,6.443353318250376,4.280380467571644,6.5011240573152325,9.184497988939166,4.655645173453997,9.351149446958267,4.8530407239818985,8.839543614881851,4.691871920563097,5.573003645047762,6.357966314731018,3.8730320512820495,3.3139190548014064,4.511371794871796,3.3607784062342883,3.916902966314729,6.311110482654599,4.393443690296631,7.116790221216691
GSM363220,11.633038712921069,8.80480656108597,8.570315485168427,10.192807692307689,7.3716049522373055,8.550496480643538,8.605151835093016,8.993842760180996,6.1597329059829065,5.376414529914526,8.776769859225741,8.535015962795375,7.903791603821016,8.025512694821519,10.085332076420316,4.237151960784315,6.387039969834087,8.836395173453996,8.13838549522373,6.125045625942684,3.810828808446455,5.14543061840121,3.0654035947712424,7.197249245852186,4.088128959276014,3.1940522875817003,4.412320010055301,6.079764705882352,3.487949723479136,3.694643790849673,8.341942810457514,5.44537745098039,6.238596279537452,10.900241452991452,5.203178858722977,7.252951231774762,6.572732151835089,4.709295625942684,3.698281045751632,5.995173705379588,6.182298516842633,8.848028280542986,7.992481523378583,10.02276571141277,5.711622046254398,7.383776143790848,6.474479763700353,8.927378707893416,10.226072272498744,4.669575289089996,5.586673705379587,8.445385997988938,8.322353318250375,5.144380467571644,6.453124057315232,8.875497988939166,3.0546451734539963,8.987149446958268,5.011040723981898,8.429543614881851,4.223871920563097,4.480003645047762,6.228966314731019,3.81203205128205,4.193919054801406,4.740371794871796,6.384778406234288,3.796902966314729,7.000110482654599,7.471443690296631,8.084790221216691
GSM362964,11.33103871292107,10.09380656108597,7.961315485168427,9.77780769230769,7.024604952237306,8.02049648064354,9.567151835093016,8.907842760180996,6.313732905982906,5.993414529914526,8.040769859225742,9.349015962795376,8.455791603821016,6.430512694821518,10.514332076420311,4.494151960784315,6.059039969834087,8.671395173453995,5.989385495223732,5.340045625942684,4.721828808446455,5.372430618401211,3.1174035947712424,7.503249245852186,6.264128959276015,3.4950522875817,4.9993200100553015,4.330764705882351,3.773949723479136,4.013643790849672,6.6519428104575145,8.37537745098039,6.746596279537452,11.133241452991452,5.586178858722977,7.322951231774762,7.666732151835089,6.001295625942685,3.869281045751632,4.328173705379588,6.433298516842632,9.188028280542984,7.189481523378582,8.601765711412769,4.229622046254398,9.030776143790847,5.005479763700353,8.878378707893415,9.723072272498744,4.154575289089996,5.108673705379587,8.763385997988937,6.018353318250376,4.913380467571644,6.586124057315232,8.536497988939166,4.528645173453996,10.081149446958268,5.458040723981898,8.69354361488185,4.448871920563097,4.799003645047762,7.143966314731019,4.10303205128205,3.375919054801406,4.252371794871796,3.960778406234288,4.229902966314729,6.6051104826546,6.711443690296631,8.697790221216692
GSM362956,11.392341880341888,10.108288461538462,8.74863675213675,10.511269230769226,8.597715811965816,9.72855982905984,9.010418803418805,10.729673076923088,5.632540598290601,7.128952991452988,8.778912393162393,8.913728632478637,7.141542735042729,8.110284188034191,10.649354700854705,5.744416666666673,7.150320512820515,4.379282051282046,10.845446581196576,5.336224358974353,3.3509102564102533,3.5156794871794945,2.717138888888891,7.751762820512821,3.3858076923076945,4.025111111111114,3.050559829059828,2.9429999999999974,2.4668547008547,3.169055555555549,6.313972222222217,4.937583333333335,7.337863247863246,12.919895299145292,3.5819594017093994,6.592829059829055,8.652553418803418,4.357974358974359,2.473222222222223,6.109047008547011,9.24692521367522,8.69251923076923,5.447814102564095,7.574982905982907,5.253425213675212,9.148805555555558,3.4338440170940183,6.328561965811959,9.91777136752137,3.634220085470087,4.707547008547007,10.35343803418803,6.457993589743587,3.323532051282053,6.127891025641022,9.981534188034182,2.2100320512820493,9.954459401709409,3.8033076923076905,10.23175854700855,4.0611773504273545,4.193938034188034,7.477572649572647,3.478455128205125,2.706376068376066,7.084679487179486,2.543767094017096,3.6696495726495697,6.295121794871801,4.149457264957267,7.8605662393162365
GSM363348,11.82103871292107,9.49780656108597,8.334315485168426,9.41180769230769,8.922604952237306,9.25549648064354,8.500151835093016,9.490842760180996,6.495732905982907,6.828414529914526,9.24076985922574,9.096015962795375,6.831791603821016,8.140512694821517,10.627332076420316,3.843151960784315,3.849039969834088,5.950395173453996,8.549385495223731,6.299045625942685,4.709828808446455,3.325430618401211,3.0704035947712423,7.0632492458521865,3.314128959276015,3.4660522875817,3.762320010055301,3.827764705882352,3.336949723479136,3.3536437908496723,8.461942810457515,9.004377450980389,8.329596279537451,11.415241452991452,5.566178858722976,7.394951231774762,7.947732151835089,6.836295625942685,3.418281045751632,7.467173705379588,6.751298516842633,8.622028280542985,5.359481523378583,8.864765711412769,4.863622046254397,8.585776143790847,5.465479763700353,7.348378707893415,10.830072272498745,4.508575289089996,5.381673705379587,9.77338599798894,6.078353318250375,3.872380467571644,7.531124057315232,8.918497988939166,3.2276451734539964,9.134149446958268,5.571040723981898,8.64654361488185,3.779871920563097,4.976003645047762,7.466966314731018,3.66503205128205,3.480919054801406,6.630371794871796,3.305778406234288,3.5589029663147285,6.013110482654599,4.04344369029663,6.406790221216691
GSM363213,11.939038712921068,9.01880656108597,8.613315485168426,11.10380769230769,7.457604952237306,8.51449648064354,9.846151835093016,8.327842760180996,5.905732905982906,3.9934145299145274,7.789769859225741,9.613015962795377,6.937791603821016,6.736512694821518,9.935332076420314,6.822151960784315,8.664039969834088,10.740395173453996,7.109385495223731,6.206045625942685,3.4518288084464546,3.446430618401211,3.164403594771242,8.359249245852187,3.856128959276015,3.1830522875817,3.735320010055301,3.674764705882352,3.215949723479136,4.201643790849673,5.820942810457514,5.274377450980389,7.238596279537452,10.410241452991452,4.789178858722976,5.822951231774762,6.521732151835089,4.223295625942685,3.809281045751632,6.823173705379588,8.098298516842632,8.943028280542984,5.420481523378583,8.80576571141277,5.983622046254397,6.250776143790848,2.805479763700353,8.345378707893415,6.977072272498742,4.528575289089996,5.705673705379587,8.979385997988938,9.485353318250375,3.924380467571644,8.004124057315233,8.771497988939165,2.939645173453996,8.731149446958268,3.892040723981898,9.14454361488185,3.891871920563097,3.9800036450477614,5.939966314731018,3.99703205128205,3.2219190548014063,4.383371794871796,3.1307784062342883,3.909902966314728,7.181110482654599,4.956443690296631,7.349790221216692
GSM363198,11.220038712921069,9.56080656108597,9.613315485168426,10.11480769230769,7.224604952237305,7.692496480643539,9.076151835093016,8.878842760180996,5.569732905982907,4.711414529914526,8.54676985922574,8.824015962795375,8.206791603821017,5.951512694821518,10.255332076420316,4.159151960784315,4.291039969834087,9.458395173453995,7.254385495223731,6.587045625942684,4.100828808446455,3.2154306184012107,3.201403594771242,7.862249245852186,3.838128959276015,3.4060522875817,3.948320010055301,4.795764705882352,3.497949723479136,3.8716437908496726,7.603942810457514,6.88437745098039,5.860596279537452,11.757241452991453,4.953178858722977,6.182951231774762,8.046732151835089,5.0102956259426845,3.861281045751632,4.513173705379589,7.292298516842632,8.581028280542984,7.679481523378582,9.49376571141277,4.551622046254398,9.072776143790849,3.486479763700353,8.144378707893415,8.262072272498742,4.706575289089996,4.846673705379587,8.810385997988938,5.329353318250376,3.749380467571644,7.066124057315232,9.276497988939166,2.8276451734539965,9.620149446958267,4.458040723981898,7.569543614881851,4.307871920563097,4.029003645047762,6.148966314731019,3.9340320512820495,3.303919054801406,3.984371794871796,5.888778406234288,4.116902966314728,6.849110482654599,7.50344369029663,8.380790221216692
GSM363184,11.072038712921067,8.85380656108597,8.311315485168427,11.285807692307689,7.759604952237305,9.43749648064354,8.455151835093016,8.794842760180996,7.179732905982906,9.578414529914523,7.913769859225741,8.845015962795376,8.648791603821017,7.958512694821517,10.021332076420316,5.595151960784315,7.923039969834088,5.9023951734539954,9.835385495223733,6.459045625942684,4.295828808446455,3.446430618401211,3.144403594771242,8.651249245852187,3.5231289592760144,3.4150522875817004,3.688320010055301,3.6067647058823513,3.420949723479136,3.839643790849673,7.014942810457514,9.626377450980389,7.4445962795374525,8.580241452991451,5.8251788587229765,4.900951231774762,7.867732151835089,6.334295625942684,3.503281045751632,6.650173705379588,5.451298516842633,9.316028280542984,9.57248152337858,6.107765711412769,4.622622046254397,4.577776143790848,5.6344797637003525,9.476378707893415,7.334072272498742,5.936575289089996,4.2686737053795865,8.369385997988937,6.754353318250375,4.290380467571644,5.794124057315233,9.761497988939166,3.2026451734539965,8.641149446958268,4.5420407239818985,8.97554361488185,3.953871920563097,4.236003645047762,7.0179663147310185,4.04903205128205,3.2649190548014064,4.839371794871796,3.103778406234288,4.783902966314728,6.003110482654599,3.649443690296631,7.614790221216691
GSM362960,11.371038712921068,9.20380656108597,8.198315485168427,9.737807692307689,7.502604952237306,8.30449648064354,7.334151835093015,8.756842760180996,6.8727329059829065,4.745414529914527,9.159769859225742,8.810015962795376,6.363791603821016,7.202512694821518,11.090332076420314,3.851151960784315,4.492039969834088,9.466395173453996,7.747385495223732,4.8860456259426845,4.629828808446455,4.0394306184012105,3.264403594771242,7.181249245852186,3.7771289592760144,3.4720522875817004,4.295320010055301,4.323764705882351,4.567949723479136,4.531643790849673,5.902942810457515,6.378377450980389,7.004596279537452,10.297241452991452,5.377178858722976,7.135951231774762,7.480732151835089,5.283295625942685,3.871281045751632,4.711173705379588,6.431298516842633,9.457028280542984,4.827481523378583,9.25976571141277,5.188622046254397,6.881776143790847,3.778479763700353,5.963378707893416,9.653072272498743,4.104575289089996,4.833673705379587,8.389385997988938,6.087353318250376,4.606380467571643,6.614124057315232,8.274497988939165,3.762645173453997,9.507149446958268,5.1190407239818985,8.243543614881851,4.213871920563097,3.694003645047762,5.999966314731019,4.02203205128205,3.4069190548014063,4.911371794871796,3.268778406234288,3.941902966314729,7.109110482654599,5.129443690296631,9.13979022121669
GSM363145,11.15103871292107,11.85680656108597,8.164315485168427,8.86480769230769,7.1986049522373055,9.40649648064354,7.610151835093015,8.571842760180996,6.860732905982906,6.677414529914526,8.086769859225742,8.870015962795376,8.420791603821016,10.32851269482152,10.732332076420311,4.036151960784315,6.147039969834087,9.178395173453996,9.174385495223731,5.379045625942684,3.811828808446455,3.379430618401211,3.865403594771242,7.154249245852186,4.615128959276015,3.7390522875817,3.771320010055301,3.682764705882352,3.381949723479136,3.710643790849673,5.228942810457514,5.4903774509803895,6.757596279537452,11.596241452991451,4.938178858722976,5.806951231774762,8.14173215183509,5.027295625942685,3.586281045751632,6.239173705379589,4.895298516842633,8.195028280542985,7.713481523378582,9.57876571141277,4.564622046254398,6.599776143790847,5.978479763700353,7.664378707893415,8.995072272498742,4.342575289089996,4.617673705379587,9.529385997988935,6.181353318250376,5.906380467571644,5.741124057315232,8.736497988939165,3.4166451734539964,8.751149446958268,4.118040723981898,8.595543614881851,3.558871920563097,4.369003645047762,7.330966314731018,3.9780320512820495,3.803919054801406,4.699371794871796,3.0617784062342883,4.539902966314728,6.369110482654599,4.009443690296631,8.099790221216692
GSM363050,11.377038712921069,10.17980656108597,8.663315485168427,9.82480769230769,6.040604952237306,8.704496480643538,9.026151835093016,8.905842760180995,6.2927329059829065,7.163414529914526,7.866769859225742,8.240015962795376,6.2127916038210165,7.598512694821518,10.279332076420314,4.736151960784315,7.206039969834087,8.046395173453995,6.347385495223731,5.920045625942684,4.049828808446454,3.615430618401211,3.4884035947712424,7.254249245852186,3.9221289592760153,3.5910522875817,4.355320010055301,3.871764705882352,3.870949723479136,4.086643790849672,6.053942810457515,5.65537745098039,7.157596279537453,11.139241452991453,6.336178858722977,6.163951231774762,7.427732151835089,4.225295625942684,3.402281045751632,5.302173705379588,6.639298516842633,9.324028280542985,7.330481523378582,8.17276571141277,4.8356220462543975,8.056776143790847,3.5394797637003528,5.816378707893415,8.526072272498741,4.681575289089996,5.999673705379587,8.014385997988938,6.019353318250376,3.3833804675716435,6.121124057315233,9.255497988939164,3.3646451734539964,9.108149446958269,4.586040723981898,9.81654361488185,4.076871920563097,4.765003645047762,6.124966314731019,3.0790320512820504,3.178919054801406,6.685371794871796,4.215778406234288,4.087902966314728,6.5331104826546,4.333443690296631,7.7587902212166915
GSM363241,12.041038712921068,8.92380656108597,8.099315485168427,9.96380769230769,8.178604952237306,7.917496480643539,7.422151835093016,8.923842760180996,7.281732905982906,4.165414529914527,8.194769859225742,8.438015962795376,6.177791603821016,8.287512694821519,9.763332076420314,5.491151960784315,6.891039969834088,4.245395173453995,8.956385495223731,6.022045625942685,4.341828808446455,5.416430618401211,5.0034035947712425,7.478249245852186,4.494128959276015,3.0240522875817004,6.276320010055302,4.009764705882351,3.481949723479136,3.618643790849673,7.436942810457515,6.774377450980389,7.788596279537453,11.664241452991453,5.217178858722976,7.290951231774762,7.401732151835089,3.793295625942685,3.657281045751632,6.9011737053795885,8.272298516842632,8.996028280542985,6.882481523378583,8.28676571141277,6.888622046254397,5.983776143790847,4.357479763700353,5.488378707893415,7.695072272498742,4.167575289089996,5.766673705379587,9.14238599798894,6.321353318250376,4.384380467571644,8.442124057315233,8.588497988939165,3.0626451734539963,8.919149446958269,4.662040723981899,9.89954361488185,3.939871920563097,4.300003645047762,6.021966314731018,4.01903205128205,3.129919054801406,4.738371794871796,4.3097784062342885,3.9649029663147286,6.966110482654599,3.715443690296631,7.745790221216692
GSM363122,9.887038712921068,9.456806561085967,7.961315485168427,7.55780769230769,8.004604952237306,8.92349648064354,6.110151835093015,9.230842760180996,7.383732905982907,7.361414529914526,7.454769859225741,7.058015962795376,7.326791603821016,7.646512694821518,9.012332076420314,7.541151960784314,9.242039969834089,8.256395173453996,5.797385495223732,6.5030456259426845,3.594828808446455,7.502430618401211,5.618403594771242,6.992249245852186,4.212128959276015,3.7430522875817,4.346320010055301,3.8007647058823513,4.058949723479135,5.300643790849672,5.879942810457514,5.901377450980389,7.657596279537453,10.42424145299145,5.579178858722976,8.270951231774763,6.350732151835089,4.933295625942685,3.602281045751632,7.782173705379589,4.653298516842633,8.543028280542984,5.554481523378582,9.65576571141277,7.116622046254397,7.451776143790847,3.732479763700353,7.949378707893415,6.341072272498742,3.607575289089996,4.913673705379587,7.931385997988938,6.944353318250376,4.889380467571644,5.2301240573152326,8.004497988939166,3.687645173453996,9.476149446958267,4.487040723981898,9.278543614881851,4.651871920563097,7.288003645047762,4.474966314731018,4.662032051282051,4.147919054801406,5.414371794871796,3.892778406234288,4.455902966314729,7.883110482654599,3.642443690296631,6.179790221216692
GSM362971,10.422038712921069,8.754806561085969,7.7283154851684275,8.846807692307689,6.252604952237306,7.777496480643539,9.858151835093016,7.982842760180995,5.506732905982906,7.908414529914526,8.730769859225742,7.869015962795376,6.555791603821016,6.323512694821518,8.606332076420314,5.059151960784315,7.097039969834087,10.201395173453996,5.539385495223732,6.175045625942684,6.591828808446455,6.798430618401211,4.055403594771242,7.133249245852186,5.835128959276014,5.5910522875817,5.622320010055302,6.949764705882352,6.042949723479135,4.111643790849673,6.932942810457514,9.97937745098039,6.339596279537452,9.350241452991453,8.275178858722976,7.460951231774763,6.452732151835089,6.140295625942684,4.607281045751632,5.266173705379589,8.039298516842633,8.237028280542985,8.992481523378583,7.82576571141277,4.570622046254398,4.857776143790847,5.935479763700353,10.210378707893415,6.862072272498742,5.634575289089995,6.0746737053795865,7.748385997988938,7.146353318250376,5.269380467571644,7.731124057315232,8.138497988939166,7.393645173453996,8.947149446958267,7.405040723981898,8.22654361488185,4.463871920563097,5.009003645047762,4.915966314731018,6.08103205128205,3.7009190548014064,8.204371794871795,6.815778406234288,7.222902966314728,7.461110482654599,4.776443690296631,7.472790221216692
GSM363228,11.30203871292107,9.12480656108597,8.574315485168427,9.44380769230769,7.700604952237305,8.32549648064354,8.264151835093015,8.786842760180996,6.357732905982906,3.6724145299145263,8.128769859225741,8.762015962795376,7.966791603821017,8.223512694821519,10.390332076420314,7.196151960784315,8.942039969834088,7.138395173453995,9.17038549522373,6.377045625942684,4.149828808446455,3.971430618401211,5.437403594771242,7.810249245852186,3.804128959276015,4.0060522875817,4.298320010055301,3.665764705882352,3.303949723479136,3.844643790849672,7.040942810457515,4.914377450980389,7.012596279537452,11.540241452991452,4.681178858722976,8.612951231774762,6.319732151835089,6.602295625942685,3.517281045751632,8.145173705379587,4.267298516842633,8.431028280542986,8.083481523378584,9.566765711412769,6.348622046254397,7.345776143790847,3.353479763700353,7.352378707893415,9.15707227249874,4.208575289089996,4.818673705379587,9.057385997988938,6.835353318250376,3.969380467571644,4.554124057315232,9.238497988939166,2.7226451734539965,9.446149446958268,4.656040723981898,9.03554361488185,4.099871920563097,4.927003645047762,6.298966314731018,4.14403205128205,3.3219190548014064,4.242371794871796,2.990778406234288,3.8559029663147286,6.2891104826546,4.073443690296631,8.181790221216692
GSM363334,11.092038712921068,9.376806561085967,7.055315485168427,9.253807692307689,7.295604952237306,8.196496480643539,9.136151835093017,9.112842760180996,6.133732905982907,7.3484145299145265,8.317769859225741,8.345015962795376,8.585791603821017,7.903512694821518,10.395332076420312,6.445151960784315,7.760039969834088,4.561395173453995,8.08038549522373,6.203045625942685,3.683828808446455,3.257430618401211,3.443403594771242,7.394249245852186,4.005128959276014,3.4720522875817004,4.652320010055301,4.172764705882352,3.590949723479136,3.710643790849673,6.227942810457514,6.476377450980389,6.3355962795374525,11.548241452991451,5.593178858722976,7.401951231774762,7.461732151835089,4.644295625942685,4.179281045751631,6.210173705379589,5.906298516842633,9.001028280542984,4.911481523378583,7.54276571141277,4.785622046254398,8.069776143790847,3.516479763700353,8.485378707893416,7.919072272498743,4.594575289089995,5.397673705379587,8.221385997988937,6.619353318250376,3.781380467571644,6.196124057315232,9.039497988939166,3.1216451734539965,8.878149446958268,4.679040723981898,8.73954361488185,4.384871920563097,5.691003645047762,5.699966314731019,3.9900320512820495,3.2649190548014064,5.070371794871796,4.553778406234288,4.196902966314728,7.298110482654599,3.790443690296631,7.3837902212166915
GSM363434,11.785341880341887,9.467288461538462,8.857636752136752,10.008269230769226,7.546715811965815,9.40555982905984,7.300418803418804,9.013673076923087,7.054540598290601,4.699952991452988,6.996912393162393,9.01072863247864,9.33854273504273,7.465284188034191,10.599354700854702,3.656416666666673,5.0433205128205145,9.589282051282046,6.189446581196576,4.376224358974353,4.332910256410253,3.787679487179495,2.7801388888888914,7.347762820512822,3.5028076923076945,3.4701111111111143,2.950559829059828,2.997999999999997,2.6258547008546995,3.234055555555549,5.2429722222222175,8.471583333333335,7.058863247863246,11.175895299145292,4.948959401709399,5.252829059829055,8.203553418803418,4.08497435897436,2.775222222222223,6.528047008547011,2.993925213675221,10.35251923076923,4.128814102564095,7.646982905982906,7.088425213675212,4.758805555555559,3.382844017094018,9.09356196581196,6.87377136752137,4.654220085470087,3.6115470085470074,8.412438034188032,7.193993589743587,3.807532051282053,3.7038910256410222,9.663534188034182,3.228032051282049,9.321459401709408,4.376307692307691,8.562758547008551,3.6801773504273543,4.697938034188034,6.243572649572647,3.731455128205125,2.863376068376066,4.507679487179486,3.237767094017096,7.821649572649569,7.446121794871801,4.476457264957268,8.724566239316236
GSM712532,11.351038712921069,9.58080656108597,8.772315485168427,10.09580769230769,8.187604952237306,7.960496480643539,7.570151835093015,9.695842760180996,5.7557329059829065,4.289414529914526,9.464769859225742,8.777015962795376,7.354791603821017,6.999512694821518,10.903332076420314,4.544151960784315,5.917039969834088,10.630395173453996,8.404385495223732,6.454045625942684,3.736828808446455,5.431430618401211,5.518403594771242,7.965249245852186,4.362128959276014,3.2500522875817004,4.429320010055301,3.734764705882352,3.104949723479136,3.890643790849672,8.575942810457516,6.5753774509803895,6.459596279537452,12.061241452991451,5.050178858722976,7.069951231774763,7.655732151835089,6.822295625942685,3.387281045751632,7.229173705379588,6.016298516842633,7.782028280542985,6.835481523378583,9.66676571141277,4.786622046254397,8.404776143790848,3.254479763700353,9.141378707893416,11.246072272498743,3.827575289089996,4.654673705379587,9.400385997988938,5.852353318250375,3.481380467571644,6.372124057315232,8.658497988939166,2.902645173453996,9.102149446958268,5.836040723981898,8.111543614881851,3.499871920563097,4.435003645047762,6.502966314731019,3.70103205128205,3.0789190548014065,5.405371794871796,3.5497784062342883,3.894902966314728,5.9721104826546,8.03344369029663,9.455790221216692
GSM712534,10.78603871292107,9.30980656108597,8.302315485168426,8.53080769230769,7.382604952237306,8.56649648064354,7.067151835093015,7.572842760180996,7.1597329059829065,5.991414529914526,6.950769859225741,7.399015962795375,8.615791603821016,7.011512694821518,10.178332076420316,6.6501519607843145,8.432039969834088,6.640395173453995,7.605385495223731,5.775045625942685,4.219828808446454,5.498430618401211,4.493403594771242,6.266249245852186,4.249128959276015,3.9160522875817,4.639320010055301,3.956764705882352,3.729949723479136,3.745643790849672,6.101942810457515,5.03837745098039,6.0295962795374525,10.241241452991453,4.9901788587229765,7.818951231774762,6.762732151835089,5.531295625942684,3.826281045751632,5.044173705379588,5.809298516842633,9.002028280542985,3.9074815233785833,9.460765711412767,4.540622046254398,6.734776143790848,6.477479763700353,7.313378707893415,7.324072272498742,5.012575289089996,4.5426737053795865,8.331385997988939,6.763353318250376,8.024380467571644,6.020124057315233,9.137497988939169,3.2746451734539965,9.185149446958269,4.169040723981898,7.33154361488185,3.625871920563097,4.878003645047762,6.272966314731018,3.60203205128205,6.472919054801406,4.283371794871796,4.451778406234288,4.431902966314729,8.137110482654599,4.395443690296631,7.201790221216692
GSM712536,10.096038712921068,8.39680656108597,7.906315485168427,8.02480769230769,6.612604952237305,7.7644964806435395,9.815151835093015,7.072842760180996,4.6917329059829065,8.765414529914526,9.133769859225742,7.619015962795376,6.1117916038210165,4.868512694821518,8.487332076420314,7.611151960784315,8.527039969834087,8.765395173453996,4.784385495223732,6.022045625942685,4.127828808446455,7.290430618401211,7.345403594771242,6.713249245852186,6.588128959276014,4.050052287581701,7.905320010055301,9.876764705882351,4.791949723479136,5.528643790849673,7.644942810457515,7.936377450980389,5.839596279537452,9.012241452991452,7.222178858722976,8.478951231774762,5.8567321518350886,8.114295625942685,4.976281045751632,3.841173705379589,7.124298516842633,5.363028280542985,7.908481523378582,9.10776571141277,4.510622046254397,3.870776143790848,5.851479763700353,10.161378707893416,6.012072272498743,6.758575289089996,7.065673705379587,7.230385997988938,7.904353318250376,4.656380467571644,6.487124057315232,7.782497988939166,6.950645173453997,8.246149446958269,6.321040723981898,7.683543614881851,4.618871920563097,6.324003645047762,5.861966314731019,4.80703205128205,4.767919054801406,6.540371794871796,8.374778406234288,4.2719029663147285,9.4471104826546,3.931443690296631,7.554790221216692
GSM362985,10.338038712921067,7.65580656108597,7.4623154851684275,8.32480769230769,6.400604952237305,7.4054964806435395,9.715151835093016,6.874842760180996,4.493732905982906,7.206414529914526,9.194769859225742,6.765015962795376,5.995791603821017,5.080512694821518,8.738332076420313,6.301151960784315,8.451039969834087,8.994395173453995,5.117385495223731,6.371045625942684,5.604828808446455,7.969430618401211,7.300403594771242,6.365249245852186,5.886128959276014,4.9210522875817,7.469320010055301,6.500764705882351,7.029949723479136,6.984643790849672,8.352942810457513,10.100377450980387,6.038596279537453,9.250241452991451,7.187178858722977,8.45495123177476,5.875732151835089,9.861295625942684,6.200281045751632,4.047173705379588,9.956298516842631,6.943028280542985,8.662481523378581,8.47076571141277,4.516622046254398,4.581776143790847,7.061479763700353,9.972378707893416,5.392072272498742,6.532575289089996,6.375673705379587,7.020385997988938,7.635353318250376,5.226380467571643,9.861124057315234,7.964497988939166,6.808645173453996,8.099149446958268,7.245040723981898,7.81054361488185,5.663871920563097,4.9420036450477625,4.850966314731019,5.795032051282051,8.378919054801408,7.433371794871796,8.610778406234289,5.575902966314729,7.873110482654599,4.991443690296631,7.241790221216691
GSM712537,10.643038712921069,7.79280656108597,6.719315485168427,8.18880769230769,6.1856049522373056,7.088496480643539,8.275151835093016,7.364842760180996,4.701732905982906,7.410414529914527,9.493769859225742,7.575015962795375,5.840791603821017,5.476512694821518,8.135332076420314,5.849151960784315,8.684039969834087,8.805395173453995,5.074385495223732,6.341045625942685,5.712828808446455,8.31043061840121,7.023403594771242,6.246249245852186,5.593128959276014,4.9900522875817,6.980320010055301,10.033764705882351,6.536949723479136,5.042643790849672,7.251942810457514,7.66937745098039,6.204596279537452,9.229241452991452,7.622178858722976,8.683951231774763,5.676732151835089,8.502295625942685,6.650281045751632,3.891173705379588,9.159298516842632,6.161028280542985,8.591481523378583,7.743765711412769,4.0216220462543975,4.534776143790848,6.513479763700353,9.456378707893416,5.202072272498742,5.927575289089996,6.571673705379586,6.871385997988938,6.853353318250376,4.490380467571644,9.319124057315232,7.866497988939166,6.154645173453996,8.272149446958268,6.809040723981898,7.883543614881851,5.238871920563097,4.968003645047762,5.330966314731018,6.17103205128205,8.184919054801405,7.508371794871796,8.441778406234288,5.689902966314729,8.172110482654599,3.988443690296631,7.220790221216691
GSM362990,10.246038712921068,7.74180656108597,7.087315485168428,8.48180769230769,5.842604952237306,7.247496480643539,9.800151835093017,7.2548427601809955,4.177732905982906,7.567414529914527,9.201769859225742,7.388015962795376,6.098791603821017,6.143512694821518,7.861332076420314,5.169151960784315,7.955039969834088,9.052395173453997,5.362385495223731,6.599045625942685,5.756828808446455,7.298430618401211,6.550403594771242,6.130249245852186,5.784128959276015,4.5650522875817,7.033320010055301,6.086764705882351,6.073949723479136,4.9936437908496725,7.943942810457514,9.60537745098039,5.937596279537453,8.875241452991451,7.222178858722976,8.29795123177476,5.911732151835089,8.522295625942684,6.854281045751632,4.992173705379589,8.481298516842632,7.801028280542985,8.525481523378584,7.296765711412769,4.8516220462543975,5.413776143790847,5.401479763700353,9.087378707893414,5.581072272498743,5.946575289089996,7.044673705379587,6.948385997988938,7.172353318250376,5.236380467571644,8.139124057315232,7.813497988939166,6.254645173453996,8.067149446958268,6.553040723981899,7.399543614881851,4.735871920563097,4.720003645047762,4.980966314731019,6.08603205128205,6.328919054801406,8.120371794871796,7.878778406234288,5.793902966314729,8.7221104826546,4.467443690296631,7.220790221216691
GSM363155,9.970038712921069,8.76380656108597,6.267315485168427,8.05380769230769,5.630604952237306,6.940496480643539,9.526151835093016,6.878842760180995,4.269732905982907,7.410414529914527,8.94376985922574,7.449015962795376,6.520791603821016,4.904512694821518,8.349332076420314,7.254151960784315,8.762039969834088,7.976395173453995,3.7473854952237313,5.809045625942685,3.714828808446455,7.590430618401211,6.684403594771243,6.668249245852186,5.978128959276015,5.106052287581701,8.0423200100553,9.011764705882351,7.111949723479136,6.101643790849672,8.058942810457513,9.023377450980387,6.276596279537452,9.210241452991452,7.829178858722976,8.14395123177476,5.833732151835089,7.797295625942684,7.273281045751632,4.2041737053795885,9.578298516842631,5.223028280542985,8.621481523378584,8.460765711412769,4.598622046254397,4.423776143790848,6.140479763700353,9.903378707893417,5.354072272498742,5.768575289089996,6.569673705379587,7.409385997988938,7.397353318250375,4.520380467571644,9.050124057315234,8.107497988939166,7.050645173453996,8.426149446958268,6.633040723981898,7.838543614881851,5.876871920563097,6.016003645047762,5.160966314731018,6.37003205128205,6.541919054801406,8.108371794871797,8.341778406234287,4.603902966314728,8.5951104826546,4.032443690296631,6.070790221216692
GSM363138,9.929038712921068,8.19380656108597,6.868315485168427,8.03480769230769,6.697604952237306,7.520496480643539,10.050151835093017,7.001842760180995,4.559732905982907,7.709414529914526,9.38176985922574,7.703015962795376,5.749791603821016,5.226512694821518,8.582332076420315,8.016151960784315,9.011039969834089,8.924395173453995,5.253385495223731,6.4710456259426845,5.311828808446455,8.24943061840121,7.037403594771242,6.283249245852186,6.075128959276015,4.1970522875817,7.383320010055301,10.452764705882352,4.791949723479136,5.595643790849673,8.782942810457513,9.98637745098039,5.632596279537452,9.264241452991453,7.270178858722976,8.728951231774762,5.597732151835089,8.003295625942684,5.445281045751631,5.082173705379589,8.707298516842634,6.352028280542985,8.840481523378582,8.25676571141277,4.800622046254397,4.127776143790848,4.860479763700353,10.385378707893414,5.547072272498742,7.194575289089996,7.692673705379587,6.950385997988938,8.155353318250375,3.932380467571644,8.209124057315233,7.913497988939166,7.417645173453996,8.021149446958267,6.2920407239818985,7.43254361488185,4.759871920563097,5.352003645047763,5.327966314731018,5.37803205128205,7.530919054801406,7.512371794871796,8.68677840623429,5.758902966314729,9.0071104826546,3.742443690296631,6.923790221216692
GSM363221,10.705038712921068,8.01480656108597,7.428315485168428,8.91880769230769,6.449604952237306,7.718496480643539,10.653151835093016,7.412842760180996,4.268732905982906,7.782414529914527,9.87876985922574,7.416015962795376,6.832791603821017,6.111512694821518,8.348332076420315,6.264151960784315,7.677039969834087,9.316395173453996,6.092385495223732,9.175045625942683,5.616828808446455,7.009430618401211,6.657403594771242,6.650249245852186,5.275128959276015,4.6710522875817,5.048320010055301,8.166764705882352,7.817949723479136,7.042643790849672,8.944942810457515,8.613377450980389,6.176596279537453,8.939241452991451,7.749178858722976,8.283951231774761,5.875732151835089,7.123295625942685,6.490281045751632,4.5581737053795885,9.670298516842632,7.690028280542985,8.432481523378584,6.5897657114127695,5.106622046254397,5.100776143790847,6.890479763700353,11.660378707893416,6.053072272498742,6.174575289089995,6.755673705379587,7.684385997988938,7.196353318250376,4.716380467571644,9.394124057315231,7.857497988939166,7.4926451734539965,8.513149446958268,6.330040723981898,7.412543614881851,6.161871920563097,4.260003645047762,4.843966314731018,6.3080320512820505,4.514919054801406,8.185371794871797,7.803778406234288,5.668902966314729,9.0471104826546,4.416443690296631,7.303790221216691
GSM363307,10.646038712921069,8.10780656108597,7.746315485168427,9.166807692307689,7.1296049522373055,7.477496480643539,10.053151835093017,7.408842760180995,5.756732905982906,7.9414145299145265,9.47276985922574,7.832015962795376,6.616791603821016,6.262512694821518,8.844332076420313,5.531151960784315,7.380039969834088,9.736395173453996,6.228385495223732,7.251045625942685,5.962828808446455,6.79443061840121,5.892403594771242,6.431249245852186,6.624128959276015,4.7860522875817,6.4913200100553015,8.09276470588235,6.229949723479136,4.741643790849673,8.709942810457516,8.616377450980389,6.493596279537452,9.737241452991451,8.252178858722976,7.900951231774762,5.657732151835089,8.715295625942685,5.217281045751632,4.629173705379588,10.878298516842634,7.996028280542985,9.736481523378584,8.00776571141277,4.647622046254398,4.906776143790848,8.398479763700355,10.054378707893417,6.652072272498742,4.976575289089996,6.693673705379587,7.775385997988938,7.286353318250375,5.326380467571644,10.775124057315232,8.387497988939167,7.544645173453996,8.096149446958268,7.550040723981898,7.73554361488185,5.417871920563097,5.461003645047763,5.398966314731019,5.62003205128205,4.883919054801407,6.394371794871796,7.911778406234288,6.764902966314728,8.9001104826546,3.652443690296631,7.070790221216692
GSM363381,10.342038712921068,8.28780656108597,6.515315485168427,8.73980769230769,7.093604952237306,6.66349648064354,9.527151835093017,6.518842760180996,3.9127329059829066,7.874414529914526,9.569769859225742,7.223015962795376,6.014791603821016,5.089512694821518,9.028332076420314,8.725151960784315,9.179039969834088,8.613395173453995,5.133385495223731,6.317045625942685,5.466828808446455,8.091430618401212,6.998403594771243,6.659249245852186,6.054128959276015,5.5840522875817005,7.728320010055302,10.80076470588235,8.104949723479137,6.6506437908496725,7.744942810457514,8.50337745098039,6.009596279537452,9.217241452991452,8.592178858722976,8.555951231774763,5.441732151835089,8.912295625942685,6.157281045751632,3.858173705379589,7.163298516842633,7.0020282805429845,9.948481523378582,8.72276571141277,4.922622046254397,4.426776143790848,6.117479763700353,10.143378707893415,5.937072272498742,5.991575289089996,6.644673705379587,7.719385997988938,7.331353318250375,4.738380467571644,7.341124057315232,8.225497988939166,7.369645173453996,8.030149446958267,6.934040723981898,7.94554361488185,7.008871920563097,5.848003645047762,5.385966314731019,6.54303205128205,7.074919054801407,6.233371794871796,9.229778406234288,5.439902966314729,8.0661104826546,3.767443690296631,7.148790221216691
GSM363088,9.912038712921069,7.8758065610859695,8.537315485168428,9.49280769230769,7.397604952237305,7.896496480643539,10.463151835093017,8.577842760180996,7.582732905982906,6.828414529914526,7.996769859225742,8.140015962795376,7.1277916038210165,6.086512694821518,8.755332076420315,5.0971519607843145,7.447039969834087,7.868395173453996,6.891385495223731,7.000045625942684,3.5508288084464548,3.5374306184012108,3.893403594771242,7.1722492458521865,4.072128959276014,3.3280522875817,3.762320010055301,6.415764705882351,3.280949723479136,3.774643790849672,7.073942810457514,6.787377450980389,7.248596279537453,6.712241452991452,8.665178858722976,6.212951231774762,6.265732151835089,4.632295625942684,3.484281045751632,7.538173705379588,10.277298516842636,11.157028280542985,7.5364815233785825,3.5787657114127693,3.688622046254397,6.417776143790848,5.847479763700353,10.041378707893417,8.153072272498743,6.877575289089996,3.964673705379586,8.315385997988939,9.297353318250376,3.406380467571644,10.539124057315233,9.186497988939166,4.974645173453997,8.761149446958267,9.373040723981898,8.03954361488185,6.799871920563097,7.778003645047762,5.667966314731019,4.01203205128205,3.8299190548014064,4.562371794871796,3.670778406234288,3.5549029663147285,6.0731104826546,3.844443690296631,5.572790221216692
GSM363262,10.471038712921068,8.501806561085969,7.038315485168427,8.79380769230769,6.649604952237306,7.462496480643539,10.466151835093015,7.7548427601809955,3.6947329059829066,7.567414529914527,9.598769859225742,7.226015962795376,5.872791603821017,5.275512694821518,8.822332076420315,6.035151960784315,8.704039969834087,8.740395173453996,6.463385495223731,6.437045625942685,4.432828808446454,8.32543061840121,6.358403594771242,6.5312492458521865,5.475128959276015,4.6250522875817,7.288320010055301,8.690764705882351,4.664949723479136,4.4646437908496726,8.606942810457515,9.36437745098039,6.463596279537453,9.889241452991453,7.982178858722976,8.773951231774763,5.881732151835089,8.202295625942686,4.665281045751632,4.959173705379588,9.109298516842632,6.717028280542985,8.879481523378583,8.37376571141277,4.683622046254397,4.596776143790848,5.382479763700353,10.118378707893417,5.288072272498742,4.847575289089996,6.756673705379587,7.617385997988938,7.926353318250376,4.338380467571644,8.906124057315232,8.235497988939166,7.566645173453996,8.312149446958268,6.633040723981898,7.931543614881851,5.234871920563097,6.1630036450477625,6.002966314731019,5.76003205128205,6.859919054801407,8.245371794871796,9.097778406234289,5.312902966314728,8.788110482654599,4.25344369029663,7.527790221216692
GSM363006,10.416038712921068,8.47980656108597,7.216315485168427,8.72880769230769,6.432604952237305,7.266496480643539,10.640151835093016,8.136842760180995,3.9667329059829055,7.793414529914527,9.57876985922574,7.755015962795376,5.944791603821017,5.180512694821518,8.743332076420314,6.479151960784315,8.268039969834087,8.528395173453996,7.276385495223732,6.288045625942685,3.934828808446455,7.750430618401211,7.410403594771242,6.5312492458521865,7.282128959276014,4.526052287581701,8.223320010055302,8.28476470588235,6.516949723479136,4.4936437908496725,8.082942810457514,8.52737745098039,6.113596279537452,9.101241452991452,7.850178858722976,8.217951231774762,5.669732151835089,10.167295625942684,5.191281045751632,4.384173705379588,11.369298516842631,5.758028280542985,8.703481523378581,8.92676571141277,4.547622046254397,4.325776143790847,6.268479763700353,10.106378707893414,5.211072272498742,6.605575289089996,7.095673705379586,7.563385997988938,7.079353318250376,4.795380467571643,11.56212405731523,8.150497988939167,7.711645173453996,8.534149446958267,6.646040723981899,8.23254361488185,4.772871920563097,6.460003645047762,5.685966314731019,6.11303205128205,5.716919054801406,7.055371794871796,8.697778406234288,4.5299029663147286,9.2001104826546,4.490443690296631,7.168790221216692
GSM363119,10.58403871292107,8.47680656108597,7.431315485168427,8.95680769230769,6.619604952237306,7.496496480643539,9.648151835093016,7.846842760180996,4.094732905982906,8.125414529914526,9.24776985922574,7.527015962795375,5.607791603821017,6.002512694821518,8.693332076420313,6.614151960784315,7.692039969834087,9.015395173453996,6.821385495223732,8.022045625942685,5.432828808446454,7.432430618401211,4.990403594771243,6.312249245852186,5.666128959276015,4.103052287581701,6.768320010055302,8.944764705882351,5.869949723479136,4.518643790849673,7.423942810457515,9.623377450980389,6.299596279537452,10.092241452991452,7.483178858722976,8.600951231774761,5.567732151835089,8.224295625942684,5.584281045751632,5.969173705379588,9.880298516842632,7.678028280542985,8.922481523378583,7.59676571141277,4.780622046254398,5.012776143790847,6.859479763700353,10.949378707893414,5.757072272498742,6.373575289089996,7.133673705379587,7.551385997988938,7.379353318250375,4.696380467571644,9.920124057315231,8.223497988939165,7.116645173453996,8.074149446958268,6.390040723981898,7.641543614881851,5.2048719205630976,4.929003645047763,5.322966314731018,5.77303205128205,5.853919054801406,7.991371794871796,8.973778406234288,5.625902966314729,9.0481104826546,5.732443690296631,6.751790221216692
GSM363210,10.598038712921069,8.08280656108597,7.066315485168428,9.06280769230769,7.277604952237305,7.250496480643539,9.575151835093015,7.525842760180995,4.379732905982906,8.078414529914525,9.839769859225742,7.678015962795376,5.811791603821017,5.579512694821518,9.157332076420314,7.092151960784315,9.039039969834088,8.574395173453995,5.719385495223731,6.472045625942685,4.588828808446455,8.34343061840121,6.801403594771243,6.996249245852186,6.501128959276015,5.3420522875817005,7.034320010055302,10.01276470588235,6.883949723479136,6.841643790849672,7.871942810457514,6.80237745098039,5.934596279537453,9.627241452991452,8.149178858722976,8.423951231774762,5.377732151835089,8.463295625942685,5.483281045751632,3.995173705379588,9.275298516842632,6.892028280542985,10.013481523378584,8.271765711412769,4.6096220462543975,4.820776143790847,8.069479763700354,9.503378707893416,6.632072272498742,5.482575289089996,6.189673705379587,7.831385997988938,7.294353318250375,4.987380467571644,9.19312405731523,7.932497988939166,7.212645173453996,8.140149446958267,7.462040723981898,8.15854361488185,5.270871920563097,5.431003645047762,5.536966314731019,6.82003205128205,6.959919054801406,5.209371794871796,8.548778406234288,5.541902966314728,8.2721104826546,4.201443690296631,7.102790221216692
GSM363286,10.495038712921067,8.04680656108597,7.064315485168427,8.88980769230769,6.931604952237306,7.317496480643539,9.867151835093017,7.147842760180995,4.214732905982906,8.233414529914526,10.04576985922574,7.372015962795376,6.924791603821016,5.9665126948215175,8.731332076420314,5.830151960784315,8.488039969834087,8.054395173453996,5.913385495223731,6.715045625942684,4.264828808446455,8.03243061840121,6.948403594771242,6.370249245852186,6.724128959276015,4.3230522875817,7.371320010055301,9.12476470588235,6.778949723479136,7.498643790849672,6.719942810457514,9.55137745098039,6.329596279537452,9.176241452991452,8.046178858722977,8.587951231774763,5.505732151835089,9.492295625942685,6.568281045751632,4.067173705379588,7.750298516842633,6.554028280542985,9.23248152337858,8.05476571141277,4.890622046254397,4.525776143790847,7.913479763700353,9.476378707893415,6.067072272498742,4.846575289089996,6.491673705379587,7.577385997988938,7.964353318250375,4.386380467571644,7.948124057315232,8.211497988939167,7.355645173453996,7.981149446958268,6.7760407239818985,7.99454361488185,6.646871920563097,5.715003645047762,5.478966314731019,6.33803205128205,6.603919054801406,7.928371794871796,8.944778406234288,5.057902966314728,8.570110482654599,3.704443690296631,7.154790221216691
GSM363025,10.489038712921069,8.63280656108597,6.733315485168427,8.63380769230769,7.104604952237305,7.392496480643539,9.073151835093016,7.955842760180996,4.187732905982906,8.342414529914528,9.50676985922574,7.407015962795375,6.173791603821017,5.395512694821518,9.042332076420314,6.9401519607843145,8.368039969834088,8.859395173453995,5.531385495223732,6.805045625942684,3.853828808446455,8.239430618401212,6.630403594771242,6.374249245852186,6.261128959276014,4.7400522875817,9.072320010055302,9.06376470588235,7.020949723479136,6.488643790849673,7.435942810457514,9.943377450980387,5.703596279537453,9.903241452991452,7.762178858722976,8.886951231774763,5.749732151835089,7.536295625942684,6.963281045751632,4.5791737053795885,8.774298516842634,6.292028280542985,9.029481523378582,8.65276571141277,5.241622046254397,4.654776143790848,5.493479763700353,9.382378707893416,5.426072272498742,5.727575289089995,6.8486737053795865,7.604385997988938,7.997353318250376,4.551380467571644,8.871124057315232,8.213497988939165,6.841645173453997,8.530149446958267,6.137040723981898,8.24554361488185,5.928871920563097,6.118003645047763,6.172966314731019,6.91303205128205,7.790919054801407,7.531371794871796,8.139778406234289,5.083902966314729,8.5281104826546,3.53744369029663,7.312790221216692
GSM363000,10.982038712921067,8.41080656108597,7.050315485168428,8.90880769230769,7.300604952237306,8.254496480643539,10.107151835093015,7.978842760180996,4.0747329059829065,7.583414529914526,10.43376985922574,7.600015962795376,6.118791603821016,5.5305126948215175,9.009332076420314,4.912151960784315,7.323039969834087,7.048395173453995,5.437385495223731,8.870045625942684,3.803828808446455,6.675430618401211,5.125403594771242,6.629249245852186,6.635128959276015,4.9210522875817,6.264320010055301,8.770764705882351,8.563949723479137,7.668643790849672,8.078942810457516,8.921377450980389,6.623596279537453,9.591241452991452,7.564178858722976,8.940951231774761,5.767732151835089,8.256295625942684,7.656281045751632,4.113173705379588,9.671298516842633,6.301028280542985,8.789481523378583,7.365765711412769,4.394622046254398,4.408776143790847,6.367479763700353,10.248378707893416,5.513072272498742,5.279575289089996,6.906673705379587,8.004385997988939,8.193353318250375,4.497380467571643,9.750124057315231,7.872497988939166,6.800645173453996,8.325149446958267,5.701040723981898,8.13954361488185,8.555871920563098,5.496003645047762,5.853966314731019,6.47703205128205,3.920919054801406,8.062371794871796,7.299778406234288,4.152902966314729,8.261110482654601,3.852443690296631,7.450790221216692
GSM363300,10.595038712921069,8.40980656108597,6.868315485168427,9.03680769230769,6.634604952237305,7.290496480643539,9.616151835093016,7.7148427601809955,4.624732905982906,8.098414529914525,9.41876985922574,7.933015962795376,5.796791603821016,5.839512694821518,8.728332076420314,7.331151960784314,8.512039969834088,8.271395173453996,4.498385495223731,6.834045625942684,4.361828808446455,7.784430618401211,6.446403594771242,6.699249245852186,6.839128959276015,4.6220522875817,7.799320010055301,8.695764705882352,5.300949723479135,6.2996437908496725,7.671942810457514,9.520377450980387,6.157596279537453,9.979241452991452,8.275178858722976,8.721951231774764,5.864732151835089,7.856295625942685,6.597281045751632,5.452173705379589,8.614298516842634,6.620028280542985,9.057481523378584,8.57376571141277,4.975622046254397,4.429776143790847,7.673479763700353,10.078378707893416,5.585072272498742,4.821575289089996,7.457673705379586,7.481385997988938,7.567353318250376,5.518380467571643,8.592124057315232,8.390497988939165,7.584645173453996,8.255149446958267,6.572040723981898,8.05154361488185,5.920871920563097,5.804003645047763,5.215966314731018,6.04003205128205,7.789919054801406,7.7933717948717955,8.527778406234287,5.368902966314728,8.8061104826546,4.218443690296631,6.232790221216692
GSM712538,10.464038712921068,8.07580656108597,7.281315485168427,8.39180769230769,7.413604952237305,7.230496480643539,10.511151835093017,7.186842760180996,4.814732905982907,8.635414529914527,9.56476985922574,7.731015962795376,6.038791603821016,5.427512694821518,8.955332076420314,6.524151960784315,7.812039969834087,8.262395173453996,5.825385495223731,6.180045625942684,4.127828808446455,6.860430618401211,4.9794035947712425,6.721249245852186,6.930128959276015,5.8880522875817,7.088320010055301,9.31076470588235,6.145949723479136,7.594643790849672,9.000942810457513,10.42837745098039,6.606596279537452,9.100241452991453,8.183178858722977,8.57695123177476,5.302732151835089,10.169295625942684,7.552281045751632,3.803173705379588,10.555298516842631,6.860028280542985,9.51748152337858,8.31076571141277,4.5296220462543975,4.832776143790848,8.651479763700355,10.841378707893416,6.552072272498742,5.996575289089996,6.267673705379587,7.400385997988938,7.933353318250376,5.145380467571644,10.132124057315233,8.363497988939166,7.5856451734539965,8.074149446958268,7.629040723981898,8.006543614881851,7.732871920563097,5.705003645047762,5.393966314731019,6.7150320512820505,7.619919054801406,6.736371794871796,8.530778406234287,5.148902966314728,8.482110482654598,5.092443690296631,7.159790221216691
GSM363303,10.122038712921068,8.23780656108597,6.993315485168427,8.52380769230769,6.354604952237305,7.430496480643539,10.421151835093015,6.749842760180996,4.527732905982907,7.478414529914526,9.23876985922574,7.789015962795376,6.039791603821016,5.983512694821518,8.388332076420314,6.835151960784315,8.567039969834088,8.392395173453995,5.712385495223732,6.459045625942684,4.696828808446455,7.79443061840121,6.593403594771242,6.177249245852186,6.565128959276015,3.762052287581701,8.126320010055302,8.09876470588235,5.415949723479136,5.981643790849672,7.025942810457514,8.142377450980389,6.284596279537452,9.086241452991452,7.958178858722976,8.237951231774762,5.971732151835089,6.0342956259426845,5.364281045751632,4.7121737053795885,8.591298516842631,6.5870282805429845,7.736481523378583,7.92876571141277,4.744622046254397,4.844776143790847,6.530479763700353,9.951378707893417,6.068072272498742,4.975575289089996,7.392673705379587,7.422385997988938,7.510353318250376,4.664380467571644,8.420124057315231,8.091497988939166,7.1096451734539965,8.124149446958267,6.130040723981899,7.70954361488185,4.958871920563097,5.202003645047762,5.770966314731019,5.34403205128205,4.647919054801406,8.019371794871796,8.315778406234287,5.839902966314728,8.410110482654598,4.949443690296631,7.300790221216691
GSM363257,10.200038712921067,8.49580656108597,6.662315485168428,8.95580769230769,6.666604952237305,7.258496480643539,9.618151835093016,7.585842760180996,3.7247329059829055,8.392414529914525,9.52976985922574,7.642015962795376,5.6967916038210165,5.980512694821518,8.871332076420314,5.818151960784315,8.541039969834088,9.099395173453996,6.047385495223732,7.815045625942685,6.499828808446455,6.812430618401211,4.992403594771242,6.403249245852186,6.624128959276015,5.449052287581701,6.575320010055301,7.822764705882351,6.318949723479136,5.388643790849672,8.109942810457515,9.61437745098039,6.268596279537452,9.464241452991452,8.569178858722976,8.293951231774763,5.861732151835089,8.002295625942685,5.192281045751632,5.368173705379588,8.078298516842633,7.922028280542984,9.468481523378582,7.91276571141277,4.581622046254397,4.853776143790848,6.763479763700353,11.249378707893417,6.589072272498743,5.029575289089996,7.295673705379587,8.123385997988938,7.567353318250376,4.852380467571644,8.173124057315231,8.573497988939167,7.757645173453996,8.147149446958268,7.493040723981898,8.14654361488185,5.550871920563097,5.951003645047762,5.945966314731018,5.88203205128205,5.320919054801406,7.768371794871796,7.901778406234288,6.307902966314728,8.102110482654599,4.02744369029663,7.074790221216691
GSM363261,10.297038712921069,8.01480656108597,6.442315485168427,7.32680769230769,5.785604952237305,7.127496480643539,9.385151835093016,6.869842760180996,4.595732905982906,7.823414529914526,9.17476985922574,7.170015962795376,6.2447916038210165,4.801512694821518,8.475332076420313,6.337151960784315,8.510039969834088,8.367395173453996,5.179385495223731,6.273045625942684,3.967828808446455,8.056430618401212,7.482403594771243,6.432249245852186,5.544128959276015,5.0410522875817,7.932320010055301,8.552764705882351,6.714949723479136,6.787643790849672,6.9339428104575145,9.18937745098039,6.115596279537453,8.569241452991452,8.216178858722976,8.541951231774764,5.679732151835089,9.137295625942684,6.768281045751632,3.987173705379588,6.667298516842632,6.296028280542985,9.06948152337858,8.24176571141277,4.496622046254397,4.304776143790847,6.323479763700353,9.210378707893415,6.105072272498743,5.752575289089996,8.068673705379586,6.984385997988938,7.455353318250376,4.057380467571644,5.8681240573152325,7.924497988939166,8.033645173453996,8.235149446958268,6.882040723981898,7.668543614881851,5.506871920563097,5.2720036450477625,5.380966314731018,6.68803205128205,8.692919054801408,7.254371794871796,8.831778406234289,5.182902966314728,8.9021104826546,4.247443690296631,6.550790221216691
GSM363258,9.993038712921068,8.43980656108597,6.761315485168427,8.23180769230769,6.291604952237305,7.425496480643539,10.279151835093016,6.911842760180996,4.2767329059829065,7.919414529914526,9.78076985922574,7.468015962795376,6.822791603821017,6.244512694821518,8.298332076420314,6.561151960784315,8.239039969834087,8.327395173453995,5.880385495223732,6.5960456259426845,4.357828808446455,8.390430618401211,7.244403594771242,6.300249245852186,6.886128959276014,4.0000522875817,6.598320010055302,10.271764705882353,5.737949723479136,4.979643790849672,8.310942810457515,9.83537745098039,6.022596279537453,9.164241452991453,7.165178858722976,8.746951231774762,5.893732151835089,8.226295625942685,6.424281045751632,4.1351737053795885,8.270298516842633,4.855028280542985,7.6694815233785825,8.159765711412769,4.9926220462543975,4.578776143790847,5.467479763700353,10.352378707893417,5.269072272498742,6.539575289089996,7.622673705379586,7.453385997988938,7.655353318250375,4.974380467571644,7.802124057315232,8.133497988939165,6.447645173453997,8.164149446958268,5.541040723981898,7.933543614881851,4.993871920563097,5.519003645047762,5.482966314731018,5.64003205128205,6.524919054801407,7.964371794871796,8.662778406234288,5.454902966314728,8.9171104826546,3.866443690296631,7.277790221216692
GSM363111,9.168038712921067,8.02780656108597,6.910315485168427,8.26480769230769,6.0046049522373055,8.13649648064354,9.577151835093016,7.5528427601809955,5.277732905982907,7.8244145299145265,9.313769859225742,6.460015962795376,6.429791603821016,4.979512694821518,6.342332076420314,7.742151960784315,7.350039969834087,7.4503951734539955,5.913385495223731,8.654045625942686,3.4478288084464546,4.956430618401211,7.081403594771242,6.641249245852186,4.369128959276015,4.5780522875817,6.960320010055301,9.960764705882353,6.105949723479136,6.514643790849672,7.784942810457514,8.55037745098039,6.419596279537452,8.092241452991452,7.445178858722977,8.807951231774762,5.192732151835089,7.9942956259426845,4.288281045751632,6.638173705379589,8.571298516842631,5.0630282805429845,8.652481523378583,6.14876571141277,4.735622046254398,4.601776143790848,3.607479763700353,11.722378707893416,5.523072272498742,5.205575289089996,7.552673705379587,4.963385997988938,7.814353318250376,4.521380467571643,7.517124057315232,6.274497988939166,7.097645173453996,8.754149446958268,4.439040723981898,7.729543614881851,4.2738719205630975,6.065003645047762,3.8309663147310182,5.59903205128205,6.046919054801406,7.529371794871796,6.494778406234288,5.9579029663147285,7.465110482654599,3.776443690296631,7.042790221216691
GSM363181,10.220038712921069,8.24480656108597,6.774315485168427,8.66180769230769,6.094604952237305,6.99849648064354,9.830151835093016,7.047842760180996,4.700732905982907,7.9734145299145265,9.48576985922574,6.881015962795376,6.6037916038210165,5.828512694821518,8.342332076420314,6.884151960784315,8.255039969834087,7.923395173453995,5.268385495223732,6.656045625942684,4.157828808446455,7.449430618401211,7.338403594771242,6.857249245852186,7.078128959276015,5.486052287581701,7.718320010055301,9.033764705882351,8.159949723479137,6.922643790849673,8.412942810457515,9.22137745098039,6.036596279537452,9.649241452991452,7.675178858722976,8.382951231774761,6.126732151835089,8.747295625942686,6.492281045751632,3.933173705379589,9.455298516842632,6.967028280542985,7.713481523378582,8.28576571141277,3.844622046254397,4.570776143790847,6.770479763700353,8.111378707893415,6.022072272498742,5.291575289089995,6.983673705379587,6.957385997988938,7.880353318250376,5.236380467571644,8.903124057315232,7.919497988939166,7.142645173453996,8.499149446958267,6.892040723981898,7.77254361488185,5.042871920563097,5.196003645047762,5.310966314731019,6.55903205128205,7.6599190548014064,6.753371794871796,9.35277840623429,5.571902966314728,9.2721104826546,4.256443690296631,7.131790221216692
GSM363027,10.39503871292107,8.18880656108597,7.297315485168427,9.40180769230769,7.509604952237305,7.241496480643539,10.504151835093015,7.737842760180995,4.869732905982906,8.236414529914526,9.46276985922574,7.535015962795375,7.030791603821016,5.7405126948215175,8.893332076420315,6.1051519607843145,7.593039969834088,7.989395173453995,5.196385495223732,8.387045625942683,4.122828808446455,6.678430618401211,6.467403594771242,6.003249245852186,6.845128959276015,4.619052287581701,6.543320010055301,8.681764705882351,8.018949723479135,7.934643790849672,8.255942810457515,9.99037745098039,5.979596279537453,9.949241452991451,8.042178858722977,8.304951231774762,5.421732151835089,8.686295625942686,7.642281045751631,5.215173705379589,13.023298516842631,6.855028280542985,9.455481523378584,7.37776571141277,4.591622046254398,4.617776143790848,7.974479763700353,9.433378707893414,5.958072272498742,5.150575289089995,6.515673705379587,7.957385997988938,7.719353318250375,5.638380467571643,12.918124057315232,8.149497988939165,6.143645173453996,8.196149446958268,6.851040723981899,7.984543614881851,8.021871920563097,6.036003645047762,6.175966314731019,6.87003205128205,4.556919054801407,7.931371794871796,7.326778406234288,4.819902966314729,8.334110482654598,3.9954436902966304,7.379790221216692
GSM363287,10.320038712921068,8.12180656108597,7.351315485168427,9.009807692307689,7.010604952237306,7.081496480643539,10.214151835093016,7.042842760180996,3.919732905982906,8.284414529914525,9.40576985922574,7.288015962795376,7.021791603821017,5.924512694821518,8.735332076420313,6.8071519607843145,8.023039969834088,8.693395173453995,6.145385495223732,8.087045625942686,4.145828808446455,7.263430618401211,5.839403594771242,6.379249245852186,6.495128959276014,5.361052287581701,7.511320010055301,8.459764705882352,7.707949723479135,7.927643790849673,8.647942810457515,9.815377450980389,6.136596279537453,9.00124145299145,7.937178858722977,8.311951231774763,5.599732151835089,9.415295625942685,7.077281045751632,4.375173705379589,8.858298516842634,7.555028280542984,9.702481523378584,7.54376571141277,4.4846220462543975,4.722776143790847,7.554479763700353,10.631378707893417,5.622072272498742,4.940575289089995,6.7156737053795865,7.823385997988938,7.301353318250376,5.921380467571644,8.614124057315234,8.289497988939166,6.996645173453996,8.061149446958268,7.448040723981898,7.958543614881851,6.707871920563097,5.370003645047762,5.595966314731019,5.88103205128205,6.155919054801406,7.199371794871796,7.834778406234288,5.811902966314729,8.3441104826546,4.209443690296631,6.641790221216692
GSM363246,10.849038712921068,8.08580656108597,7.707315485168428,9.15780769230769,7.093604952237306,7.972496480643539,10.090151835093016,8.059842760180995,4.879732905982906,8.594414529914527,9.557769859225742,8.015015962795376,6.305791603821016,6.157512694821518,8.919332076420314,5.309151960784315,7.711039969834087,9.320395173453996,6.658385495223731,8.896045625942683,6.554828808446454,7.385430618401211,5.585403594771242,6.646249245852186,6.750128959276014,4.6200522875817,5.918320010055301,8.83976470588235,6.502949723479136,5.522643790849672,8.577942810457515,10.119377450980387,6.392596279537452,9.972241452991453,7.953178858722977,8.401951231774763,5.957732151835089,7.222295625942685,5.376281045751632,6.216173705379588,8.565298516842631,8.387028280542985,9.115481523378584,7.884765711412769,4.473622046254397,4.715776143790848,6.358479763700353,11.185378707893417,6.647072272498742,6.861575289089996,6.184673705379587,7.920385997988938,8.060353318250376,5.150380467571644,8.429124057315232,8.267497988939166,7.550645173453996,8.453149446958268,6.713040723981898,7.82854361488185,5.530871920563097,5.418003645047762,5.0339663147310185,6.30703205128205,6.170919054801407,8.737371794871796,8.284778406234288,5.876902966314728,8.8151104826546,3.945443690296631,7.309790221216692
GSM362951,10.74234188034189,8.161288461538462,7.218636752136751,9.385269230769223,6.145715811965815,7.193559829059841,9.618418803418804,8.081673076923087,5.1585405982906005,7.610952991452987,9.564912393162391,7.856728632478638,5.995542735042729,5.882284188034191,9.117354700854705,6.581416666666673,9.448320512820516,8.444282051282046,5.780446581196576,7.727224358974353,4.160910256410253,6.476679487179495,4.227138888888891,7.199762820512822,6.071807692307695,4.757111111111114,6.178559829059828,9.281999999999996,5.3178547008547,5.194055555555549,8.751972222222218,9.391583333333337,6.054863247863246,9.357895299145293,7.8849594017093985,8.784829059829054,6.130553418803418,8.17897435897436,5.882222222222223,5.226047008547011,8.70292521367522,6.477519230769231,8.959814102564096,8.461982905982907,4.192425213675212,5.032805555555559,4.614844017094018,8.62956196581196,6.83377136752137,4.906220085470087,5.962547008547007,7.400438034188032,7.022993589743587,4.173532051282053,8.533891025641022,8.547534188034183,6.235032051282049,8.374459401709405,6.479307692307691,8.36775854700855,4.783177350427355,5.882938034188034,6.715572649572646,5.372455128205125,6.359376068376066,8.010679487179486,7.099767094017095,4.87164957264957,9.012121794871804,5.100457264957267,7.536566239316237
GSM363096,10.739038712921069,8.35680656108597,7.500315485168427,9.13680769230769,6.673604952237306,7.686496480643539,9.650151835093016,7.670842760180996,4.868732905982906,7.547414529914526,9.37276985922574,6.816015962795376,6.424791603821016,5.760512694821518,8.889332076420313,5.9161519607843145,7.382039969834087,9.546395173453996,6.827385495223731,9.133045625942684,5.240828808446455,7.726430618401211,4.960403594771242,6.823249245852186,5.791128959276015,5.723052287581701,5.772320010055301,8.795764705882352,6.580949723479136,5.496643790849673,8.847942810457514,8.780377450980389,6.524596279537453,9.859241452991451,7.757178858722976,7.895951231774762,5.722732151835089,7.606295625942685,6.126281045751632,5.241173705379588,9.629298516842631,7.623028280542985,9.513481523378584,7.47676571141277,4.707622046254397,5.006776143790847,7.391479763700353,10.955378707893416,6.153072272498743,5.353575289089996,6.311673705379587,7.815385997988938,7.445353318250375,5.887380467571644,9.763124057315231,8.590497988939166,7.072645173453997,7.952149446958268,6.689040723981898,8.01154361488185,5.360871920563097,5.744003645047762,5.395966314731019,5.94303205128205,4.679919054801406,7.440371794871796,7.535778406234288,6.233902966314728,8.4731104826546,4.095443690296631,7.005790221216691
GSM363199,10.553038712921069,8.15980656108597,7.398315485168427,8.94180769230769,6.857604952237305,7.1074964806435394,10.617151835093017,7.257842760180996,3.7767329059829065,8.004414529914527,9.61276985922574,7.892015962795376,5.827791603821017,5.3495126948215175,8.634332076420314,6.6131519607843146,8.312039969834087,8.285395173453995,6.624385495223732,6.595045625942684,4.229828808446455,8.07243061840121,6.483403594771242,6.780249245852186,5.408128959276015,4.0690522875817,7.927320010055301,9.586764705882352,5.033949723479136,5.9856437908496725,8.449942810457514,9.687377450980389,5.618596279537452,10.149241452991452,7.609178858722976,8.629951231774761,5.097732151835089,8.015295625942684,5.243281045751632,6.045173705379589,9.660298516842634,6.1430282805429846,8.766481523378584,8.582765711412769,4.8196220462543975,4.780776143790847,5.855479763700353,11.460378707893415,5.410072272498742,6.461575289089995,7.086673705379587,7.513385997988938,7.500353318250376,4.367380467571643,9.474124057315231,8.181497988939165,7.228645173453996,8.056149446958267,6.665040723981898,7.708543614881851,5.319871920563097,5.217003645047762,5.345966314731019,5.94803205128205,7.430919054801406,7.946371794871796,8.648778406234289,4.492902966314729,9.6611104826546,4.861443690296631,7.394790221216692
GSM363005,10.393038712921069,8.41880656108597,6.866315485168427,8.06280769230769,6.837604952237306,6.784496480643539,10.195151835093016,7.554842760180995,5.069732905982907,8.156414529914528,9.868769859225742,7.927015962795376,5.960791603821017,5.589512694821518,8.744332076420314,7.595151960784315,8.364039969834087,8.708395173453995,6.095385495223732,6.174045625942685,4.120828808446455,8.239430618401212,6.743403594771242,6.527249245852186,6.707128959276015,4.3570522875817,9.062320010055302,9.331764705882351,7.488949723479136,6.713643790849672,7.872942810457514,10.01337745098039,6.030596279537453,9.153241452991452,8.115178858722976,8.507951231774761,5.733732151835089,9.055295625942684,6.441281045751632,4.438173705379588,9.445298516842634,5.456028280542985,8.974481523378582,8.41776571141277,4.695622046254398,3.641776143790848,6.850479763700353,10.244378707893414,5.789072272498742,7.060575289089996,7.352673705379587,7.687385997988938,8.033353318250375,4.598380467571643,9.612124057315231,8.226497988939165,7.581645173453996,8.300149446958267,6.572040723981898,8.25854361488185,6.605871920563097,5.818003645047762,5.862966314731018,6.83703205128205,7.970919054801406,8.100371794871796,8.620778406234287,5.311902966314729,8.465110482654598,3.753443690296631,7.390790221216691
GSM363197,10.646038712921069,8.45880656108597,7.397315485168427,8.512807692307689,6.928604952237306,7.4904964806435395,9.748151835093015,8.237842760180996,5.517732905982906,8.217414529914528,9.75376985922574,6.983015962795376,6.224791603821017,5.588512694821518,8.900332076420314,5.551151960784315,8.441039969834087,8.923395173453995,6.105385495223731,7.117045625942684,5.474828808446455,8.391430618401209,5.7214035947712425,6.684249245852186,5.597128959276015,5.5050522875817,7.580320010055301,9.587764705882352,5.592949723479136,4.514643790849672,7.712942810457514,9.67637745098039,6.555596279537452,9.513241452991451,8.002178858722976,8.824951231774762,6.113732151835089,7.621295625942685,4.870281045751632,4.402173705379588,8.104298516842633,7.511028280542985,8.698481523378582,8.04776571141277,4.685622046254397,4.610776143790847,6.697479763700353,9.880378707893415,6.359072272498742,5.387575289089996,6.486673705379586,7.564385997988938,7.836353318250375,4.709380467571644,8.12312405731523,8.158497988939166,6.995645173453997,8.341149446958267,7.019040723981898,7.73354361488185,5.166871920563097,4.749003645047762,5.224966314731018,5.65903205128205,5.452919054801407,8.344371794871796,8.339778406234288,6.416902966314728,8.8941104826546,4.149443690296631,6.801790221216692
GSM363201,10.277038712921067,8.49580656108597,6.830315485168427,7.923807692307689,6.101604952237306,7.340496480643539,10.032151835093016,7.023842760180996,4.396732905982907,7.729414529914527,9.36276985922574,7.325015962795375,5.884791603821016,5.095512694821518,8.365332076420314,7.891151960784315,9.161039969834087,8.040395173453994,6.049385495223731,7.170045625942684,3.930828808446455,8.065430618401212,7.723403594771242,7.1112492458521865,6.963128959276014,3.956052287581701,7.0793200100553015,9.42576470588235,5.297949723479136,5.796643790849672,8.981942810457515,9.363377450980389,5.688596279537452,8.774241452991452,7.666178858722976,8.740951231774762,5.612732151835089,8.452295625942686,6.113281045751632,4.875173705379589,7.748298516842633,4.495028280542985,7.392481523378582,8.38876571141277,4.828622046254398,3.836776143790848,4.782479763700353,10.370378707893416,5.116072272498742,5.756575289089996,7.255673705379587,6.925385997988938,8.349353318250376,4.700380467571644,8.12912405731523,8.278497988939167,6.7106451734539965,8.809149446958267,5.762040723981898,7.989543614881851,4.835871920563097,5.730003645047762,6.043966314731018,6.40803205128205,8.181919054801405,8.249371794871797,9.269778406234288,5.361902966314728,9.305110482654598,4.205443690296631,7.110790221216692
GSM363120,9.99403871292107,8.66880656108597,6.523315485168427,7.52080769230769,5.300604952237306,7.103496480643539,8.385151835093016,7.466842760180995,3.7477329059829065,6.987414529914527,8.87676985922574,7.319015962795376,6.366791603821016,4.205512694821518,8.280332076420313,5.401151960784315,8.275039969834088,8.347395173453995,4.839385495223731,5.892045625942685,5.145828808446455,6.718430618401211,4.9714035947712425,6.722249245852186,5.431128959276014,4.8830522875817,7.850320010055301,7.505764705882352,4.366949723479136,4.5016437908496725,5.740942810457515,8.64937745098039,5.612596279537453,8.984241452991451,7.376178858722977,7.817951231774762,5.225732151835089,7.362295625942685,5.014281045751632,5.972173705379588,11.279298516842632,6.432028280542985,8.676481523378584,7.5287657114127695,4.081622046254397,3.868776143790848,5.303479763700353,8.095378707893415,4.401072272498742,5.941575289089996,6.786673705379587,6.624385997988938,5.569353318250376,4.140380467571644,11.351124057315232,7.295497988939166,7.0406451734539965,8.299149446958268,5.996040723981898,7.93754361488185,4.277871920563097,4.767003645047762,4.6429663147310185,4.44803205128205,5.419919054801406,8.127371794871795,7.824778406234288,5.656902966314728,8.4351104826546,4.001443690296631,6.732790221216692
GSM363045,7.2570387129210685,5.68180656108597,5.924315485168427,6.156807692307689,6.503604952237305,5.879496480643539,6.576151835093016,4.587842760180996,5.033732905982906,6.471414529914527,5.454769859225741,6.532015962795375,5.741791603821016,4.817512694821518,6.527332076420314,6.040151960784315,3.5650399698340878,4.884395173453996,4.981385495223732,4.587045625942684,4.070828808446454,5.001430618401211,5.655403594771242,7.041249245852186,4.267128959276015,4.4220522875817005,5.222320010055301,8.266764705882352,5.908949723479136,5.849643790849672,5.393942810457514,5.845377450980389,5.353596279537452,5.208241452991452,6.234178858722976,5.594951231774762,3.9927321518350887,5.286295625942684,4.996281045751632,4.557173705379588,4.966298516842633,3.709028280542984,5.809481523378582,4.977765711412769,3.881622046254397,3.667776143790848,4.027479763700353,4.912378707893415,6.189072272498742,5.235575289089995,7.413673705379587,4.411385997988938,5.025353318250375,6.275380467571644,6.527124057315232,4.786497988939166,3.4136451734539963,4.395149446958268,5.7520407239818985,7.0425436148818505,5.603871920563098,5.712003645047762,5.090966314731018,4.81803205128205,3.6149190548014074,5.968371794871796,4.928778406234288,4.129902966314728,4.335110482654599,4.983443690296631,4.740790221216692
GSM363165,10.314038712921068,8.41880656108597,6.296315485168427,9.156807692307687,6.228604952237306,6.713496480643539,9.491151835093016,7.3398427601809955,4.157732905982907,8.446414529914527,9.40576985922574,7.961015962795376,5.273791603821016,5.212512694821518,8.684332076420313,6.869151960784315,8.662039969834087,8.276395173453995,4.629385495223731,5.589045625942685,4.183828808446455,7.367430618401211,3.422403594771242,6.816249245852186,6.246128959276015,5.1520522875817,7.795320010055301,9.615764705882352,6.111949723479136,6.765643790849673,7.373942810457515,9.06037745098039,5.855596279537452,9.397241452991452,9.020178858722977,8.369951231774763,5.629732151835089,9.142295625942683,6.557281045751632,3.651173705379589,8.382298516842631,6.614028280542985,9.756481523378582,8.598765711412769,4.743622046254398,4.097776143790847,5.640479763700353,8.546378707893416,5.580072272498742,5.834575289089996,6.677673705379587,7.034385997988938,6.362353318250376,4.472380467571644,8.116124057315233,8.812497988939166,7.463645173453997,8.613149446958268,7.641040723981898,8.43354361488185,6.878871920563097,6.063003645047762,5.502966314731019,6.883032051282051,7.469919054801406,6.530371794871796,8.351778406234288,6.019902966314729,6.699110482654599,4.216443690296631,7.142790221216692
GSM363306,10.319038712921069,8.142806561085969,6.738315485168427,7.641807692307689,6.273604952237306,7.817496480643539,9.836151835093016,6.660842760180995,4.8647329059829065,7.528414529914526,9.515769859225742,7.481015962795376,6.084791603821016,5.117512694821518,8.019332076420314,6.536151960784315,8.117039969834087,8.781395173453996,5.758385495223731,6.311045625942684,3.885828808446455,7.577430618401211,7.385403594771242,6.401249245852186,6.548128959276014,4.1790522875817,7.886320010055301,9.134764705882352,5.664949723479136,5.489643790849672,7.777942810457515,8.706377450980389,6.136596279537453,8.805241452991451,7.334178858722976,8.463951231774761,5.398732151835089,8.090295625942685,5.339281045751632,4.504173705379588,8.843298516842633,6.159028280542985,7.995481523378582,7.48476571141277,4.823622046254397,4.302776143790847,6.062479763700353,10.335378707893415,5.478072272498742,5.731575289089996,7.0986737053795865,6.769385997988938,7.143353318250376,5.426380467571644,8.520124057315233,8.146497988939165,6.453645173453996,8.288149446958268,6.319040723981899,7.39854361488185,5.609871920563097,5.096003645047762,5.132966314731019,5.79303205128205,7.7719190548014065,7.910371794871796,8.273778406234289,4.804902966314728,8.8621104826546,5.017443690296631,6.630790221216691
GSM363157,10.412038712921069,8.62780656108597,7.131315485168427,8.81280769230769,6.441604952237306,7.4454964806435395,10.028151835093016,7.712842760180996,4.795732905982907,7.7554145299145265,9.371769859225742,7.538015962795376,5.817791603821017,6.2325126948215175,8.553332076420315,6.635151960784315,8.815039969834087,8.726395173453996,6.633385495223731,6.477045625942685,4.925828808446455,7.282430618401211,6.6284035947712425,6.125249245852186,6.010128959276015,5.002052287581701,6.518320010055302,9.247764705882352,4.651949723479136,3.927643790849672,8.171942810457516,9.552377450980387,5.806596279537453,9.793241452991452,7.429178858722977,8.36195123177476,5.809732151835089,7.209295625942684,4.084281045751632,5.083173705379588,6.876298516842633,6.902028280542985,8.990481523378584,7.998765711412769,4.5776220462543975,4.604776143790848,6.425479763700353,9.799378707893416,5.399072272498742,5.079575289089996,7.195673705379587,7.591385997988938,8.179353318250376,4.366380467571644,4.673124057315232,8.067497988939166,7.572645173453997,8.175149446958267,7.0260407239818985,7.723543614881851,4.647871920563097,5.662003645047762,5.3369663147310185,5.70403205128205,5.741919054801406,7.963371794871796,7.831778406234288,5.734902966314729,8.9661104826546,3.808443690296631,7.019790221216692
GSM363259,10.272038712921068,8.30680656108597,6.733315485168427,8.230807692307689,6.522604952237305,7.160496480643539,10.134151835093016,7.806842760180996,3.9007329059829066,8.341414529914527,10.02976985922574,7.669015962795376,5.427791603821016,5.080512694821518,8.636332076420313,6.678151960784315,8.952039969834088,8.397395173453996,6.992385495223731,6.869045625942684,4.010828808446455,8.675430618401212,5.645403594771242,6.572249245852186,5.808128959276015,4.2100522875817,7.803320010055301,9.237764705882352,5.718949723479136,4.935643790849673,8.703942810457516,9.29237745098039,6.286596279537452,8.606241452991451,7.687178858722977,8.757951231774761,5.957732151835089,8.585295625942685,5.124281045751632,4.826173705379588,8.453298516842633,5.633028280542985,8.564481523378582,7.75376571141277,4.672622046254397,4.368776143790847,7.224479763700353,11.091378707893416,5.013072272498742,6.663575289089996,6.903673705379587,7.436385997988938,7.068353318250376,4.832380467571643,8.37312405731523,8.336497988939167,7.263645173453996,8.296149446958268,6.266040723981898,7.992543614881851,4.951871920563097,6.074003645047762,5.486966314731019,5.66803205128205,7.818919054801406,8.081371794871796,8.918778406234289,6.051902966314729,8.192110482654599,4.730443690296631,7.164790221216691
GSM363319,10.133038712921069,8.05280656108597,7.032315485168427,8.34380769230769,6.532604952237306,7.403496480643539,10.100151835093016,6.716842760180995,5.899732905982907,8.258414529914525,9.239769859225742,7.455015962795375,5.467791603821016,5.682512694821518,8.397332076420314,7.866151960784315,8.373039969834087,8.525395173453996,5.793385495223731,7.059045625942685,6.295828808446455,7.339430618401211,6.600403594771242,6.420249245852186,5.568128959276015,3.6700522875817,6.651320010055302,9.819764705882353,5.334949723479136,4.975643790849673,7.918942810457515,8.96037745098039,5.575596279537453,9.437241452991453,6.907178858722976,8.623951231774761,5.277732151835089,7.931295625942685,6.733281045751632,4.6191737053795885,8.277298516842635,7.269028280542985,7.800481523378583,7.767765711412769,4.879622046254397,5.028776143790847,6.865479763700353,10.190378707893416,5.731072272498742,4.705575289089996,7.412673705379587,6.967385997988938,8.089353318250376,5.578380467571644,7.920124057315232,8.407497988939166,5.217645173453996,8.020149446958268,6.640040723981898,7.939543614881851,4.5558719205630975,5.928003645047762,4.915966314731018,5.01203205128205,6.531919054801406,7.382371794871796,7.798778406234288,6.493902966314728,8.782110482654598,3.751443690296631,6.712790221216691
GSM363281,10.189038712921068,8.15480656108597,7.460315485168427,8.03680769230769,6.944604952237306,7.464496480643539,9.705151835093016,7.301842760180995,4.238732905982906,8.769414529914528,9.84676985922574,7.396015962795376,6.2447916038210165,5.167512694821518,8.491332076420314,7.398151960784315,8.127039969834087,8.263395173453995,5.580385495223731,7.530045625942685,4.856828808446455,7.222430618401211,6.2984035947712425,6.4942492458521865,6.405128959276015,4.6230522875817,6.825320010055301,9.779764705882352,5.266949723479136,5.040643790849672,7.882942810457514,9.82637745098039,6.322596279537453,8.245241452991452,8.098178858722976,8.581951231774763,5.365732151835089,6.9252956259426846,4.764281045751632,4.871173705379588,9.557298516842632,6.076028280542985,8.889481523378581,8.255765711412769,5.372622046254397,4.602776143790847,6.199479763700353,10.185378707893417,5.677072272498742,4.793575289089996,7.039673705379587,7.332385997988938,7.797353318250376,4.885380467571643,9.201124057315234,7.985497988939166,7.356645173453996,8.024149446958267,6.607040723981898,8.12854361488185,5.176871920563097,5.603003645047762,5.131966314731018,6.21403205128205,6.019919054801407,8.636371794871796,8.424778406234289,5.395902966314728,9.5041104826546,4.173443690296631,7.190790221216692
GSM363324,10.040038712921069,8.19280656108597,5.579315485168428,7.92780769230769,5.858604952237306,7.98849648064354,10.057151835093016,6.324842760180996,4.720732905982906,6.712414529914526,9.32576985922574,7.574015962795376,6.076791603821016,4.872512694821518,7.152332076420314,5.518151960784315,7.654039969834088,7.598395173453995,5.341385495223731,6.3990456259426844,4.3158288084464544,7.082430618401211,7.196403594771242,6.522249245852186,6.502128959276015,4.5130522875817,6.941320010055302,8.779764705882352,5.960949723479136,6.401643790849672,6.5829428104575145,7.135377450980389,5.547596279537452,8.151241452991451,7.863178858722976,7.616951231774762,5.241732151835089,9.073295625942684,6.231281045751632,3.782173705379588,8.996298516842632,5.868028280542985,7.906481523378583,7.90676571141277,3.886622046254397,3.893776143790848,6.859479763700353,9.473378707893415,5.849072272498742,5.223575289089996,7.139673705379587,6.250385997988938,7.574353318250376,4.551380467571644,8.77712405731523,8.418497988939166,5.872645173453996,8.012149446958269,6.233040723981898,7.73354361488185,4.703871920563097,5.122003645047762,5.103966314731019,5.742032051282051,5.308919054801407,5.980371794871796,8.275778406234288,5.204902966314728,9.5341104826546,4.530443690296631,5.577790221216691
GSM363133,9.909038712921069,7.89780656108597,7.229315485168427,8.65280769230769,6.296604952237305,7.582496480643539,9.859151835093016,6.465842760180996,4.8087329059829065,7.454414529914526,9.15776985922574,7.445015962795376,7.052791603821016,5.478512694821518,8.425332076420315,6.627151960784315,8.444039969834087,8.935395173453996,5.239385495223732,6.406045625942684,6.576828808446455,6.432430618401211,6.1044035947712425,6.302249245852186,5.675128959276015,4.7050522875817,6.399320010055301,9.244764705882352,5.893949723479136,5.723643790849672,8.034942810457515,8.92937745098039,6.240596279537453,8.486241452991452,7.120178858722976,8.184951231774761,5.824732151835089,8.150295625942684,6.298281045751632,4.771173705379589,8.378298516842634,7.146028280542985,8.754481523378583,7.0977657114127695,4.071622046254397,4.534776143790848,6.971479763700353,9.922378707893415,5.526072272498742,4.542575289089996,6.640673705379587,7.039385997988938,7.483353318250375,5.885380467571643,8.35012405731523,7.641497988939166,7.728645173453996,8.415149446958267,6.805040723981898,7.923543614881851,4.791871920563097,5.505003645047762,4.449966314731019,6.62703205128205,5.769919054801407,7.534371794871796,7.605778406234288,6.526902966314728,8.8911104826546,4.134443690296631,7.084790221216692
GSM363159,10.133038712921069,8.40180656108597,6.502315485168428,8.362807692307689,5.6216049522373055,7.597496480643539,10.212151835093016,6.950842760180995,5.103732905982906,7.321414529914526,8.377769859225742,7.079015962795376,6.834791603821016,5.779512694821518,8.607332076420313,8.116151960784315,8.401039969834088,8.863395173453995,5.015385495223732,5.906045625942684,6.127828808446455,6.9304306184012106,5.166403594771242,6.328249245852186,5.275128959276015,5.3980522875817005,5.585320010055301,8.604764705882351,6.092949723479136,5.067643790849672,7.202942810457515,9.83237745098039,5.659596279537452,9.022241452991452,7.524178858722976,7.365951231774762,6.218732151835089,6.531295625942684,6.406281045751632,4.392173705379588,9.721298516842634,7.253028280542985,8.933481523378582,6.799765711412769,5.507622046254397,4.230776143790847,8.078479763700354,10.180378707893414,5.645072272498743,4.792575289089996,6.802673705379587,7.403385997988938,7.660353318250376,5.134380467571644,9.682124057315232,7.908497988939166,7.824645173453996,8.246149446958269,6.9490407239818985,8.022543614881851,4.2658719205630975,5.518003645047762,4.828966314731018,5.78103205128205,4.078919054801406,8.328371794871796,7.717778406234288,5.939902966314729,7.8581104826546,3.725443690296631,6.907790221216692
GSM363007,10.25703871292107,8.69280656108597,8.076315485168427,8.45980769230769,6.913604952237305,8.184496480643539,9.266151835093016,7.758842760180996,6.206732905982906,7.533414529914526,8.95076985922574,7.797015962795376,6.642791603821016,6.380512694821518,8.935332076420314,6.8631519607843146,8.441039969834087,9.598395173453996,5.580385495223731,6.225045625942684,8.096828808446455,6.9674306184012105,4.877403594771242,6.642249245852186,5.283128959276015,4.8590522875817,6.311320010055301,9.372764705882352,7.836949723479136,6.460643790849672,7.338942810457515,9.738377450980389,6.542596279537452,9.178241452991452,7.999178858722976,8.148951231774763,5.968732151835089,7.484295625942685,6.212281045751632,5.5871737053795885,8.807298516842632,8.652028280542984,9.289481523378583,8.15476571141277,5.374622046254397,5.907776143790848,6.393479763700353,9.485378707893416,6.870072272498742,5.369575289089996,6.443673705379587,7.717385997988938,8.119353318250376,4.941380467571643,8.735124057315232,8.553497988939165,7.401645173453996,8.534149446958267,7.249040723981898,8.26154361488185,5.451871920563097,5.706003645047762,5.878966314731018,6.49103205128205,5.290919054801407,7.459371794871796,7.494778406234288,6.544902966314728,8.355110482654599,5.056443690296631,7.105790221216692
GSM363282,10.258038712921069,8.40480656108597,7.590315485168428,9.35080769230769,6.711604952237305,7.874496480643539,10.257151835093016,7.359842760180996,4.389732905982906,8.090414529914526,9.31176985922574,7.826015962795376,7.374791603821016,5.220512694821518,8.676332076420314,5.801151960784315,7.323039969834087,8.609395173453995,6.457385495223732,8.186045625942686,4.779828808446455,6.091430618401211,6.026403594771242,7.006249245852186,5.938128959276015,5.0110522875817,5.889320010055301,8.869764705882352,7.809949723479136,5.138643790849672,8.449942810457514,7.694377450980389,5.761596279537453,8.986241452991452,8.203178858722977,7.899951231774762,5.707732151835089,8.116295625942685,6.008281045751632,4.724173705379588,9.012298516842634,7.547028280542984,9.244481523378582,7.897765711412769,4.535622046254398,4.686776143790848,7.0174797637003525,10.896378707893415,6.374072272498742,7.287575289089996,7.295673705379587,7.534385997988938,6.959353318250376,5.090380467571643,9.186124057315231,8.376497988939166,8.524645173453997,8.092149446958267,7.156040723981898,8.06554361488185,5.3988719205630975,5.494003645047762,4.877966314731019,6.133032051282051,5.177919054801406,7.159371794871796,7.700778406234288,6.023902966314728,7.852110482654599,4.671443690296631,7.261790221216692
GSM363242,10.44003871292107,7.82880656108597,6.873315485168427,9.05080769230769,6.330604952237306,7.239496480643539,10.218151835093016,7.9728427601809955,4.624732905982906,8.091414529914527,9.688769859225742,7.608015962795376,6.2927916038210165,5.925512694821518,8.695332076420314,6.527151960784315,8.387039969834088,8.688395173453996,5.973385495223732,7.035045625942685,5.166828808446454,7.26243061840121,7.024403594771242,6.725249245852186,6.743128959276015,4.0290522875817,7.089320010055301,8.913764705882352,4.814949723479136,6.215643790849672,8.725942810457514,10.01937745098039,6.010596279537452,8.555241452991451,7.905178858722976,8.548951231774762,5.876732151835089,8.248295625942685,5.607281045751632,4.564173705379589,9.360298516842631,6.312028280542985,8.820481523378582,8.26276571141277,4.956622046254397,4.320776143790847,6.539479763700353,10.466378707893416,5.469072272498742,7.283575289089995,6.7476737053795866,7.493385997988938,7.683353318250376,5.888380467571643,9.034124057315232,8.150497988939167,7.4156451734539965,8.144149446958268,6.664040723981898,7.756543614881851,4.923871920563097,5.058003645047762,5.333966314731018,5.90003205128205,5.822919054801407,7.144371794871796,8.50077840623429,5.847902966314728,8.872110482654598,4.026443690296631,7.377790221216691
GSM363063,9.74403871292107,6.82980656108597,5.413315485168427,8.615807692307689,6.665604952237306,6.46949648064354,10.268151835093017,5.421842760180995,3.689732905982906,6.975414529914526,8.503769859225741,7.881015962795375,5.670791603821017,4.244512694821518,7.705332076420314,6.961151960784315,6.597039969834087,6.133395173453995,5.035385495223731,4.381045625942685,3.978828808446455,3.935430618401211,3.7664035947712415,6.013249245852186,5.870128959276014,4.220052287581701,6.627320010055302,8.41976470588235,5.774949723479136,7.135643790849673,6.705942810457515,9.52837745098039,5.465596279537452,8.592241452991452,7.681178858722976,6.514951231774762,5.512732151835089,8.412295625942685,5.413281045751632,3.3571737053795885,11.365298516842632,4.364028280542985,8.176481523378584,8.10776571141277,4.989622046254397,4.717776143790847,5.222479763700353,7.793378707893415,6.740072272498742,4.150575289089995,7.305673705379586,4.472385997988938,5.180353318250376,4.690380467571644,11.609124057315231,7.410497988939166,4.7026451734539965,7.5861494469582675,5.517040723981898,7.521543614881851,6.149871920563097,5.2240036450477625,4.820966314731018,4.97803205128205,4.402919054801406,5.206371794871796,6.197778406234288,4.3409029663147285,6.763110482654599,4.41844369029663,6.222790221216692
GSM363301,10.015038712921069,8.376806561085969,7.073315485168427,9.451807692307687,6.752604952237306,7.273496480643539,8.898151835093016,7.562842760180995,4.201732905982906,7.619414529914526,9.864769859225742,7.920015962795376,5.575791603821017,6.274512694821518,8.731332076420314,7.466151960784315,8.109039969834088,7.687395173453996,5.351385495223731,8.188045625942685,3.585828808446455,7.844430618401211,5.344403594771242,6.867249245852186,5.276128959276015,5.0800522875817,5.9543200100553015,7.744764705882352,7.465949723479135,6.054643790849672,7.629942810457514,5.01237745098039,6.7105962795374525,10.313241452991452,8.166178858722976,8.625951231774764,5.538732151835089,9.132295625942684,5.592281045751632,5.3851737053795885,9.998298516842633,6.483028280542984,9.053481523378585,8.26576571141277,4.5006220462543975,5.234776143790848,4.116479763700353,8.950378707893416,5.100072272498742,4.678575289089996,6.961673705379587,7.774385997988938,6.782353318250376,3.955380467571644,10.365124057315231,8.458497988939166,6.8116451734539964,8.148149446958268,7.076040723981898,8.16854361488185,6.106871920563097,6.528003645047762,5.524966314731018,6.14203205128205,6.576919054801406,7.521371794871796,8.077778406234287,4.838902966314729,8.669110482654599,3.867443690296631,7.7747902212166915
GSM363061,10.567038712921068,8.472806561085969,7.3613154851684275,8.62380769230769,7.015604952237306,7.690496480643539,9.976151835093017,7.970842760180996,4.958732905982907,7.151414529914526,9.08176985922574,7.216015962795375,5.814791603821017,5.464512694821518,8.518332076420315,7.673151960784315,8.531039969834087,8.814395173453995,5.244385495223732,6.115045625942685,4.712828808446455,8.08443061840121,6.274403594771242,6.447249245852186,5.294128959276015,4.8900522875817005,8.1613200100553,9.334764705882352,5.532949723479136,6.090643790849672,8.748942810457514,9.88137745098039,6.222596279537452,9.429241452991452,8.265178858722976,8.458951231774762,5.946732151835089,7.9862956259426845,6.271281045751632,6.120173705379588,8.959298516842633,5.858028280542984,9.172481523378584,8.10476571141277,4.785622046254398,4.523776143790848,6.028479763700353,11.053378707893415,5.736072272498742,6.640575289089996,7.451673705379587,7.466385997988938,7.835353318250376,4.492380467571643,8.97512405731523,8.367497988939165,6.741645173453996,8.536149446958268,6.613040723981898,8.313543614881851,6.1168719205630975,5.5590036450477625,5.8449663147310185,5.99803205128205,6.098919054801407,7.989371794871796,8.25377840623429,5.617902966314729,8.5421104826546,5.720443690296631,6.995790221216692
GSM362955,10.786341880341888,8.671288461538463,7.594636752136751,9.278269230769226,6.664715811965815,7.653559829059841,8.959418803418803,8.430673076923085,5.617540598290601,7.001952991452987,8.328912393162392,7.657728632478638,7.143542735042729,6.160284188034191,9.243354700854702,6.655416666666673,7.220320512820515,7.647282051282046,7.036446581196576,6.590224358974353,4.552910256410254,5.969679487179495,5.709138888888892,6.494762820512822,5.228807692307695,4.142111111111114,4.711559829059828,7.4789999999999965,4.647854700854699,4.349055555555549,6.779972222222217,7.886583333333335,6.3898632478632456,11.408895299145293,6.575959401709399,7.249829059829055,6.748553418803418,7.16497435897436,4.867222222222224,5.699047008547011,9.79492521367522,8.744519230769232,7.751814102564095,8.721982905982907,4.893425213675211,6.847805555555558,6.057844017094018,7.97756196581196,6.755771367521371,4.241220085470087,6.635547008547007,7.885438034188032,6.294993589743587,4.665532051282053,9.734891025641025,7.836534188034182,5.166032051282049,8.465459401709406,5.87430769230769,7.99975854700855,4.907177350427355,5.094938034188034,5.120572649572647,5.279455128205125,5.071376068376066,7.179679487179486,5.727767094017096,4.80964957264957,7.693121794871801,4.405457264957267,7.417566239316237
GSM363091,10.495038712921067,8.42080656108597,8.091315485168428,8.839807692307689,6.382604952237306,8.05449648064354,10.214151835093016,7.690842760180995,4.460732905982907,7.020414529914526,9.185769859225742,7.361015962795376,7.396791603821017,6.012512694821518,8.575332076420313,6.572151960784315,7.750039969834088,8.713395173453995,6.124385495223732,6.988045625942685,6.641828808446455,6.719430618401211,5.2694035947712425,6.661249245852186,5.902128959276014,5.353052287581701,6.256320010055301,6.673764705882351,8.394949723479137,7.259643790849672,7.732942810457515,6.14837745098039,6.2795962795374525,8.972241452991451,8.091178858722976,7.525951231774762,5.950732151835089,7.137295625942684,7.234281045751632,4.4331737053795885,10.035298516842634,8.336028280542985,8.31348152337858,7.2227657114127695,5.2186220462543975,5.561776143790848,6.308479763700353,9.744378707893414,5.970072272498742,6.000575289089996,5.844673705379587,7.285385997988938,7.885353318250376,5.454380467571644,10.055124057315233,8.056497988939165,7.578645173453996,8.501149446958268,6.397040723981898,7.941543614881851,6.7498719205630975,5.229003645047762,4.874966314731019,6.55203205128205,4.865919054801406,5.969371794871796,7.493778406234288,5.232902966314729,8.759110482654599,5.02744369029663,6.912790221216691
GSM363231,10.753038712921068,7.97580656108597,7.364315485168428,8.57980769230769,6.399604952237306,7.7564964806435395,10.441151835093017,7.543842760180995,5.336732905982906,8.295414529914527,9.44676985922574,7.464015962795376,6.421791603821016,5.488512694821518,8.607332076420313,5.370151960784315,7.600039969834087,9.501395173453997,5.960385495223731,7.778045625942684,4.616828808446455,7.40343061840121,5.9634035947712425,6.702249245852186,6.710128959276014,5.1160522875817005,6.581320010055301,8.545764705882352,4.914949723479136,5.387643790849673,8.996942810457515,10.16037745098039,6.049596279537452,8.982241452991452,7.762178858722976,8.196951231774761,5.713732151835089,7.910295625942685,5.613281045751632,4.263173705379589,9.938298516842632,8.183028280542985,8.913481523378582,7.42376571141277,5.143622046254397,4.945776143790847,6.7754797637003525,10.617378707893415,5.905072272498742,6.493575289089995,6.476673705379587,7.414385997988938,7.012353318250376,5.521380467571643,9.768124057315234,8.317497988939166,7.830645173453997,8.584149446958268,7.134040723981898,7.979543614881851,5.025871920563097,5.346003645047762,5.152966314731018,5.76903205128205,3.254919054801406,8.537371794871795,8.357778406234289,4.897902966314728,9.2281104826546,3.799443690296631,6.518790221216691
GSM363359,10.487038712921068,8.28980656108597,6.926315485168427,8.45080769230769,6.7626049522373055,7.244496480643539,9.617151835093017,7.152842760180995,3.974732905982906,7.519414529914527,9.265769859225742,7.585015962795376,5.987791603821017,5.869512694821518,8.503332076420314,8.366151960784315,8.525039969834088,8.692395173453995,5.7623854952237314,7.818045625942684,5.325828808446455,7.106430618401211,6.560403594771242,6.749249245852186,6.419128959276015,5.0000522875817,7.482320010055301,6.988764705882351,5.556949723479136,5.224643790849672,8.621942810457515,9.459377450980387,6.057596279537452,8.798241452991451,7.482178858722976,8.530951231774761,6.128732151835089,9.038295625942684,6.239281045751632,5.350173705379588,9.169298516842634,7.426028280542985,8.818481523378583,8.117765711412769,5.044622046254397,5.287776143790848,5.451479763700353,9.744378707893414,5.931072272498742,6.161575289089996,7.212673705379586,7.694385997988938,7.539353318250376,4.791380467571644,8.759124057315233,8.432497988939167,6.249645173453996,8.388149446958268,5.839040723981898,7.439543614881851,5.272871920563097,5.283003645047762,5.706966314731019,5.37803205128205,6.739919054801407,8.096371794871796,8.275778406234288,5.631902966314729,8.948110482654599,4.558443690296631,7.188790221216691
GSM363065,9.872038712921068,8.267806561085969,6.527315485168427,7.9558076923076895,6.541604952237305,7.230496480643539,10.426151835093016,6.961842760180995,4.443732905982906,8.577414529914527,9.415769859225742,6.505015962795376,5.051791603821017,4.887512694821518,8.620332076420313,6.636151960784315,7.678039969834088,8.188395173453996,5.438385495223732,5.876045625942685,4.074828808446455,7.970430618401211,5.067403594771243,6.443249245852186,5.493128959276015,4.7260522875817,7.918320010055301,10.48976470588235,6.677949723479136,6.723643790849672,7.752942810457514,8.91037745098039,5.659596279537452,8.609241452991451,8.509178858722976,8.598951231774763,4.962732151835089,8.872295625942686,6.829281045751632,4.1961737053795884,8.199298516842632,5.272028280542985,9.026481523378582,8.95576571141277,4.339622046254397,4.278776143790847,6.094479763700353,9.760378707893414,5.938072272498742,5.252575289089996,7.507673705379587,7.056385997988938,8.043353318250375,4.311380467571643,7.768124057315232,8.286497988939166,7.414645173453996,8.419149446958269,7.274040723981898,7.851543614881851,5.065871920563097,6.346003645047762,5.739966314731018,6.49503205128205,7.6229190548014065,5.828371794871796,8.417778406234287,4.608902966314728,9.552110482654598,5.187443690296631,6.824790221216691
GSM363134,10.114038712921069,8.48480656108597,6.985315485168427,8.64880769230769,6.225604952237306,7.5064964806435395,9.855151835093016,7.091842760180995,4.697732905982907,8.425414529914526,9.22276985922574,7.431015962795375,7.774791603821017,5.478512694821518,8.184332076420313,6.719151960784315,7.815039969834087,8.370395173453995,4.871385495223731,7.063045625942684,4.185828808446455,7.027430618401211,6.583403594771243,6.675249245852186,5.927128959276015,4.0250522875817,7.514320010055301,9.965764705882352,7.058949723479135,6.2146437908496726,7.550942810457514,9.834377450980387,5.973596279537452,9.484241452991451,7.150178858722976,8.095951231774762,6.135732151835089,7.352295625942685,6.360281045751632,5.033173705379588,8.945298516842634,6.075028280542985,8.197481523378581,8.07576571141277,5.033622046254397,4.214776143790847,4.308479763700353,10.425378707893415,5.087072272498742,6.985575289089995,7.554673705379587,7.240385997988938,7.922353318250376,4.004380467571644,8.685124057315232,8.097497988939166,7.447645173453997,8.369149446958268,5.093040723981899,7.561543614881851,4.636871920563097,5.5670036450477625,5.100966314731019,5.72803205128205,5.236919054801406,8.365371794871796,8.744778406234289,6.027902966314729,9.3621104826546,3.957443690296631,7.2347902212166915
GSM363167,9.73803871292107,8.14880656108597,6.587315485168428,8.02680769230769,5.748604952237305,7.314496480643539,9.693151835093015,6.134842760180995,4.0667329059829065,8.362414529914528,8.84476985922574,6.867015962795376,6.354791603821017,5.657512694821518,7.788332076420314,5.755151960784315,8.031039969834087,7.851395173453995,4.986385495223732,7.418045625942685,4.361828808446455,6.950430618401211,5.960403594771242,6.681249245852186,6.369128959276015,4.1720522875817005,7.773320010055301,9.472764705882351,5.687949723479136,4.547643790849673,7.556942810457515,8.53737745098039,5.682596279537452,9.159241452991452,7.033178858722976,8.363951231774763,5.220732151835089,8.408295625942685,5.249281045751632,4.2041737053795885,9.512298516842634,4.940028280542985,7.259481523378582,8.29576571141277,4.283622046254397,3.744776143790848,6.332479763700353,9.392378707893416,5.042072272498742,6.115575289089996,7.777673705379587,6.916385997988938,7.449353318250376,5.696380467571644,8.679124057315232,7.834497988939166,7.302645173453996,8.372149446958268,5.7840407239818985,7.69654361488185,4.544871920563097,5.008003645047762,5.119966314731019,5.70303205128205,7.868919054801406,6.423371794871796,8.565778406234287,5.178902966314729,8.924110482654598,5.108443690296631,6.866790221216691
GSM362957,10.72334188034189,8.691288461538463,6.509636752136752,8.732269230769226,6.190715811965815,7.475559829059841,9.501418803418805,7.605673076923087,5.250540598290601,7.190952991452988,8.912912393162394,7.304728632478638,6.689542735042729,5.756284188034191,8.851354700854703,6.642416666666673,7.272320512820515,7.518282051282045,5.656446581196576,6.457224358974353,4.899910256410253,6.240679487179495,4.338138888888891,6.798762820512822,4.816807692307695,4.159111111111114,5.638559829059828,7.736999999999997,5.2148547008547,6.422055555555549,7.582972222222217,9.370583333333336,5.882863247863246,9.571895299145291,6.771959401709399,7.505829059829054,5.853553418803418,6.89197435897436,6.569222222222224,4.598047008547011,8.524925213675221,7.071519230769231,8.221814102564096,7.773982905982907,4.496425213675211,5.080805555555559,6.394844017094019,9.77156196581196,6.635771367521371,5.285220085470087,7.170547008547006,7.664438034188032,6.128993589743587,4.590532051282053,8.706891025641022,8.266534188034182,5.29503205128205,8.260459401709406,6.52330769230769,7.59675854700855,5.885177350427354,5.316938034188034,5.732572649572647,5.5304551282051255,4.496376068376065,7.021679487179486,6.415767094017096,4.20364957264957,8.0381217948718,4.421457264957267,6.991566239316237
GSM363141,10.06503871292107,8.44980656108597,5.553315485168428,8.01780769230769,6.311604952237306,7.257496480643539,8.955151835093016,6.820842760180995,4.475732905982906,8.190414529914527,8.946769859225741,6.253015962795375,6.574791603821017,4.414512694821518,7.945332076420314,4.927151960784315,8.180039969834088,8.271395173453996,4.712385495223732,7.956045625942685,4.052828808446455,6.767430618401211,6.5354035947712426,6.373249245852186,5.481128959276014,6.2700522875817,5.610320010055301,9.818764705882352,3.791949723479136,4.179643790849672,7.777942810457515,9.482377450980389,5.453596279537453,8.451241452991452,6.401178858722976,8.158951231774761,5.508732151835089,8.389295625942685,4.072281045751632,5.0341737053795885,6.718298516842633,6.623028280542985,8.497481523378582,5.43176571141277,4.204622046254397,4.145776143790847,4.268479763700353,10.059378707893416,4.788072272498742,6.750575289089996,7.069673705379587,7.124385997988938,7.274353318250376,3.905380467571644,5.753124057315232,6.482497988939166,5.220645173453996,8.239149446958267,4.388040723981899,6.771543614881851,3.654871920563097,5.367003645047762,4.623966314731018,3.6110320512820495,5.426919054801406,7.684371794871796,7.309778406234288,6.048902966314729,8.486110482654599,4.408443690296631,7.398790221216691
GSM362961,10.397038712921068,7.79480656108597,6.101315485168427,7.728807692307689,5.421604952237305,6.661496480643539,9.091151835093015,6.288842760180995,5.064732905982907,7.734414529914527,8.779769859225741,7.423015962795375,6.4787916038210165,5.525512694821518,7.429332076420314,5.542151960784315,7.218039969834088,9.311395173453995,4.388385495223732,5.3380456259426845,6.264828808446455,7.761430618401211,5.420403594771242,6.209249245852186,6.202128959276014,4.4120522875817,7.254320010055301,7.321764705882352,5.841949723479136,5.204643790849673,6.351942810457515,8.00237745098039,5.3595962795374525,8.816241452991452,6.976178858722976,7.359951231774763,5.847732151835089,8.609295625942686,5.913281045751632,3.759173705379588,8.034298516842632,6.435028280542985,7.417481523378583,7.39476571141277,4.332622046254397,4.291776143790847,6.165479763700353,8.230378707893415,5.563072272498742,5.468575289089996,5.349673705379587,5.999385997988938,6.642353318250375,5.120380467571644,7.412124057315232,7.465497988939166,7.313645173453996,8.584149446958268,5.355040723981898,6.934543614881851,4.434871920563097,4.6230036450477625,6.015966314731019,4.7470320512820505,5.705919054801407,6.639371794871796,6.738778406234288,6.843902966314729,7.931110482654599,4.606443690296631,6.675790221216691
GSM362967,10.275038712921068,7.87180656108597,6.366315485168427,8.44780769230769,6.011604952237305,6.683496480643539,10.145151835093015,7.241842760180996,3.516732905982906,7.851414529914527,9.05276985922574,7.326015962795376,6.529791603821017,5.479512694821518,8.189332076420314,5.384151960784315,7.774039969834088,8.416395173453996,5.229385495223731,5.5480456259426845,5.061828808446455,7.583430618401211,6.372403594771242,6.389249245852186,6.562128959276015,4.0800522875817,7.0553200100553015,9.161764705882351,6.820949723479136,5.834643790849673,7.578942810457514,9.24237745098039,5.552596279537452,10.470241452991452,7.318178858722976,7.954951231774762,6.167732151835089,7.173295625942685,6.202281045751632,4.023173705379588,9.168298516842633,4.803028280542985,8.300481523378583,8.159765711412769,4.212622046254397,3.995776143790848,5.490479763700353,10.307378707893417,4.889072272498742,5.352575289089995,6.285673705379587,7.058385997988938,7.748353318250376,5.380380467571643,9.229124057315232,7.801497988939166,6.474645173453997,8.459149446958268,4.723040723981899,7.990543614881851,4.859871920563097,4.4820036450477625,5.3449663147310185,5.98303205128205,6.708919054801406,7.273371794871796,7.720778406234288,4.173902966314729,8.407110482654598,4.821443690296631,7.235790221216692
GSM363216,10.559038712921067,8.21880656108597,7.662315485168428,9.20280769230769,6.812604952237305,7.793496480643539,9.009151835093016,7.547842760180996,5.153732905982906,8.327414529914527,8.971769859225741,7.601015962795376,7.0637916038210165,6.157512694821518,8.574332076420314,7.131151960784315,8.242039969834087,9.959395173453997,5.524385495223731,7.288045625942685,7.193828808446455,5.973430618401211,5.242403594771242,6.6962492458521865,6.683128959276015,6.441052287581701,5.9143200100553015,7.996764705882351,5.743949723479136,5.265643790849673,8.162942810457515,9.33637745098039,6.334596279537452,9.382241452991453,8.395178858722977,8.276951231774763,5.771732151835089,5.656295625942684,4.424281045751632,5.772173705379588,9.228298516842631,8.639028280542984,9.07248152337858,7.658765711412769,4.856622046254397,5.291776143790847,7.919479763700353,9.414378707893414,7.429072272498742,5.459575289089996,6.126673705379587,7.347385997988938,6.821353318250376,5.309380467571644,8.425124057315234,8.682497988939167,8.567645173453997,8.391149446958268,7.765040723981898,8.04554361488185,5.1728719205630975,5.719003645047763,5.004966314731019,6.19603205128205,3.6609190548014063,8.195371794871797,7.715778406234288,7.0299029663147286,8.224110482654599,4.242443690296631,7.151790221216691
GSM362973,10.47803871292107,8.09080656108597,6.193315485168427,8.28380769230769,5.9036049522373055,6.795496480643539,9.066151835093017,7.110842760180995,4.265732905982906,8.168414529914525,9.605769859225742,6.797015962795376,5.1887916038210165,4.586512694821518,8.801332076420314,5.289151960784315,7.027039969834087,8.484395173453995,4.412385495223732,6.1040456259426845,4.797828808446455,8.227430618401211,6.6974035947712425,5.825249245852186,5.456128959276015,4.3300522875817,7.597320010055301,8.837764705882352,5.790949723479136,6.157643790849672,6.896942810457515,8.33037745098039,5.822596279537453,9.359241452991451,8.078178858722977,8.087951231774763,6.128732151835089,9.338295625942685,7.349281045751632,3.773173705379589,8.531298516842632,5.271028280542985,9.119481523378582,8.32776571141277,3.7376220462543976,4.395776143790847,5.207479763700353,9.587378707893414,5.698072272498743,4.656575289089996,6.967673705379587,6.491385997988938,7.238353318250375,4.342380467571644,8.030124057315232,8.160497988939166,7.823645173453996,8.476149446958267,6.3850407239818985,8.288543614881851,6.081871920563097,5.469003645047763,5.718966314731018,6.02703205128205,8.770919054801407,5.903371794871796,8.947778406234288,4.9819029663147285,7.712110482654599,4.880443690296631,7.262790221216692
GSM363024,10.78903871292107,8.15080656108597,7.487315485168427,9.09480769230769,7.341604952237305,7.805496480643539,9.365151835093016,8.410842760180996,4.980732905982906,8.849414529914526,9.55576985922574,7.545015962795376,5.803791603821017,6.199512694821518,9.029332076420314,7.764151960784315,8.104039969834087,9.283395173453997,6.193385495223732,8.052045625942686,5.105828808446455,7.408430618401211,4.891403594771242,6.471249245852186,6.921128959276015,5.0350522875817,8.804320010055301,8.82376470588235,6.918949723479136,6.070643790849672,7.915942810457515,10.395377450980387,6.307596279537452,9.563241452991452,8.005178858722976,8.687951231774761,5.871732151835089,7.772295625942685,6.095281045751632,6.1591737053795885,9.621298516842632,6.660028280542985,9.710481523378585,8.34176571141277,5.247622046254397,4.368776143790847,7.600479763700353,9.760378707893414,5.960072272498742,5.856575289089996,6.946673705379586,8.092385997988938,7.439353318250376,5.773380467571644,9.714124057315232,8.350497988939166,7.837645173453996,8.122149446958268,7.274040723981898,7.941543614881851,4.7338719205630975,5.797003645047762,5.907966314731018,5.93903205128205,5.636919054801407,9.127371794871795,8.151778406234289,5.559902966314729,8.564110482654598,4.070443690296631,7.105790221216692
GSM363175,10.387038712921068,8.31080656108597,7.480315485168427,8.708807692307689,7.398604952237306,7.6154964806435395,8.715151835093016,7.263842760180996,4.553732905982907,8.120414529914527,9.233769859225742,6.882015962795376,6.580791603821017,6.144512694821518,9.031332076420314,6.451151960784315,8.227039969834088,8.845395173453996,6.371385495223731,6.234045625942684,4.632828808446455,7.198430618401211,6.293403594771243,6.700249245852186,6.473128959276015,4.9200522875817,6.923320010055301,9.596764705882352,4.787949723479136,5.848643790849672,7.149942810457515,9.52837745098039,6.137596279537452,9.420241452991451,7.628178858722976,8.246951231774762,5.630732151835089,8.642295625942685,5.318281045751632,4.774173705379589,7.430298516842633,7.025028280542985,9.117481523378585,8.38776571141277,5.326622046254397,4.737776143790848,7.904479763700353,8.865378707893415,5.847072272498743,5.313575289089996,7.109673705379587,7.930385997988938,6.628353318250376,5.417380467571643,6.592124057315232,8.129497988939166,7.635645173453996,8.251149446958268,6.847040723981898,7.817543614881851,4.873871920563097,5.612003645047762,4.890966314731019,5.795032051282051,7.139919054801406,7.673371794871796,8.818778406234287,5.397902966314728,8.671110482654598,4.162443690296631,7.368790221216692
GSM363162,10.473038712921069,8.38580656108597,6.829315485168428,9.47380769230769,6.8876049522373055,7.241496480643539,7.831151835093015,7.622842760180996,4.898732905982906,8.277414529914527,9.300769859225742,7.784015962795376,6.248791603821017,5.586512694821518,8.759332076420314,6.608151960784315,8.338039969834087,8.732395173453995,6.164385495223732,6.994045625942684,4.544828808446455,8.07243061840121,5.989403594771242,6.488249245852186,6.468128959276014,4.9830522875817005,8.159320010055302,7.287764705882352,5.340949723479135,4.468643790849672,7.320942810457514,8.94437745098039,6.0615962795374525,10.286241452991453,7.643178858722976,8.261951231774763,5.873732151835089,7.4382956259426845,5.352281045751631,5.849173705379588,9.716298516842633,8.278028280542985,9.62448152337858,8.31576571141277,4.1466220462543975,4.836776143790847,8.321479763700353,9.593378707893416,5.991072272498742,4.822575289089996,6.269673705379587,7.7323859979889376,6.542353318250376,5.076380467571644,9.695124057315232,8.272497988939167,7.906645173453996,8.076149446958269,7.244040723981898,7.88454361488185,5.1648719205630975,6.172003645047762,5.559966314731018,6.28503205128205,6.949919054801407,8.358371794871797,8.66677840623429,5.365902966314729,9.000110482654598,4.188443690296631,7.109790221216692
GSM362979,10.928038712921069,8.14080656108597,7.024315485168427,8.80680769230769,7.135604952237306,6.580496480643539,9.905151835093015,7.585842760180996,4.544732905982906,7.945414529914526,9.781769859225742,7.617015962795376,5.8617916038210165,5.698512694821518,8.976332076420315,4.505151960784315,8.082039969834087,8.895395173453995,5.690385495223731,7.855045625942685,6.103828808446455,7.603430618401211,5.554403594771242,6.5712492458521865,5.526128959276015,4.9820522875817,7.502320010055302,9.63776470588235,6.894949723479136,6.104643790849672,7.878942810457515,10.66037745098039,5.886596279537453,10.127241452991452,7.545178858722976,8.687951231774761,5.928732151835089,9.233295625942684,6.765281045751632,4.7841737053795885,7.177298516842633,6.804028280542985,9.629481523378583,8.10976571141277,4.256622046254398,4.701776143790847,6.511479763700353,9.458378707893417,5.946072272498742,5.054575289089996,5.411673705379587,7.462385997988938,8.207353318250375,5.727380467571644,7.0251240573152325,7.986497988939166,7.7186451734539965,8.248149446958267,6.470040723981898,8.37954361488185,6.837871920563098,5.034003645047762,6.105966314731019,6.28503205128205,8.414919054801405,7.710371794871796,8.344778406234287,5.374902966314728,8.5661104826546,4.429443690296631,7.926790221216692
GSM362962,10.694038712921069,8.35480656108597,6.198315485168427,8.52680769230769,6.571604952237306,7.249496480643539,9.789151835093016,7.734842760180996,5.012732905982906,8.674414529914525,9.09776985922574,7.866015962795376,5.806791603821017,5.978512694821518,8.747332076420314,4.764151960784315,7.559039969834087,9.229395173453996,4.909385495223732,5.913045625942685,7.075828808446455,6.793430618401211,4.482403594771243,6.284249245852186,5.266128959276014,5.0880522875817,6.5873200100553015,9.288764705882352,5.687949723479136,5.492643790849672,7.984942810457515,10.66937745098039,5.671596279537453,9.039241452991453,7.627178858722976,8.174951231774763,5.787732151835089,7.015295625942684,6.257281045751632,4.742173705379589,8.294298516842634,7.070028280542985,9.254481523378583,7.989765711412769,4.0856220462543975,4.744776143790848,7.417479763700353,8.463378707893416,5.775072272498742,5.111575289089996,6.438673705379586,7.096385997988938,7.723353318250376,4.922380467571644,8.290124057315232,8.181497988939165,6.910645173453997,8.458149446958268,7.219040723981898,8.458543614881851,5.748871920563097,5.486003645047762,5.731966314731018,5.92203205128205,7.429919054801406,8.100371794871796,7.475778406234288,5.278902966314728,8.544110482654599,4.182443690296631,7.381790221216692
GSM363370,9.890038712921069,8.07680656108597,6.082315485168428,7.26480769230769,5.1056049522373055,6.931496480643539,8.833151835093016,7.186842760180996,3.984732905982906,7.719414529914526,9.18976985922574,7.293015962795375,6.202791603821017,5.541512694821518,7.3583320764203135,8.561151960784315,8.490039969834088,8.364395173453996,4.465385495223732,6.2370456259426845,4.575828808446455,7.120430618401211,6.771403594771242,6.545249245852186,5.321128959276015,4.7270522875817,7.350320010055301,9.554764705882352,4.765949723479136,4.391643790849672,7.366942810457514,8.57037745098039,5.427596279537452,8.206241452991451,7.583178858722976,7.746951231774762,6.210732151835089,6.835295625942685,4.785281045751632,4.524173705379589,7.416298516842633,5.4060282805429845,8.699481523378584,7.47976571141277,5.514622046254398,4.300776143790848,5.881479763700353,10.382378707893416,5.332072272498742,5.850575289089996,6.942673705379587,7.027385997988938,7.450353318250376,4.951380467571644,6.019124057315232,7.860497988939166,7.537645173453996,8.049149446958268,6.132040723981898,7.442543614881851,5.8908719205630975,4.7880036450477625,4.729966314731018,5.50203205128205,7.485919054801406,6.437371794871796,7.767778406234288,5.661902966314728,8.605110482654599,4.203443690296631,6.663790221216692
GSM363114,10.49403871292107,8.26480656108597,6.829315485168428,8.11780769230769,6.249604952237306,6.754496480643539,8.491151835093016,7.841842760180995,4.302732905982906,8.653414529914528,9.41076985922574,7.703015962795376,5.626791603821016,5.227512694821518,8.937332076420313,6.369151960784315,8.505039969834087,8.352395173453996,4.788385495223731,6.171045625942685,4.357828808446455,7.347430618401211,5.228403594771242,6.256249245852186,6.583128959276015,4.7870522875817,7.970320010055301,10.710764705882353,6.206949723479136,4.594643790849672,7.551942810457515,10.10837745098039,5.8355962795374525,8.961241452991452,7.143178858722976,8.48395123177476,6.022732151835089,9.534295625942685,5.642281045751632,4.485173705379588,9.126298516842631,5.933028280542985,8.847481523378583,8.39476571141277,4.5856220462543975,3.976776143790848,6.027479763700353,8.659378707893415,5.258072272498742,4.733575289089996,7.324673705379586,7.530385997988938,7.029353318250376,4.021380467571643,9.139124057315232,8.220497988939165,6.771645173453996,8.072149446958267,6.484040723981899,7.91454361488185,4.838871920563097,6.108003645047762,5.263966314731018,5.92403205128205,7.793919054801406,7.994371794871796,8.585778406234287,5.5509029663147285,9.3581104826546,4.257443690296631,6.797790221216691
GSM362968,10.561038712921068,8.45880656108597,6.910315485168427,9.52680769230769,6.3796049522373055,7.438496480643539,9.591151835093015,7.6218427601809955,5.201732905982906,8.595414529914525,9.383769859225742,7.715015962795376,6.453791603821016,5.725512694821518,8.364332076420315,4.853151960784315,7.072039969834087,8.177395173453995,5.196385495223732,7.502045625942684,6.602828808446454,7.034430618401211,4.474403594771243,6.483249245852186,6.593128959276014,4.550052287581701,5.155320010055301,6.972764705882351,5.597949723479136,6.643643790849673,7.798942810457515,10.264377450980389,5.926596279537453,9.866241452991453,7.240178858722976,7.882951231774762,5.826732151835089,6.724295625942685,7.558281045751632,5.374173705379588,8.714298516842632,8.712028280542985,8.128481523378582,7.13376571141277,4.015622046254397,4.543776143790848,6.697479763700353,9.042378707893414,6.499072272498742,5.198575289089995,5.849673705379587,7.916385997988938,7.270353318250375,5.167380467571643,8.449124057315231,8.286497988939166,6.730645173453996,8.753149446958268,6.721040723981898,8.20254361488185,6.428871920563097,5.2800036450477625,5.492966314731018,5.5820320512820505,6.205919054801407,8.702371794871796,7.053778406234288,4.626902966314728,7.715110482654599,4.172443690296631,7.327790221216691
GSM362974,10.80203871292107,10.09280656108597,8.333315485168427,9.27180769230769,6.545604952237306,7.618496480643539,8.893151835093015,8.807842760180996,5.812732905982906,6.163414529914526,8.688769859225742,8.001015962795377,6.9257916038210166,7.298512694821518,10.571332076420314,4.777151960784315,8.333039969834088,8.401395173453995,5.893385495223732,5.428045625942684,3.990828808446455,7.498430618401211,4.942403594771243,6.851249245852186,4.139128959276015,3.6820522875817,5.020320010055301,4.366764705882352,4.121949723479136,3.487643790849672,5.765942810457514,6.047377450980389,6.481596279537452,10.562241452991453,5.407178858722976,6.395951231774762,6.808732151835089,5.1882956259426845,4.163281045751632,3.5871737053795885,6.511298516842633,9.065028280542984,4.123481523378582,8.15876571141277,4.841622046254398,5.937776143790847,6.148479763700353,8.297378707893415,9.11307227249874,4.354575289089996,5.6436737053795865,8.046385997988938,7.760353318250376,5.815380467571644,6.985124057315232,8.001497988939166,4.264645173453997,9.407149446958268,4.047040723981898,8.18154361488185,4.119871920563098,4.778003645047762,5.613966314731019,4.460032051282051,3.4989190548014064,5.368371794871796,4.464778406234288,4.014902966314728,7.925110482654599,4.395443690296631,8.353790221216691
GSM363372,10.903038712921068,8.23380656108597,7.387315485168427,9.644807692307689,6.995604952237305,7.355496480643539,9.652151835093017,7.884842760180995,5.527732905982907,8.702414529914527,9.67176985922574,7.784015962795376,6.541791603821016,6.300512694821518,8.845332076420314,7.683151960784315,8.206039969834087,9.520395173453997,6.919385495223732,9.258045625942684,6.138828808446455,6.474430618401211,5.204403594771242,6.380249245852186,6.382128959276015,5.0690522875817,4.623320010055301,7.095764705882352,5.513949723479136,4.002643790849673,8.572942810457516,9.50237745098039,6.1945962795374525,10.093241452991451,7.080178858722976,8.413951231774764,6.115732151835089,5.371295625942685,4.521281045751632,5.263173705379589,10.403298516842632,7.907028280542985,9.209481523378582,7.76176571141277,4.938622046254397,5.065776143790847,7.774479763700353,11.172378707893415,6.568072272498742,4.978575289089996,6.496673705379587,8.317385997988938,7.286353318250375,5.150380467571644,10.692124057315231,8.269497988939166,7.161645173453996,8.204149446958267,6.928040723981899,7.72054361488185,4.621871920563097,5.137003645047762,5.500966314731018,4.89903205128205,3.262919054801406,8.975371794871796,8.175778406234286,6.777902966314729,8.197110482654601,4.096443690296631,7.270790221216692
GSM362980,10.349038712921068,8.19680656108597,6.454315485168428,8.185807692307689,5.991604952237306,7.109496480643539,9.994151835093016,6.005842760180996,3.9627329059829055,7.055414529914526,8.865769859225741,6.798015962795375,6.041791603821016,5.536512694821518,7.943332076420314,5.248151960784315,8.026039969834088,8.451395173453996,4.740385495223731,5.616045625942684,4.687828808446454,7.91943061840121,6.091403594771243,6.343249245852186,5.397128959276015,4.574052287581701,7.269320010055301,10.338764705882353,6.617949723479136,5.215643790849672,8.100942810457514,10.06637745098039,5.427596279537452,9.560241452991452,7.535178858722976,7.683951231774762,5.984732151835089,7.248295625942685,7.056281045751632,3.750173705379588,9.179298516842632,3.854028280542985,8.821481523378583,7.485765711412769,4.0006220462543975,4.307776143790847,4.450479763700353,10.132378707893416,5.079072272498742,5.583575289089996,6.709673705379587,6.147385997988938,7.587353318250376,4.640380467571644,9.086124057315232,7.414497988939166,7.087645173453996,8.366149446958268,5.5500407239818985,8.03654361488185,5.405871920563097,5.063003645047762,5.555966314731019,5.58103205128205,8.152919054801405,7.325371794871796,7.406778406234288,4.430902966314728,8.2861104826546,4.847443690296631,6.754790221216692
GSM363279,10.29203871292107,8.42280656108597,7.088315485168427,8.51080769230769,6.547604952237306,7.352496480643539,10.187151835093015,7.100842760180996,4.5987329059829065,8.268414529914526,9.43676985922574,7.241015962795376,5.825791603821017,5.471512694821518,8.579332076420314,7.338151960784315,8.565039969834087,8.498395173453995,5.398385495223732,6.125045625942684,4.145828808446455,7.888430618401211,5.6734035947712425,6.479249245852186,5.848128959276015,4.6550522875817,6.852320010055301,9.33976470588235,4.363949723479136,4.061643790849672,9.050942810457514,9.89437745098039,6.395596279537452,9.186241452991451,7.647178858722976,8.606951231774762,5.699732151835089,7.443295625942684,4.868281045751632,5.015173705379588,9.138298516842632,5.980028280542985,8.276481523378582,8.44576571141277,4.818622046254397,4.228776143790848,6.885479763700353,11.211378707893417,5.051072272498742,5.833575289089996,8.353673705379586,7.217385997988938,8.077353318250376,4.899380467571644,9.298124057315231,8.417497988939166,5.938645173453996,7.9821494469582674,6.571040723981898,7.896543614881851,5.3908719205630975,5.618003645047763,5.2759663147310185,5.037032051282051,6.280919054801406,8.123371794871796,8.415778406234288,5.900902966314728,8.7161104826546,4.357443690296631,6.670790221216691
GSM362963,10.69003871292107,8.07080656108597,6.419315485168427,8.35980769230769,6.508604952237306,6.938496480643539,9.534151835093017,7.442842760180995,5.192732905982907,8.159414529914525,9.36976985922574,7.528015962795376,5.565791603821016,5.7645126948215175,8.605332076420314,4.652151960784315,7.046039969834087,8.982395173453995,5.501385495223731,5.551045625942685,5.974828808446455,7.56043061840121,5.201403594771242,6.325249245852186,4.794128959276015,4.9400522875817,7.269320010055301,8.461764705882352,5.619949723479136,5.5176437908496725,7.025942810457514,9.72937745098039,5.551596279537453,8.915241452991452,7.458178858722976,8.087951231774763,5.676732151835089,9.013295625942686,5.916281045751632,3.644173705379589,10.087298516842631,6.298028280542985,9.22348152337858,8.39076571141277,4.394622046254398,5.001776143790847,5.968479763700353,9.166378707893417,5.630072272498742,6.745575289089996,6.583673705379587,7.135385997988938,7.478353318250376,4.633380467571644,10.269124057315231,7.583497988939166,7.196645173453996,8.368149446958268,6.363040723981898,8.13054361488185,4.961871920563097,5.285003645047762,5.973966314731018,5.55903205128205,7.536919054801406,7.932371794871796,7.824778406234288,4.803902966314729,8.6171104826546,4.320443690296631,7.014790221216692
GSM362969,10.445038712921068,8.20180656108597,5.874315485168427,8.624807692307689,5.9566049522373055,6.786496480643539,9.526151835093016,7.460842760180996,5.413732905982906,7.504414529914526,8.601769859225742,7.095015962795376,6.281791603821016,5.478512694821518,7.972332076420313,4.796151960784315,7.507039969834087,8.799395173453995,5.329385495223732,5.9790456259426845,5.651828808446455,7.81843061840121,4.291403594771242,6.331249245852186,6.256128959276015,3.991052287581701,7.027320010055301,7.913764705882351,6.150949723479136,5.091643790849672,7.184942810457515,8.978377450980389,5.969596279537453,8.598241452991452,7.825178858722976,7.451951231774762,6.294732151835089,7.407295625942685,6.741281045751632,4.251173705379588,11.050298516842634,7.1560282805429845,8.434481523378583,7.48476571141277,4.222622046254397,4.413776143790847,5.531479763700353,9.793378707893416,5.444072272498742,5.959575289089996,6.475673705379587,6.715385997988938,7.118353318250375,4.677380467571644,11.092124057315232,7.956497988939166,6.903645173453996,8.471149446958268,6.9570407239818985,7.556543614881851,5.251871920563097,5.066003645047762,5.472966314731019,6.4650320512820505,6.898919054801406,7.335371794871796,6.897778406234289,5.3409029663147285,7.6721104826546,4.246443690296631,6.992790221216692
GSM362975,10.52303871292107,7.98980656108597,6.272315485168427,8.54080769230769,5.9196049522373055,6.904496480643539,9.390151835093016,7.268842760180996,4.635732905982906,7.627414529914526,9.71576985922574,7.390015962795376,5.806791603821017,5.380512694821518,8.456332076420313,4.1131519607843146,7.237039969834087,9.064395173453995,4.443385495223732,4.629045625942684,5.502828808446455,6.611430618401211,4.392403594771242,5.883249245852186,5.677128959276015,4.3830522875817,7.610320010055301,9.320764705882352,6.635949723479136,5.725643790849673,6.983942810457514,9.286377450980387,5.673596279537453,9.002241452991452,7.846178858722976,7.948951231774762,5.917732151835089,8.430295625942685,6.628281045751632,3.9731737053795886,7.202298516842633,6.389028280542985,9.154481523378582,7.81776571141277,4.193622046254397,3.921776143790848,7.038479763700353,9.246378707893417,5.626072272498742,5.601575289089996,6.799673705379587,6.987385997988938,7.184353318250376,4.753380467571644,6.752124057315232,7.730497988939166,7.932645173453996,8.171149446958268,7.000040723981899,8.09454361488185,6.061871920563097,5.226003645047762,6.223966314731018,5.90703205128205,7.492919054801407,8.108371794871797,7.834778406234288,4.689902966314729,7.8151104826546,4.471443690296631,7.434790221216692
GSM363373,9.93303871292107,8.597806561085969,6.309315485168427,8.035807692307689,5.923604952237306,7.575496480643539,9.284151835093017,6.901842760180996,4.679732905982906,8.118414529914528,9.51776985922574,7.446015962795376,5.791791603821016,4.843512694821518,8.240332076420314,8.038151960784315,8.409039969834087,8.593395173453995,5.236385495223732,6.617045625942684,4.998828808446455,7.238430618401211,6.3384035947712425,6.574249245852186,5.178128959276014,5.0000522875817,7.279320010055301,8.117764705882351,6.692949723479136,5.593643790849672,7.867942810457515,8.72337745098039,5.816596279537452,8.645241452991451,7.676178858722976,8.280951231774761,6.055732151835089,7.964295625942685,6.202281045751632,4.594173705379588,9.229298516842633,6.323028280542985,9.326481523378582,8.16676571141277,4.6016220462543975,4.560776143790847,5.268479763700353,10.480378707893417,5.500072272498742,6.170575289089996,7.327673705379587,7.517385997988938,6.893353318250376,4.834380467571644,8.372124057315233,8.111497988939165,7.265645173453996,8.318149446958268,5.915040723981898,7.89354361488185,5.388871920563097,5.181003645047762,5.216966314731018,6.35003205128205,7.248919054801406,7.909371794871796,7.949778406234288,4.9049029663147286,7.8821104826546,4.398443690296631,6.869790221216691
GSM362981,10.14203871292107,7.994806561085969,7.242315485168427,8.935807692307689,6.101604952237306,7.065496480643539,10.097151835093015,6.790842760180996,6.577732905982907,7.750414529914527,8.882769859225741,7.753015962795375,6.788791603821016,6.267512694821518,8.432332076420314,4.422151960784315,6.705039969834087,10.144395173453995,4.968385495223731,6.323045625942685,7.785828808446455,6.39543061840121,4.391403594771242,5.846249245852186,6.025128959276015,3.923052287581701,5.959320010055301,7.433764705882352,4.405949723479136,3.862643790849672,6.911942810457514,9.68637745098039,5.688596279537452,9.316241452991452,6.821178858722976,6.829951231774762,5.898732151835089,6.314295625942685,5.299281045751632,5.726173705379589,10.530298516842633,8.935028280542985,7.8664815233785825,7.70076571141277,4.430622046254397,4.699776143790848,6.919479763700353,9.411378707893416,6.136072272498742,5.453575289089995,6.3486737053795865,7.329385997988938,7.499353318250375,5.541380467571644,10.575124057315232,8.552497988939166,6.018645173453996,8.542149446958268,6.748040723981898,8.054543614881851,4.976871920563097,4.657003645047762,5.226966314731018,5.2710320512820505,4.282919054801407,7.815371794871796,6.844778406234288,7.639902966314728,7.3051104826546,4.763443690296631,7.579790221216691
GSM363338,10.112038712921068,8.20280656108597,7.066315485168428,8.00780769230769,6.541604952237305,7.269496480643539,9.431151835093017,7.204842760180996,3.4167329059829066,7.966414529914526,9.84676985922574,6.949015962795376,5.972791603821016,4.864512694821518,8.637332076420314,8.359151960784315,8.315039969834087,8.510395173453995,5.321385495223732,6.974045625942685,4.220828808446455,7.595430618401211,6.835403594771242,6.601249245852186,5.937128959276015,5.1420522875817,7.474320010055301,9.190764705882351,5.698949723479136,6.388643790849672,8.718942810457513,8.97637745098039,6.026596279537452,8.738241452991451,7.503178858722976,8.490951231774762,5.828732151835089,9.501295625942683,6.969281045751631,3.5241737053795883,7.603298516842632,6.4860282805429845,9.074481523378584,8.84576571141277,4.854622046254398,4.388776143790848,7.177479763700353,10.331378707893416,5.974072272498742,6.173575289089996,7.251673705379587,7.352385997988938,7.717353318250375,4.940380467571644,6.888124057315232,8.247497988939166,7.068645173453996,7.981149446958268,6.636040723981898,7.668543614881851,4.723871920563097,5.243003645047763,5.324966314731019,5.250032051282051,6.873919054801406,6.479371794871796,8.836778406234288,4.378902966314729,8.9081104826546,5.458443690296631,7.002790221216691
GSM363340,10.787038712921069,8.331806561085969,7.610315485168427,9.33180769230769,7.018604952237306,7.13949648064354,9.212151835093016,7.6458427601809955,5.710732905982907,7.788414529914526,9.807769859225742,7.578015962795376,6.794791603821016,6.066512694821518,9.073332076420314,7.406151960784315,7.917039969834088,8.685395173453996,4.748385495223731,9.091045625942684,4.901828808446455,6.76243061840121,4.401403594771242,6.832249245852186,6.015128959276015,4.9970522875817,5.617320010055301,7.466764705882351,5.242949723479136,5.896643790849672,7.902942810457515,7.542377450980389,6.408596279537452,9.897241452991452,7.629178858722976,8.098951231774763,6.182732151835089,8.317295625942684,5.291281045751632,4.904173705379589,10.007298516842631,7.558028280542985,9.68548152337858,7.852765711412769,4.034622046254397,4.699776143790848,8.785479763700351,10.458378707893417,6.527072272498742,5.523575289089996,6.460673705379587,8.214385997988938,7.108353318250376,5.406380467571644,10.05612405731523,8.410497988939166,6.150645173453996,8.209149446958268,6.882040723981898,8.09354361488185,5.027871920563097,5.335003645047762,5.722966314731019,5.000032051282051,4.594919054801406,6.280371794871796,8.015778406234288,5.817902966314729,8.018110482654599,5.27744369029663,7.2427902212166915
GSM363219,10.089038712921068,8.00580656108597,7.402315485168427,8.56280769230769,6.710604952237306,8.091496480643539,9.932151835093016,6.391842760180996,5.399732905982907,7.323414529914526,9.15276985922574,6.904015962795376,6.910791603821017,5.488512694821518,8.604332076420313,5.185151960784315,7.718039969834088,9.696395173453997,5.370385495223731,6.140045625942684,8.423828808446455,6.837430618401211,6.294403594771242,6.443249245852186,6.411128959276015,4.393052287581701,6.405320010055301,8.482764705882351,6.088949723479136,6.1186437908496725,7.244942810457514,8.52137745098039,5.812596279537453,8.633241452991452,6.992178858722976,7.762951231774762,5.907732151835089,7.195295625942685,6.109281045751632,4.381173705379588,8.086298516842632,8.732028280542984,7.280481523378582,7.48176571141277,4.693622046254397,4.732776143790847,6.173479763700353,10.356378707893414,6.284072272498742,5.411575289089996,5.767673705379587,6.842385997988938,7.924353318250375,6.057380467571644,7.889124057315232,8.419497988939167,5.744645173453996,8.146149446958267,6.299040723981898,7.311543614881851,5.607871920563097,4.507003645047762,5.113966314731019,5.80103205128205,5.942919054801406,6.558371794871796,7.346778406234288,6.733902966314728,9.2341104826546,3.951443690296631,6.807790221216692
GSM363342,9.99403871292107,8.38080656108597,6.571315485168428,7.723807692307689,6.066604952237306,7.319496480643539,10.212151835093016,6.759842760180995,4.222732905982906,7.9414145299145265,9.54676985922574,7.125015962795375,6.0107916038210165,4.409512694821518,8.633332076420315,8.617151960784314,8.629039969834087,8.590395173453995,4.807385495223731,6.393045625942684,5.154828808446455,7.611430618401211,5.7214035947712425,7.186249245852186,5.542128959276015,4.6560522875817005,7.670320010055301,9.397764705882352,6.589949723479136,7.278643790849673,8.068942810457514,9.46137745098039,5.565596279537452,8.931241452991452,7.769178858722976,8.121951231774762,5.526732151835089,7.569295625942685,6.724281045751632,4.155173705379588,10.508298516842633,6.161028280542985,9.728481523378584,7.67376571141277,4.907622046254398,3.520776143790848,4.848479763700353,10.723378707893415,5.6580722724987424,5.979575289089996,6.895673705379587,7.454385997988938,6.930353318250376,4.941380467571643,10.517124057315232,8.229497988939166,7.8756451734539965,8.196149446958268,5.879040723981898,7.80754361488185,6.811871920563097,4.879003645047762,5.536966314731019,5.9810320512820505,5.802919054801406,6.743371794871796,8.205778406234288,5.469902966314728,7.752110482654599,4.002443690296631,6.899790221216692
GSM363323,9.856038712921068,8.50080656108597,7.322315485168427,7.49080769230769,6.509604952237305,7.4904964806435395,10.175151835093017,7.095842760180996,3.9367329059829066,8.003414529914526,9.43976985922574,7.303015962795376,5.930791603821016,4.992512694821518,8.463332076420315,6.744151960784315,7.973039969834087,8.358395173453996,4.667385495223732,6.818045625942684,4.822828808446455,7.570430618401211,7.326403594771242,6.683249245852186,6.303128959276014,4.5220522875817,7.745320010055301,10.224764705882352,5.480949723479136,5.179643790849672,8.194942810457515,9.600377450980387,5.671596279537453,8.303241452991452,7.552178858722976,8.266951231774762,5.512732151835089,8.618295625942684,4.503281045751632,4.500173705379589,8.414298516842631,5.620028280542985,8.788481523378582,8.489765711412769,4.941622046254397,4.027776143790848,5.687479763700353,10.152378707893416,5.965072272498742,5.116575289089996,6.929673705379587,6.863385997988938,8.207353318250375,5.235380467571644,7.747124057315232,8.197497988939165,6.154645173453996,8.431149446958267,6.189040723981898,7.758543614881851,4.852871920563097,5.8890036450477625,5.186966314731018,5.6830320512820505,6.629919054801406,7.839371794871796,8.34377840623429,4.8969029663147285,9.5381104826546,5.064443690296631,6.514790221216692
GSM363277,10.37903871292107,8.46280656108597,7.203315485168427,8.38880769230769,6.3316049522373055,7.777496480643539,9.365151835093016,7.3318427601809955,4.592732905982906,7.536414529914526,9.432769859225742,7.389015962795375,5.699791603821017,5.814512694821518,8.285332076420314,7.747151960784315,8.391039969834088,8.984395173453995,5.639385495223731,6.249045625942684,5.322828808446455,7.408430618401211,6.5804035947712425,6.807249245852186,6.699128959276015,4.4590522875817005,7.397320010055301,9.22376470588235,5.930949723479136,5.483643790849673,7.993942810457514,8.49937745098039,6.168596279537453,9.018241452991452,7.859178858722976,8.022951231774762,5.508732151835089,6.381295625942685,5.953281045751631,5.365173705379588,7.282298516842633,6.384028280542985,8.649481523378583,8.31376571141277,5.103622046254397,4.337776143790848,5.053479763700353,10.627378707893415,5.887072272498743,5.635575289089996,8.048673705379587,7.368385997988938,7.558353318250376,4.780380467571644,6.399124057315232,8.441497988939165,7.587645173453996,8.114149446958267,6.920040723981899,8.16454361488185,5.089871920563097,6.011003645047762,4.885966314731019,5.80403205128205,4.003919054801406,8.111371794871795,8.208778406234288,6.003902966314729,8.6731104826546,4.078443690296631,7.551790221216692
GSM363090,10.253038712921068,8.722806561085969,6.994315485168428,8.73480769230769,6.687604952237305,7.542496480643539,9.989151835093017,7.676842760180995,4.510732905982906,8.037414529914527,9.44076985922574,7.764015962795375,6.240791603821017,5.941512694821518,8.758332076420315,7.789151960784315,8.373039969834087,8.246395173453996,6.514385495223731,6.574045625942684,4.922828808446455,7.839430618401211,5.693403594771242,6.461249245852186,6.527128959276014,4.7550522875817,7.305320010055301,9.561764705882352,5.554949723479136,4.890643790849673,8.437942810457514,10.26537745098039,5.999596279537452,10.268241452991452,7.631178858722976,8.622951231774763,6.312732151835089,9.144295625942684,5.463281045751632,5.553173705379589,8.361298516842634,6.271028280542985,8.576481523378582,8.54576571141277,4.838622046254398,4.210776143790848,6.212479763700353,9.552378707893416,5.081072272498743,5.386575289089996,6.395673705379587,7.539385997988938,8.299353318250375,4.789380467571644,8.058124057315233,8.500497988939166,6.413645173453996,8.279149446958268,5.9490407239818985,7.85354361488185,4.307871920563097,6.308003645047762,5.429966314731018,5.60203205128205,6.865919054801406,7.967371794871796,8.709778406234289,4.910902966314729,8.2051104826546,4.838443690296631,7.068790221216692
GSM363185,10.727038712921068,8.06080656108597,7.615315485168427,9.560807692307687,7.533604952237305,7.3974964806435395,10.416151835093016,6.876842760180995,4.742732905982907,7.4654145299145265,9.24176985922574,7.128015962795375,6.622791603821017,6.072512694821518,9.060332076420314,6.481151960784315,8.148039969834088,8.177395173453995,4.881385495223731,6.482045625942685,5.724828808446455,6.79443061840121,4.569403594771242,6.901249245852186,6.2851289592760144,4.7470522875817,6.518320010055302,7.363764705882351,7.796949723479136,7.984643790849672,8.190942810457514,9.930377450980387,6.073596279537452,9.292241452991451,7.738178858722976,7.996951231774761,5.302732151835089,8.445295625942684,7.533281045751631,4.059173705379588,9.214298516842632,7.814028280542985,9.507481523378583,8.27376571141277,4.615622046254398,6.271776143790848,8.071479763700353,9.591378707893416,6.385072272498742,6.971575289089996,6.367673705379587,7.626385997988938,7.652353318250376,5.002380467571644,9.462124057315233,8.367497988939165,5.823645173453996,8.229149446958267,7.495040723981898,7.857543614881851,7.181871920563097,5.501003645047763,5.189966314731018,6.74903205128205,6.294919054801406,5.881371794871796,7.947778406234288,4.5669029663147285,8.384110482654599,5.223443690296631,7.072790221216692
GSM363021,10.55803871292107,8.533806561085969,7.095315485168428,8.708807692307689,6.226604952237306,7.907496480643539,9.750151835093016,6.986842760180996,5.025732905982906,7.3404145299145265,9.34076985922574,7.909015962795376,6.184791603821017,5.668512694821518,8.954332076420314,4.255151960784315,6.794039969834087,9.104395173453996,5.167385495223732,5.972045625942685,5.730828808446455,8.26443061840121,7.117403594771242,6.131249245852186,7.612128959276014,3.9490522875817,8.3953200100553,8.654764705882352,4.577949723479136,5.629643790849673,7.152942810457515,6.9983774509803895,5.9605962795374525,9.395241452991453,8.280178858722977,7.953951231774762,5.976732151835089,7.432295625942685,4.637281045751632,4.8451737053795885,6.599298516842633,5.774028280542985,8.224481523378582,8.89176571141277,5.014622046254398,4.270776143790847,6.178479763700353,10.160378707893416,5.951072272498742,4.314575289089996,7.413673705379587,6.461385997988938,7.042353318250376,5.068380467571644,6.750124057315232,8.594497988939166,7.269645173453997,8.585149446958267,6.769040723981898,7.973543614881851,4.9468719205630975,5.814003645047762,5.607966314731018,5.21403205128205,5.407919054801407,5.885371794871796,8.284778406234288,5.334902966314728,8.872110482654598,4.555443690296631,7.305790221216691
GSM363302,10.10003871292107,8.23480656108597,7.133315485168427,8.60180769230769,6.665604952237306,7.020496480643539,9.901151835093016,7.144842760180995,4.789732905982906,8.597414529914527,9.505769859225742,7.632015962795376,5.556791603821017,5.737512694821518,8.470332076420314,7.251151960784315,7.991039969834087,8.677395173453995,5.827385495223731,6.543045625942685,4.893828808446455,7.813430618401211,6.464403594771242,6.743249245852186,6.362128959276014,4.688052287581701,7.361320010055302,8.882764705882352,6.057949723479136,5.871643790849673,8.341942810457514,7.873377450980389,6.136596279537453,9.291241452991452,7.554178858722977,8.506951231774764,5.977732151835089,8.627295625942685,5.379281045751632,5.389173705379588,8.260298516842631,6.629028280542985,8.826481523378582,8.34576571141277,6.078622046254398,4.519776143790848,7.264479763700353,11.057378707893417,5.865072272498742,5.162575289089996,7.993673705379587,7.792385997988938,7.347353318250375,5.099380467571644,8.577124057315231,8.554497988939167,7.624645173453996,8.134149446958268,6.559040723981898,7.75254361488185,5.552871920563097,6.055003645047762,5.100966314731019,5.42203205128205,7.823919054801406,8.110371794871796,8.214778406234288,5.8489029663147285,8.773110482654598,4.117443690296631,7.344790221216692
GSM362998,10.718038712921068,7.01580656108597,6.816315485168428,7.510807692307689,5.955604952237306,6.843496480643539,9.462151835093016,6.160842760180995,4.992732905982907,6.821414529914526,9.03976985922574,7.394015962795375,5.269791603821017,6.339512694821518,7.895332076420314,5.249151960784315,8.393039969834087,8.502395173453996,4.621385495223731,4.960045625942684,5.561828808446455,7.322430618401211,5.343403594771242,4.274249245852186,4.237128959276014,5.0550522875817006,6.119320010055302,8.22376470588235,7.033949723479136,5.226643790849672,6.789942810457514,7.787377450980389,4.972596279537452,8.508241452991452,6.557178858722976,8.385951231774762,5.595732151835089,6.783295625942685,4.941281045751632,3.697173705379588,10.157298516842634,5.471028280542985,6.330481523378582,8.81076571141277,4.313622046254397,3.798776143790848,5.626479763700353,9.904378707893414,5.844072272498742,5.682575289089995,6.235673705379587,5.827385997988938,7.139353318250375,6.140380467571644,10.640124057315234,6.199497988939166,5.313645173453996,8.423149446958268,6.5580407239818985,6.64754361488185,5.3908719205630975,4.7880036450477625,4.966966314731018,5.16603205128205,7.838919054801407,4.661371794871796,7.206778406234288,4.870902966314729,8.008110482654601,3.965443690296631,6.433790221216691
GSM362989,10.490038712921068,8.17580656108597,7.250315485168427,8.07280769230769,6.349604952237305,7.766496480643539,8.776151835093016,7.169842760180996,4.958732905982907,7.432414529914526,9.17476985922574,7.414015962795376,5.758791603821017,5.360512694821518,8.648332076420314,6.123151960784315,8.400039969834088,8.077395173453995,4.725385495223732,6.3060456259426845,4.575828808446455,7.90643061840121,6.602403594771242,6.4542492458521865,5.996128959276015,5.1860522875817,7.754320010055301,9.256764705882352,6.088949723479136,6.023643790849673,6.5589428104575145,9.63837745098039,5.950596279537453,9.406241452991452,7.239178858722976,8.497951231774763,5.960732151835089,7.958295625942685,5.949281045751632,4.098173705379589,8.821298516842631,6.245028280542985,8.899481523378583,8.28176571141277,4.2026220462543975,4.598776143790848,5.931479763700353,9.028378707893417,5.626072272498742,5.111575289089996,6.204673705379586,7.231385997988938,7.876353318250375,4.707380467571643,8.631124057315233,8.231497988939166,7.389645173453997,8.436149446958268,7.200040723981898,7.982543614881851,5.471871920563097,5.526003645047762,5.0179663147310185,6.04303205128205,8.061919054801407,7.081371794871796,8.50977840623429,4.743902966314728,9.1701104826546,3.964443690296631,7.056790221216692
GSM362995,10.562038712921067,7.9208065610859695,7.259315485168427,8.92180769230769,6.417604952237306,6.965496480643539,9.311151835093016,7.459842760180996,5.119732905982906,7.772414529914526,9.374769859225742,7.407015962795375,6.628791603821017,5.783512694821518,8.460332076420315,5.594151960784315,8.432039969834088,10.028395173453996,4.549385495223731,6.679045625942685,7.198828808446455,7.455430618401211,5.520403594771242,6.012249245852186,6.269128959276014,4.587052287581701,5.980320010055301,8.013764705882352,5.363949723479136,4.536643790849673,7.249942810457514,9.680377450980387,6.070596279537453,9.748241452991453,7.279178858722976,8.216951231774761,5.783732151835089,7.036295625942684,5.873281045751632,4.898173705379588,8.752298516842632,8.698028280542985,9.28148152337858,8.018765711412769,4.759622046254397,4.720776143790848,8.048479763700353,9.572378707893415,6.797072272498742,4.967575289089996,6.467673705379587,7.420385997988938,7.390353318250376,4.654380467571643,8.649124057315234,8.047497988939165,6.949645173453996,8.015149446958267,7.325040723981898,8.02454361488185,4.5158719205630975,5.187003645047763,5.559966314731018,6.20603205128205,6.480919054801406,8.171371794871796,8.22477840623429,7.234902966314729,8.133110482654601,4.181443690296631,7.040790221216692
GSM362996,10.73803871292107,7.71680656108597,7.741315485168427,9.01780769230769,7.094604952237305,6.992496480643539,8.895151835093015,8.334842760180996,4.4417329059829065,7.169414529914526,9.57776985922574,7.678015962795376,5.529791603821017,5.330512694821518,9.004332076420313,4.923151960784315,8.316039969834087,8.582395173453996,5.853385495223732,6.764045625942685,4.691828808446455,8.056430618401212,5.637403594771242,6.362249245852186,5.762128959276015,4.2510522875817,7.776320010055302,8.168764705882351,6.033949723479136,6.125643790849672,8.032942810457513,10.00937745098039,6.293596279537453,9.965241452991451,7.372178858722976,8.606951231774762,5.809732151835089,7.614295625942685,5.909281045751632,4.740173705379588,8.958298516842632,6.776028280542985,9.843481523378582,8.149765711412769,3.9686220462543975,4.684776143790848,7.639479763700353,10.558378707893414,5.350072272498742,5.304575289089996,6.125673705379587,7.567385997988938,7.368353318250375,4.324380467571643,9.230124057315232,7.958497988939166,6.754645173453996,8.014149446958267,7.094040723981898,8.137543614881851,7.129871920563097,5.3410036450477625,5.681966314731018,5.65203205128205,8.677919054801407,7.603371794871796,8.56477840623429,5.516902966314729,8.465110482654598,4.948443690296631,7.215790221216691
GSM712539,11.423038712921068,9.85880656108597,8.588315485168428,9.054807692307689,7.352604952237305,8.428496480643538,8.322151835093015,7.853842760180996,6.626732905982906,3.4614145299145265,8.660769859225741,7.798015962795375,7.382791603821016,6.7565126948215175,10.112332076420314,7.733151960784315,8.329039969834087,10.621395173453996,7.797385495223732,8.979045625942685,3.650828808446455,6.580430618401211,8.052403594771242,7.424249245852186,3.9821289592760154,3.2090522875817005,4.258320010055301,3.959764705882352,3.251949723479136,3.2666437908496726,8.000942810457515,7.164377450980389,6.605596279537452,10.769241452991452,4.980178858722976,7.597951231774762,7.879732151835089,6.413295625942685,3.353281045751632,3.811173705379588,9.335298516842634,9.060028280542983,5.556481523378582,9.64776571141277,4.738622046254397,8.059776143790847,2.901479763700353,8.889378707893416,6.062072272498742,4.339575289089996,5.722673705379587,8.695385997988938,7.941353318250376,9.947380467571644,9.505124057315232,8.914497988939166,3.0166451734539965,9.579149446958269,3.9340407239818975,8.65554361488185,4.3828719205630975,5.536003645047762,5.941966314731019,3.42403205128205,3.2889190548014064,4.539371794871796,5.625778406234288,4.070902966314728,7.771110482654599,5.447443690296631,8.06279022121669
GSM363212,11.059038712921067,8.72180656108597,7.920315485168428,8.647807692307689,7.7306049522373055,8.050496480643538,10.111151835093017,7.801842760180995,6.570732905982906,7.596414529914527,9.27676985922574,8.107015962795376,6.878791603821017,6.553512694821518,10.196332076420314,5.636151960784315,7.743039969834087,9.499395173453996,6.798385495223731,6.459045625942684,5.781828808446455,6.579430618401211,4.740403594771243,6.967249245852186,5.825128959276015,3.9820522875817,6.520320010055301,5.850764705882352,5.730949723479136,5.640643790849673,7.719942810457514,9.12737745098039,6.523596279537452,8.513241452991451,7.090178858722976,7.647951231774762,6.441732151835089,8.164295625942685,4.794281045751632,6.0421737053795885,11.154298516842632,9.712028280542985,8.934481523378583,8.098765711412769,5.084622046254397,6.479776143790848,8.356479763700353,9.560378707893417,8.782072272498741,5.233575289089996,6.196673705379586,8.653385997988938,7.080353318250376,5.608380467571644,10.892124057315232,8.452497988939166,5.8756451734539965,8.293149446958267,6.535040723981898,8.44654361488185,4.543871920563097,5.214003645047762,5.1429663147310185,5.609032051282051,3.400919054801406,6.309371794871796,7.057778406234288,5.506902966314729,8.4991104826546,5.208443690296631,6.735790221216692
GSM362999,11.543038712921067,7.45580656108597,7.2283154851684275,7.6608076923076895,6.602604952237305,6.996496480643539,8.942151835093016,7.506842760180995,3.8037329059829066,7.474414529914526,8.526769859225741,6.770015962795376,6.213791603821017,5.309512694821518,7.785332076420314,4.5411519607843145,6.001039969834087,8.832395173453996,4.987385495223731,6.240045625942685,5.500828808446455,8.22043061840121,5.602403594771242,4.238249245852186,5.563128959276015,4.417052287581701,7.741320010055301,4.216764705882351,6.420949723479136,4.441643790849672,6.479942810457515,5.987377450980389,5.610596279537452,9.791241452991452,7.088178858722976,8.352951231774764,4.855732151835089,6.931295625942685,7.029281045751632,3.597173705379588,6.994298516842632,5.9380282805429845,8.355481523378582,8.75376571141277,3.9796220462543976,4.921776143790847,3.896479763700353,9.390378707893417,5.602072272498742,4.528575289089996,6.650673705379587,6.834385997988938,5.356353318250376,6.590380467571643,7.635124057315232,6.462497988939166,4.606645173453996,8.311149446958268,5.865040723981898,6.612543614881851,5.410871920563097,4.399003645047762,4.274966314731018,5.55703205128205,6.645919054801406,5.464371794871796,7.545778406234288,3.889902966314728,8.782110482654598,4.012443690296631,6.333790221216692
GSM363131,10.123038712921067,8.52280656108597,6.488315485168427,7.739807692307689,7.062604952237305,7.204496480643539,8.860151835093015,7.851842760180996,4.085732905982907,7.948414529914526,8.861769859225742,7.916015962795376,5.8457916038210165,5.055512694821518,8.771332076420315,6.745151960784315,8.307039969834088,7.987395173453995,5.571385495223732,6.2690456259426846,4.003828808446455,8.10743061840121,6.710403594771242,6.949249245852186,5.810128959276015,4.582052287581701,8.3053200100553,7.226764705882351,7.965949723479135,7.214643790849672,7.484942810457515,9.73937745098039,6.407596279537453,9.314241452991451,8.419178858722976,8.817951231774764,5.779732151835089,8.902295625942685,7.681281045751632,4.707173705379589,8.660298516842634,6.434028280542985,9.609481523378584,8.85876571141277,4.566622046254397,4.630776143790848,7.170479763700353,9.058378707893414,5.279072272498742,5.246575289089996,7.809673705379587,7.483385997988938,7.134353318250375,4.706380467571644,8.822124057315232,8.596497988939166,8.070645173453997,8.404149446958268,6.477040723981898,8.19954361488185,6.005871920563097,6.0990036450477625,5.423966314731018,6.97003205128205,8.040919054801407,7.806371794871796,8.472778406234287,4.751902966314728,9.2141104826546,4.190443690296631,7.338790221216692
GSM363040,10.130038712921069,7.23080656108597,6.171315485168427,7.417807692307689,7.030604952237305,6.829496480643539,10.269151835093016,6.047842760180996,4.826732905982906,6.347414529914526,8.495769859225742,6.537015962795376,6.069791603821017,5.286512694821518,8.206332076420313,4.147151960784315,5.263039969834088,6.228395173453995,5.840385495223732,5.680045625942684,3.946828808446455,6.728430618401211,5.790403594771242,6.233249245852186,6.069128959276014,3.9330522875817,8.954320010055302,6.087764705882352,5.223949723479135,6.1106437908496725,7.180942810457514,9.472377450980389,5.472596279537452,8.920241452991451,7.439178858722976,7.322951231774762,5.169732151835089,7.480295625942685,4.282281045751632,4.711173705379588,6.623298516842633,3.689028280542985,7.039481523378583,7.323765711412769,4.232622046254398,3.784776143790848,5.195479763700353,9.775378707893417,5.458072272498742,3.989575289089996,6.711673705379587,5.853385997988938,6.433353318250376,4.398380467571644,6.793124057315232,7.420497988939166,4.783645173453996,8.598149446958267,5.473040723981899,7.256543614881851,4.3428719205630975,5.138003645047762,4.693966314731019,5.500032051282051,6.171919054801406,6.191371794871796,7.001778406234288,4.169902966314728,7.795110482654599,4.159443690296631,6.644790221216692
GSM363137,10.69003871292107,8.07680656108597,7.500315485168427,9.00080769230769,7.416604952237305,7.571496480643539,9.054151835093016,7.407842760180996,5.027732905982907,7.865414529914526,10.047769859225742,7.709015962795376,6.867791603821017,6.076512694821518,8.879332076420313,5.452151960784315,6.965039969834088,8.343395173453995,5.758385495223731,8.507045625942684,4.294828808446455,6.405430618401211,5.017403594771242,6.436249245852186,7.173128959276014,4.4480522875817,6.426320010055301,7.299764705882351,8.187949723479136,7.664643790849673,8.020942810457516,10.42037745098039,6.236596279537452,10.122241452991451,7.520178858722976,8.292951231774762,5.629732151835089,8.432295625942684,7.438281045751632,6.013173705379589,9.324298516842632,9.216028280542984,9.579481523378584,7.32776571141277,4.6336220462543976,4.858776143790847,7.394479763700353,9.807378707893417,7.060072272498742,5.654575289089996,6.427673705379587,7.9743859979889375,7.533353318250375,5.736380467571644,9.522124057315231,8.198497988939167,6.190645173453996,8.038149446958268,7.192040723981898,8.14154361488185,8.176871920563098,5.689003645047762,5.222966314731019,7.00203205128205,4.561919054801407,8.257371794871796,7.688778406234288,4.932902966314728,8.642110482654598,3.814443690296631,6.930790221216691
GSM362991,10.60303871292107,7.3678065610859695,7.593315485168427,9.02780769230769,7.376604952237305,6.91349648064354,9.231151835093016,7.306842760180996,5.379732905982906,7.990414529914526,9.58076985922574,7.557015962795376,6.681791603821017,6.414512694821518,8.743332076420314,5.169151960784315,8.153039969834088,9.875395173453995,5.625385495223731,6.646045625942684,8.360828808446454,7.572430618401211,4.607403594771243,6.2652492458521865,5.956128959276015,4.8430522875817,6.3903200100553015,6.589764705882351,6.962949723479136,5.776643790849672,7.770942810457514,9.58637745098039,6.725596279537452,9.179241452991452,7.617178858722976,7.884951231774762,5.421732151835089,5.987295625942685,6.080281045751632,5.476173705379589,10.128298516842634,9.801028280542983,10.478481523378584,7.10176571141277,4.755622046254397,5.776776143790848,9.082479763700352,9.681378707893415,6.819072272498742,5.016575289089996,5.882673705379587,7.950385997988938,7.021353318250376,5.799380467571644,10.44312405731523,8.095497988939165,7.289645173453996,7.730149446958268,8.090040723981899,8.09854361488185,6.516871920563097,5.125003645047762,5.073966314731019,6.6380320512820505,4.949919054801407,7.782371794871796,8.156778406234288,6.724902966314729,8.2021104826546,4.155443690296631,6.168790221216692
GSM362997,10.455038712921068,7.05480656108597,6.925315485168428,8.31680769230769,6.817604952237305,7.059496480643539,9.218151835093016,7.426842760180995,4.825732905982907,6.892414529914526,9.84776985922574,7.622015962795376,5.602791603821016,5.431512694821518,8.518332076420315,4.534151960784315,8.477039969834088,8.488395173453995,4.724385495223731,6.677045625942684,4.692828808446455,7.732430618401211,7.489403594771242,5.838249245852186,6.277128959276014,4.9520522875817,7.603320010055302,6.859764705882351,5.831949723479136,5.776643790849672,8.302942810457516,8.32737745098039,5.853596279537452,9.164241452991453,7.085178858722976,8.435951231774762,5.800732151835089,8.260295625942685,6.220281045751632,3.795173705379588,8.546298516842633,5.788028280542985,8.293481523378581,8.33776571141277,4.793622046254398,4.871776143790847,7.052479763700353,9.378378707893416,5.220072272498742,4.741575289089996,6.146673705379587,6.723385997988938,7.399353318250376,5.697380467571644,8.793124057315232,7.402497988939165,6.490645173453997,7.9691494469582675,6.346040723981898,7.774543614881851,5.394871920563097,5.339003645047762,5.2599663147310185,5.84203205128205,7.443919054801406,5.444371794871796,8.91377840623429,4.995902966314729,8.628110482654598,3.818443690296631,7.208790221216692
GSM363345,10.236038712921069,8.10680656108597,6.450315485168427,8.23880769230769,7.007604952237306,7.200496480643539,9.128151835093016,7.391842760180996,4.829732905982906,6.909414529914526,9.57576985922574,7.474015962795375,6.037791603821017,5.300512694821518,8.988332076420313,8.476151960784314,8.897039969834088,8.325395173453995,5.259385495223731,7.076045625942684,4.730828808446455,7.649430618401211,7.175403594771242,6.441249245852186,6.598128959276015,4.9920522875817,8.176320010055301,7.731764705882352,6.034949723479136,5.353643790849673,8.499942810457515,8.027377450980389,5.573596279537452,9.205241452991451,7.362178858722976,8.411951231774761,5.785732151835089,8.726295625942685,5.604281045751632,3.541173705379588,9.248298516842633,5.2890282805429845,8.167481523378584,8.63676571141277,4.675622046254397,4.699776143790848,6.816479763700353,9.467378707893417,5.679072272498742,5.652575289089996,6.535673705379587,7.511385997988938,7.110353318250375,5.026380467571643,9.200124057315232,8.115497988939167,7.145645173453996,8.153149446958269,5.952040723981899,7.90854361488185,5.408871920563097,5.489003645047762,5.4859663147310185,6.0500320512820505,6.732919054801406,5.569371794871796,9.207778406234286,5.168902966314729,8.605110482654599,4.16844369029663,7.546790221216692
GSM363347,10.591038712921067,8.22580656108597,7.4783154851684275,8.91280769230769,7.251604952237305,7.435496480643539,9.239151835093017,7.624842760180996,5.601732905982907,8.256414529914526,9.242769859225742,7.746015962795376,6.979791603821017,6.695512694821518,9.125332076420314,7.578151960784315,8.591039969834087,9.792395173453995,5.987385495223731,7.163045625942685,8.028828808446455,7.448430618401211,5.000403594771242,6.570249245852186,6.322128959276014,5.473052287581701,7.029320010055301,6.521764705882352,7.561949723479135,5.7756437908496725,7.725942810457514,8.90437745098039,6.817596279537453,9.133241452991452,8.193178858722977,8.034951231774762,5.936732151835089,6.293295625942685,6.208281045751632,5.500173705379589,10.542298516842632,9.675028280542984,9.756481523378582,7.45776571141277,4.809622046254398,5.742776143790848,8.842479763700354,9.834378707893416,6.918072272498742,5.089575289089996,6.0506737053795865,8.386385997988938,7.144353318250376,5.112380467571644,10.772124057315231,8.563497988939165,7.906645173453996,8.189149446958268,7.660040723981898,7.843543614881851,6.354871920563097,5.561003645047762,5.460966314731018,6.10303205128205,4.340919054801407,7.729371794871796,8.333778406234288,6.674902966314728,8.1461104826546,4.083443690296631,6.601790221216692
GSM363349,10.521038712921069,8.488806561085969,6.648315485168427,8.82180769230769,6.867604952237306,7.206496480643539,9.156151835093016,7.742842760180996,4.658732905982906,8.115414529914528,9.67376985922574,7.403015962795376,6.172791603821016,5.727512694821518,8.991332076420314,8.246151960784315,8.755039969834087,8.693395173453995,6.238385495223731,7.041045625942685,5.278828808446455,7.0924306184012105,6.542403594771242,6.870249245852186,5.907128959276014,5.2050522875817,7.922320010055301,9.731764705882352,6.922949723479136,5.813643790849673,7.367942810457515,9.347377450980389,6.510596279537452,9.482241452991452,7.567178858722976,8.517951231774763,5.380732151835089,6.964295625942685,6.066281045751632,4.580173705379589,9.702298516842632,6.742028280542985,9.478481523378584,8.10776571141277,4.7346220462543975,4.641776143790848,7.393479763700353,9.797378707893415,5.967072272498742,6.420575289089996,6.273673705379587,7.951385997988938,7.775353318250375,4.767380467571644,9.797124057315234,8.308497988939166,7.945645173453996,8.113149446958268,6.845040723981898,7.92754361488185,5.997871920563097,5.291003645047762,5.959966314731019,5.69803205128205,7.369919054801406,8.076371794871797,8.516778406234288,5.577902966314729,8.5301104826546,4.264443690296631,7.068790221216692
GSM363374,10.44603871292107,8.28080656108597,7.024315485168427,8.634807692307689,7.051604952237305,7.237496480643539,10.058151835093016,7.311842760180996,3.8117329059829066,8.112414529914528,9.58476985922574,7.675015962795376,5.906791603821016,5.684512694821518,8.906332076420314,8.211151960784315,8.295039969834088,8.896395173453996,5.918385495223731,7.190045625942685,4.538828808446454,7.415430618401211,5.530403594771242,6.451249245852186,6.039128959276015,5.9680522875817,7.151320010055302,9.638764705882352,5.596949723479136,6.593643790849672,8.495942810457514,10.52237745098039,6.067596279537453,8.911241452991451,8.450178858722976,8.568951231774761,5.597732151835089,8.856295625942685,6.613281045751632,4.7361737053795885,8.767298516842633,7.165028280542985,10.271481523378585,8.17676571141277,5.334622046254397,4.855776143790847,6.975479763700353,10.379378707893416,6.365072272498742,6.420575289089996,6.874673705379587,7.440385997988938,7.888353318250376,4.992380467571643,8.305124057315233,8.277497988939166,7.490645173453997,7.970149446958267,7.544040723981898,7.939543614881851,6.876871920563097,5.071003645047762,5.324966314731019,5.795032051282051,7.401919054801406,7.618371794871796,8.22477840623429,5.140902966314728,8.7221104826546,5.025443690296631,7.050790221216691
GSM363351,10.105038712921068,8.33580656108597,7.427315485168427,8.493807692307689,6.409604952237306,7.523496480643539,10.097151835093015,7.075842760180995,5.453732905982906,8.455414529914528,9.69976985922574,7.598015962795376,6.846791603821017,5.880512694821518,8.590332076420314,7.869151960784315,8.089039969834088,8.096395173453995,5.723385495223732,8.140045625942683,5.263828808446455,7.010430618401211,5.196403594771242,6.370249245852186,6.567128959276015,5.0830522875817,6.433320010055302,10.023764705882352,7.774949723479136,6.871643790849673,8.472942810457514,10.27737745098039,5.791596279537452,9.124241452991452,7.754178858722976,8.118951231774762,6.182732151835089,7.092295625942684,6.307281045751632,4.666173705379588,8.519298516842632,8.320028280542985,8.50248152337858,7.21876571141277,3.9876220462543976,4.528776143790847,5.330479763700353,11.012378707893417,6.910072272498742,4.970575289089996,5.855673705379587,7.634385997988938,8.223353318250375,4.790380467571644,7.862124057315232,8.105497988939167,8.244645173453996,8.219149446958268,6.3400407239818986,7.545543614881851,7.105871920563097,4.593003645047762,5.531966314731019,5.75703205128205,6.228919054801406,7.561371794871796,8.088778406234287,5.093902966314729,9.1261104826546,4.048443690296631,7.006790221216692
GSM363177,10.631038712921068,7.85380656108597,7.100315485168427,9.00780769230769,6.585604952237306,7.6234964806435395,10.292151835093016,7.161842760180996,5.454732905982906,7.854414529914527,9.601769859225742,6.776015962795376,6.209791603821016,5.836512694821518,8.862332076420314,6.804151960784315,8.511039969834087,8.835395173453996,6.519385495223731,7.587045625942684,4.985828808446454,7.210430618401211,5.795403594771242,6.652249245852186,6.437128959276015,4.9420522875817,6.951320010055301,8.234764705882352,5.043949723479136,6.0416437908496725,7.860942810457514,9.405377450980389,6.172596279537452,9.346241452991451,8.269178858722976,8.227951231774764,5.844732151835089,9.146295625942685,6.102281045751631,4.209173705379588,10.956298516842631,7.545028280542985,9.423481523378584,7.94776571141277,4.499622046254397,4.675776143790848,8.655479763700352,10.716378707893416,6.455072272498742,5.702575289089996,7.140673705379587,7.640385997988938,7.594353318250375,5.296380467571644,10.726124057315232,8.344497988939166,7.130645173453996,8.232149446958267,7.261040723981898,7.920543614881851,5.730871920563097,4.992003645047762,4.559966314731018,5.60403205128205,3.9149190548014063,7.238371794871796,8.400778406234288,5.809902966314729,8.4721104826546,3.5894436902966307,6.902790221216692
GSM363068,10.563038712921069,8.21080656108597,7.286315485168427,8.52380769230769,6.854604952237305,7.379496480643539,10.941151835093017,7.765842760180996,4.952732905982907,7.791414529914526,9.582769859225742,7.923015962795375,7.107791603821017,6.156512694821518,8.682332076420314,7.245151960784315,8.452039969834088,9.006395173453996,7.130385495223732,6.857045625942685,4.881828808446455,7.894430618401211,7.337403594771242,6.217249245852186,6.957128959276015,5.0750522875817,8.361320010055302,8.73376470588235,6.042949723479135,7.0816437908496725,8.705942810457515,10.421377450980389,6.025596279537452,8.847241452991451,8.206178858722977,8.243951231774762,5.430732151835089,9.084295625942683,7.177281045751632,4.497173705379589,8.509298516842634,6.935028280542985,10.140481523378584,7.7707657114127695,5.393622046254397,4.583776143790847,7.798479763700353,10.228378707893414,6.298072272498742,6.500575289089996,6.5266737053795865,7.897385997988938,7.547353318250376,6.493380467571644,8.491124057315233,8.308497988939166,7.697645173453997,8.184149446958267,7.184040723981898,7.97854361488185,6.123871920563097,6.025003645047762,6.026966314731019,6.76703205128205,4.058919054801407,8.173371794871796,8.569778406234288,5.807902966314728,8.6291104826546,3.704443690296631,7.215790221216691
GSM363240,10.630038712921069,8.13480656108597,7.697315485168427,9.019807692307689,7.0526049522373055,7.512496480643539,9.794151835093016,7.930842760180996,4.839732905982906,8.881414529914526,9.762769859225742,7.826015962795376,6.165791603821017,5.602512694821518,8.846332076420314,6.326151960784315,8.177039969834087,8.984395173453995,6.954385495223732,8.131045625942683,5.553828808446455,8.01143061840121,6.141403594771242,6.495249245852186,6.119128959276015,4.8300522875817,7.159320010055302,9.856764705882352,5.241949723479136,6.276643790849672,8.492942810457514,9.799377450980389,6.096596279537453,9.772241452991452,7.975178858722976,8.729951231774763,5.655732151835089,7.310295625942684,5.402281045751632,5.772173705379588,7.042298516842632,6.976028280542985,8.914481523378583,8.03276571141277,4.922622046254397,4.678776143790848,5.613479763700353,11.337378707893414,5.555072272498742,6.604575289089996,6.463673705379587,7.413385997988938,7.484353318250376,5.293380467571644,6.740124057315232,8.228497988939166,7.156645173453996,8.531149446958267,6.742040723981899,8.070543614881851,5.621871920563097,5.160003645047762,5.3079663147310185,5.9810320512820505,8.293919054801407,8.493371794871797,8.458778406234288,6.312902966314728,8.787110482654601,3.984443690296631,7.4317902212166915
GSM363325,10.320038712921068,8.74180656108597,6.792315485168428,7.143807692307689,6.619604952237306,8.192496480643538,9.139151835093015,7.016842760180996,4.661732905982906,7.127414529914526,9.037769859225742,7.676015962795375,6.332791603821017,5.252512694821518,8.508332076420315,6.875151960784315,8.414039969834088,7.876395173453996,5.341385495223731,6.114045625942684,4.399828808446455,7.920430618401211,7.121403594771242,6.489249245852186,6.848128959276015,4.651052287581701,7.699320010055302,9.287764705882353,7.270949723479136,6.365643790849672,6.820942810457514,9.27637745098039,5.810596279537452,8.768241452991452,7.469178858722977,8.190951231774761,5.500732151835089,8.359295625942686,5.759281045751632,3.834173705379588,8.051298516842632,5.866028280542984,8.128481523378582,8.377765711412769,5.074622046254397,3.987776143790848,5.237479763700353,9.771378707893415,4.832072272498742,6.075575289089996,7.298673705379587,6.616385997988938,7.872353318250376,5.508380467571644,8.029124057315233,8.211497988939167,7.560645173453996,8.437149446958268,6.720040723981898,7.843543614881851,5.736871920563098,6.348003645047762,4.854966314731018,5.69803205128205,5.107919054801406,7.035371794871796,8.514778406234289,4.912902966314729,9.142110482654598,4.189443690296631,6.717790221216692
GSM363139,10.418038712921067,8.15280656108597,7.467315485168427,8.53680769230769,7.357604952237305,7.18749648064354,9.709151835093015,7.711842760180995,5.064732905982907,7.753414529914527,9.64576985922574,7.121015962795376,6.152791603821017,5.695512694821518,8.993332076420314,6.794151960784315,8.832039969834087,8.926395173453995,6.250385495223731,6.791045625942685,4.702828808446455,7.735430618401211,6.147403594771242,6.4382492458521865,6.179128959276015,5.252052287581701,7.282320010055301,8.080764705882352,7.338949723479136,5.6506437908496725,8.386942810457516,9.84937745098039,6.299596279537452,9.651241452991451,7.719178858722977,8.168951231774763,5.391732151835089,9.432295625942684,5.084281045751632,4.812173705379588,8.952298516842632,7.379028280542985,9.933481523378582,8.332765711412769,4.6866220462543975,4.597776143790847,8.150479763700353,9.870378707893416,6.639072272498742,5.360575289089995,6.282673705379587,7.684385997988938,7.179353318250375,5.545380467571643,8.855124057315233,8.425497988939165,7.748645173453997,7.736149446958268,7.598040723981899,8.10654361488185,6.409871920563097,6.071003645047762,5.487966314731018,6.43703205128205,7.512919054801406,7.011371794871796,8.50377840623429,5.592902966314728,8.515110482654599,3.675443690296631,7.144790221216692
GSM363305,10.482038712921067,8.43280656108597,7.3853154851684275,7.84780769230769,6.834604952237306,7.590496480643539,9.940151835093015,7.400842760180995,4.602732905982906,7.483414529914526,9.444769859225742,7.756015962795375,6.2127916038210165,5.535512694821518,8.650332076420314,7.023151960784315,8.438039969834087,9.188395173453996,5.509385495223731,6.523045625942684,4.163828808446454,7.948430618401211,7.209403594771242,6.419249245852186,6.107128959276015,5.0730522875817,6.875320010055301,9.513764705882352,5.740949723479136,5.311643790849672,8.373942810457514,9.64937745098039,6.238596279537452,9.365241452991452,8.493178858722976,8.192951231774764,5.423732151835089,7.586295625942685,5.820281045751631,4.501173705379588,8.549298516842633,7.101028280542985,9.56048152337858,8.15776571141277,5.999622046254397,4.739776143790848,6.3844797637003525,10.293378707893416,6.092072272498742,5.403575289089996,7.828673705379587,7.358385997988938,8.198353318250376,4.593380467571643,8.378124057315233,8.444497988939165,7.912645173453996,8.194149446958267,7.158040723981898,7.777543614881851,5.7658719205630975,5.441003645047762,5.151966314731019,5.67103205128205,5.518919054801406,6.723371794871796,8.129778406234287,5.450902966314729,8.9731104826546,3.680443690296631,6.445790221216692
GSM363095,10.372038712921068,8.34980656108597,7.554315485168427,8.76680769230769,6.467604952237306,7.4824964806435394,9.956151835093015,7.3718427601809955,4.560732905982906,7.881414529914526,8.900769859225742,7.561015962795376,6.900791603821016,6.110512694821518,8.774332076420315,5.941151960784315,7.538039969834087,9.796395173453996,5.582385495223732,6.883045625942684,6.413828808446454,6.136430618401211,4.895403594771242,6.424249245852186,6.699128959276015,5.7220522875817,6.705320010055301,7.836764705882351,7.549949723479136,4.519643790849672,7.950942810457515,9.943377450980387,5.714596279537452,8.702241452991451,7.968178858722976,7.427951231774762,5.943732151835089,6.598295625942685,4.835281045751632,5.082173705379589,7.976298516842633,7.713028280542985,9.762481523378582,7.9727657114127695,4.487622046254398,4.972776143790847,8.264479763700354,10.559378707893416,6.136072272498742,6.490575289089996,6.398673705379587,7.608385997988938,7.314353318250376,5.160380467571644,7.844124057315232,8.197497988939165,7.9366451734539964,8.182149446958269,7.467040723981898,7.777543614881851,5.291871920563097,5.989003645047762,5.358966314731019,6.27803205128205,3.670919054801406,8.077371794871796,7.586778406234288,5.821902966314728,8.6061104826546,4.837443690296631,6.973790221216691
GSM363375,10.812038712921067,8.69880656108597,7.527315485168427,8.73680769230769,7.285604952237305,7.734496480643539,10.089151835093016,7.747842760180996,4.802732905982906,7.983414529914526,9.68476985922574,7.730015962795376,5.894791603821017,6.160512694821518,9.429332076420314,6.521151960784315,8.079039969834087,9.287395173453996,6.971385495223731,7.605045625942685,6.350828808446455,7.720430618401211,5.685403594771242,6.501249245852186,5.906128959276015,5.606052287581701,6.428320010055301,9.041764705882352,5.895949723479136,4.136643790849672,8.683942810457513,8.668377450980389,6.269596279537453,9.388241452991451,7.611178858722976,8.61795123177476,6.211732151835089,8.244295625942685,5.075281045751632,4.202173705379589,8.377298516842632,7.779028280542985,8.836481523378584,8.35876571141277,4.8596220462543975,5.129776143790847,6.990479763700353,11.180378707893414,6.160072272498742,5.922575289089996,6.273673705379587,8.060385997988938,7.985353318250375,4.672380467571644,8.641124057315231,8.104497988939166,7.832645173453996,8.191149446958267,6.181040723981898,7.785543614881851,6.179871920563097,5.453003645047763,5.522966314731018,5.99503205128205,6.553919054801407,7.726371794871796,8.810778406234288,6.236902966314728,8.7491104826546,4.315443690296631,7.130790221216691
GSM363163,10.26703871292107,8.315806561085969,7.002315485168428,8.637807692307689,6.451604952237306,7.4694964806435395,10.241151835093016,7.013842760180996,4.712732905982906,7.711414529914526,8.601769859225742,7.243015962795376,6.355791603821016,5.480512694821518,8.784332076420315,4.883151960784315,8.778039969834088,8.788395173453996,5.742385495223731,6.347045625942685,5.562828808446454,7.485430618401211,4.9314035947712425,6.659249245852186,5.596128959276014,4.7940522875817,6.763320010055302,7.415764705882351,6.714949723479136,7.638643790849672,7.587942810457514,9.75237745098039,6.030596279537453,9.187241452991453,8.030178858722977,7.882951231774762,5.817732151835089,8.961295625942684,7.177281045751632,4.386173705379588,8.112298516842632,7.096028280542985,9.07248152337858,8.01976571141277,4.749622046254397,4.874776143790848,6.960479763700353,10.125378707893416,6.177072272498742,7.945575289089995,7.479673705379587,7.244385997988938,7.468353318250376,4.965380467571643,7.465124057315232,8.604497988939166,7.553645173453996,8.437149446958268,7.417040723981898,7.93054361488185,5.544871920563097,5.526003645047762,5.2999663147310185,6.54103205128205,6.965919054801407,7.634371794871796,8.360778406234289,5.666902966314728,7.4991104826546,5.30944369029663,6.830790221216692
GSM363060,10.27003871292107,8.41880656108597,6.811315485168428,8.67880769230769,6.852604952237305,7.759496480643539,10.307151835093016,7.840842760180996,4.320732905982906,7.8034145299145266,9.006769859225741,8.016015962795375,5.271791603821017,6.106512694821518,8.409332076420315,7.934151960784315,8.744039969834088,7.922395173453995,5.589385495223731,5.698045625942685,3.690828808446455,8.09543061840121,5.464403594771242,6.303249245852186,6.037128959276014,4.8960522875817,8.820320010055301,8.97076470588235,6.707949723479135,7.366643790849673,9.151942810457513,9.90337745098039,6.094596279537453,10.659241452991452,8.177178858722977,8.872951231774763,5.504732151835089,6.330295625942685,7.919281045751632,3.988173705379588,8.983298516842634,4.941028280542985,9.51148152337858,8.24176571141277,4.840622046254397,3.3987761437908475,5.827479763700353,10.562378707893416,5.761072272498742,4.764575289089996,7.346673705379587,7.492385997988938,7.754353318250375,4.762380467571644,8.983124057315234,8.202497988939166,5.418645173453997,8.030149446958267,6.621040723981898,7.89254361488185,5.731871920563097,5.896003645047762,5.8769663147310185,5.84103205128205,5.852919054801406,7.728371794871796,8.03877840623429,5.107902966314729,8.215110482654598,4.155443690296631,7.272790221216692
GSM363004,10.405038712921067,8.32880656108597,7.002315485168428,8.544807692307689,6.891604952237306,7.101496480643539,10.425151835093017,7.747842760180996,4.9657329059829065,7.995414529914527,9.816769859225742,7.969015962795376,5.755791603821017,5.531512694821518,8.852332076420314,7.385151960784315,8.607039969834087,8.415395173453994,6.689385495223731,6.347045625942685,4.866828808446455,7.748430618401211,5.9474035947712425,6.285249245852186,6.041128959276015,4.2640522875817,8.2923200100553,9.886764705882351,8.395949723479134,6.715643790849672,7.560942810457514,9.51537745098039,6.216596279537453,9.044241452991452,8.408178858722977,8.57995123177476,5.735732151835089,9.192295625942684,6.785281045751632,5.239173705379589,9.202298516842632,6.310028280542985,10.038481523378582,7.73676571141277,4.338622046254398,4.338776143790848,5.995479763700353,10.150378707893417,5.792072272498742,6.641575289089996,7.373673705379587,7.782385997988938,7.603353318250376,4.942380467571644,9.310124057315232,8.274497988939165,7.861645173453996,8.348149446958267,7.083040723981898,8.265543614881851,7.339871920563097,6.111003645047762,5.862966314731018,6.44203205128205,8.049919054801407,8.207371794871795,8.392778406234289,5.198902966314728,8.0131104826546,5.209443690296631,6.944790221216691
GSM363020,10.455038712921068,8.31680656108597,6.690315485168427,8.355807692307689,6.834604952237306,7.032496480643539,9.640151835093016,7.683842760180996,4.1597329059829065,8.437414529914527,9.24476985922574,7.775015962795376,5.737791603821017,4.872512694821518,8.811332076420314,8.295151960784315,9.126039969834087,8.379395173453995,5.957385495223732,6.318045625942684,3.884828808446455,7.902430618401211,6.9554035947712425,6.397249245852186,6.950128959276015,4.6680522875817,8.445320010055301,9.70176470588235,5.885949723479136,6.697643790849672,8.057942810457515,9.70137745098039,6.214596279537452,9.536241452991453,8.011178858722976,8.813951231774762,5.566732151835089,7.864295625942685,6.776281045751632,3.5991737053795885,8.802298516842633,4.461028280542985,9.041481523378582,8.569765711412769,5.352622046254398,3.725776143790848,5.415479763700353,9.165378707893415,5.795072272498742,6.724575289089996,6.553673705379587,7.624385997988938,8.006353318250376,4.240380467571644,8.990124057315231,8.362497988939166,7.4076451734539965,8.436149446958268,6.5580407239818985,8.15254361488185,5.280871920563097,6.398003645047762,5.869966314731019,6.83803205128205,7.729919054801407,7.230371794871796,7.888778406234288,4.405902966314728,8.337110482654598,4.113443690296631,7.2747902212166915
GSM363160,10.125038712921068,8.12880656108597,6.658315485168427,7.83480769230769,6.659604952237306,6.947496480643539,10.552151835093015,7.079842760180996,4.4337329059829065,7.796414529914526,9.20276985922574,6.472015962795376,5.904791603821017,5.266512694821518,8.673332076420314,7.0251519607843145,8.462039969834088,8.295395173453995,6.111385495223732,7.319045625942684,3.7868288084464554,7.867430618401211,6.070403594771242,6.386249245852186,5.689128959276014,4.6210522875817,8.774320010055302,9.782764705882352,5.822949723479136,6.503643790849672,8.866942810457516,8.982377450980389,5.989596279537452,9.604241452991452,7.638178858722976,8.17895123177476,5.177732151835089,7.256295625942685,5.764281045751632,4.692173705379588,9.409298516842632,5.802028280542985,9.29048152337858,7.67576571141277,4.352622046254398,3.793776143790848,6.290479763700353,11.559378707893416,5.349072272498742,5.955575289089996,6.875673705379587,7.283385997988938,7.991353318250375,4.587380467571644,9.171124057315232,7.828497988939166,6.890645173453996,7.9531494469582675,6.664040723981898,7.950543614881851,6.7898719205630975,5.416003645047762,5.454966314731019,6.42103205128205,8.515919054801408,7.114371794871796,8.56777840623429,4.777902966314729,8.380110482654601,3.825443690296631,6.886790221216692
GSM363304,10.341038712921067,7.85780656108597,7.275315485168427,8.006807692307689,7.042604952237306,6.956496480643539,9.940151835093015,6.605842760180996,5.116732905982906,8.067414529914526,9.16476985922574,7.266015962795375,6.1357916038210165,5.557512694821518,8.656332076420314,7.1741519607843145,8.240039969834088,8.807395173453996,4.755385495223732,6.404045625942684,4.862828808446455,7.024430618401211,6.290403594771242,6.588249245852186,6.615128959276015,4.1850522875817004,8.986320010055302,8.17576470588235,5.903949723479136,7.728643790849673,7.738942810457514,9.53237745098039,5.748596279537453,9.238241452991453,7.228178858722976,8.249951231774762,5.782732151835089,9.757295625942684,7.146281045751632,4.670173705379589,8.349298516842634,6.674028280542985,8.799481523378581,8.79176571141277,4.5006220462543975,4.844776143790847,8.520479763700354,8.750378707893415,6.360072272498742,6.085575289089996,7.029673705379587,7.305385997988938,7.443353318250375,5.542380467571643,8.089124057315232,8.194497988939165,5.781645173453996,8.023149446958268,6.818040723981898,8.13654361488185,5.662871920563097,5.947003645047762,5.014966314731018,5.94703205128205,5.920919054801407,7.714371794871796,8.32677840623429,5.260902966314728,8.866110482654598,4.063443690296631,6.769790221216692
GSM363058,10.117038712921069,7.34980656108597,5.971315485168427,8.96080769230769,6.807604952237305,6.952496480643539,10.505151835093017,6.632842760180996,4.588732905982907,7.3884145299145265,9.024769859225742,6.640015962795376,6.097791603821016,4.437512694821518,7.841332076420314,6.147151960784315,6.777039969834087,7.3253951734539955,5.456385495223731,7.800045625942684,3.672828808446455,5.888430618401211,4.833403594771243,6.577249245852186,6.584128959276015,4.0060522875817,6.693320010055301,8.00676470588235,5.704949723479136,5.2996437908496725,9.356942810457516,9.00337745098039,5.6015962795374525,9.008241452991452,6.239178858722976,7.383951231774762,4.948732151835089,7.348295625942685,5.039281045751632,3.918173705379589,9.773298516842631,5.466028280542985,9.083481523378584,6.84376571141277,4.543622046254398,3.924776143790848,5.542479763700353,11.588378707893416,5.832072272498742,5.336575289089995,6.861673705379586,6.284385997988938,6.278353318250376,4.048380467571644,10.413124057315231,7.073497988939166,6.771645173453996,8.027149446958267,6.1750407239818985,6.987543614881851,5.833871920563097,5.017003645047762,4.590966314731018,4.96403205128205,3.9739190548014074,6.128371794871796,6.4797784062342885,3.695902966314729,6.9511104826546,4.032443690296631,5.887790221216692
GSM363043,10.25403871292107,8.38680656108597,7.572315485168427,8.567807692307689,7.567604952237305,7.6714964806435395,10.268151835093017,7.639842760180995,6.6387329059829066,7.895414529914526,9.25476985922574,7.917015962795376,6.400791603821016,6.238512694821518,9.021332076420316,6.325151960784315,7.016039969834088,9.120395173453996,5.005385495223732,6.168045625942685,6.601828808446455,6.417430618401211,5.574403594771242,6.904249245852186,6.117128959276014,5.3600522875817,7.134320010055301,9.322764705882353,8.119949723479134,7.103643790849673,7.146942810457515,9.924377450980389,6.198596279537452,9.206241452991453,8.214178858722976,7.969951231774762,5.592732151835089,8.008295625942685,6.942281045751632,4.868173705379588,9.609298516842632,8.187028280542984,9.916481523378582,8.51476571141277,5.072622046254398,5.669776143790847,8.828479763700354,9.537378707893415,7.224072272498742,4.815575289089995,6.108673705379587,7.545385997988938,8.032353318250376,5.751380467571644,9.924124057315233,8.628497988939166,6.890645173453996,8.355149446958269,8.334040723981898,8.29654361488185,7.0558719205630975,5.665003645047762,5.495966314731018,6.49503205128205,4.928919054801407,7.179371794871796,6.991778406234288,5.994902966314728,8.253110482654598,3.636443690296631,6.894790221216692
GSM363135,10.412038712921069,8.565806561085969,7.479315485168427,8.66280769230769,6.212604952237306,8.224496480643538,8.669151835093015,7.178842760180996,5.472732905982906,7.593414529914527,9.195769859225742,7.192015962795376,6.961791603821016,6.432512694821518,9.016332076420314,5.937151960784315,8.259039969834088,9.625395173453995,5.200385495223731,6.526045625942684,6.472828808446455,6.694430618401211,4.732403594771243,6.308249245852186,4.958128959276015,6.3510522875817,7.162320010055301,8.410764705882352,8.317949723479135,4.595643790849673,6.785942810457515,8.15737745098039,6.487596279537453,8.988241452991451,7.094178858722977,8.157951231774764,6.512732151835089,9.662295625942685,5.164281045751632,5.216173705379588,6.917298516842632,7.820028280542985,7.061481523378583,8.40776571141277,4.839622046254397,5.035776143790848,7.227479763700353,9.821378707893414,7.035072272498742,4.900575289089995,6.178673705379587,7.765385997988938,7.269353318250376,4.473380467571643,6.909124057315232,7.779497988939166,8.122645173453996,8.695149446958268,6.118040723981898,7.76554361488185,4.730871920563097,5.720003645047762,5.333966314731018,6.26603205128205,5.805919054801406,7.395371794871796,7.961778406234288,5.882902966314728,9.2191104826546,3.679443690296631,7.710790221216691
GSM363238,10.868038712921068,7.9848065610859695,7.538315485168427,9.16580769230769,7.479604952237305,6.852496480643539,10.086151835093016,7.739842760180996,4.921732905982906,8.250414529914526,9.54676985922574,7.971015962795375,6.3377916038210165,6.065512694821518,9.046332076420311,5.122151960784315,7.626039969834087,8.584395173453995,6.328385495223731,7.872045625942684,5.348828808446455,7.181430618401211,5.585403594771242,6.741249245852186,6.057128959276015,4.715052287581701,7.319320010055301,7.963764705882351,7.939949723479136,7.696643790849673,8.104942810457516,10.129377450980389,6.309596279537453,9.250241452991451,8.053178858722976,8.543951231774763,5.813732151835089,9.302295625942683,6.856281045751632,4.913173705379588,10.475298516842631,7.375028280542985,9.728481523378584,7.695765711412769,4.559622046254398,5.120776143790848,8.151479763700355,9.716378707893416,6.133072272498742,4.798575289089996,5.994673705379586,7.715385997988938,7.060353318250376,5.986380467571644,10.377124057315232,8.422497988939165,7.2186451734539965,8.248149446958267,7.377040723981898,8.21354361488185,7.391871920563097,5.246003645047762,5.821966314731019,6.5740320512820505,6.530919054801406,8.004371794871796,7.973778406234288,5.2479029663147285,8.5951104826546,4.033443690296631,6.833790221216692
GSM363380,10.55803871292107,8.53480656108597,7.2283154851684275,8.81480769230769,6.791604952237305,7.795496480643539,9.392151835093015,7.609842760180996,4.092732905982906,8.126414529914527,9.694769859225742,7.021015962795376,5.706791603821016,5.535512694821518,8.747332076420314,8.025151960784315,8.417039969834088,8.728395173453995,6.438385495223732,8.554045625942685,4.919828808446455,7.361430618401211,6.1284035947712425,6.624249245852186,6.217128959276015,5.4630522875817,7.423320010055301,9.122764705882352,6.238949723479136,4.8396437908496726,8.041942810457513,9.36137745098039,6.2875962795374525,9.096241452991451,7.434178858722976,8.92295123177476,5.836732151835089,9.489295625942685,4.836281045751631,5.130173705379589,8.341298516842631,6.032028280542985,8.607481523378581,7.89976571141277,4.214622046254397,4.436776143790848,5.952479763700353,10.896378707893415,5.648072272498742,5.847575289089996,6.472673705379587,7.685385997988938,8.242353318250375,4.657380467571644,8.496124057315232,7.805497988939166,7.440645173453996,8.089149446958269,5.637040723981898,7.466543614881851,5.253871920563097,5.518003645047762,6.060966314731019,5.58803205128205,7.185919054801406,8.380371794871795,8.415778406234288,5.462902966314728,9.1811104826546,4.614443690296631,7.151790221216691
GSM363173,10.479038712921067,8.04880656108597,7.947315485168427,9.112807692307689,7.596604952237305,7.806496480643539,10.372151835093016,7.426842760180995,6.305732905982906,8.134414529914526,9.28876985922574,7.849015962795375,6.726791603821017,6.221512694821518,8.969332076420313,5.684151960784315,7.827039969834088,9.595395173453996,5.838385495223731,6.675045625942684,8.046828808446454,6.8904306184012105,5.465403594771242,6.834249245852186,5.890128959276015,4.571052287581701,7.002320010055302,7.390764705882352,6.576949723479136,5.728643790849673,8.073942810457513,8.975377450980389,6.333596279537453,8.687241452991453,7.264178858722976,8.147951231774762,5.994732151835089,7.9462956259426845,4.919281045751632,6.015173705379588,11.080298516842632,9.347028280542984,8.518481523378583,7.70076571141277,4.865622046254398,5.813776143790848,7.618479763700353,10.068378707893416,7.082072272498742,5.912575289089996,5.762673705379587,7.784385997988938,7.914353318250376,5.411380467571644,10.99512405731523,8.465497988939166,6.281645173453996,8.242149446958267,7.182040723981898,8.02754361488185,4.556871920563097,5.190003645047762,5.100966314731019,5.81003205128205,5.700919054801406,7.067371794871796,7.948778406234288,6.347902966314728,8.657110482654598,6.016443690296631,6.736790221216691
GSM363112,10.785038712921068,8.29880656108597,7.133315485168427,8.39580769230769,6.874604952237306,7.253496480643539,8.878151835093016,7.958842760180995,4.785732905982907,8.072414529914525,9.92376985922574,7.606015962795376,5.9257916038210166,5.492512694821518,8.963332076420315,6.954151960784315,8.478039969834088,8.373395173453995,5.759385495223731,6.998045625942685,4.130828808446455,8.079430618401211,6.898403594771242,6.522249245852186,6.058128959276015,4.8140522875817,7.333320010055301,8.658764705882351,6.967949723479136,5.883643790849672,6.9419428104575145,8.84837745098039,6.391596279537453,9.789241452991453,7.858178858722976,8.51595123177476,5.523732151835089,8.171295625942685,6.229281045751632,5.120173705379588,10.265298516842634,6.8050282805429845,9.305481523378582,8.06576571141277,4.645622046254397,4.807776143790847,6.564479763700353,9.909378707893415,5.561072272498742,5.285575289089996,6.718673705379587,7.963385997988938,7.231353318250376,4.256380467571644,10.168124057315232,8.415497988939165,7.0776451734539965,8.194149446958267,6.681040723981898,7.85254361488185,6.538871920563097,5.220003645047762,5.505966314731018,6.476032051282051,7.001919054801406,7.871371794871796,8.927778406234289,5.253902966314729,8.5571104826546,3.789443690296631,7.257790221216691
GSM363321,9.87603871292107,8.32480656108597,6.197315485168427,8.038807692307689,6.656604952237306,6.809496480643539,10.030151835093015,7.015842760180996,3.9537329059829065,8.332414529914526,9.18476985922574,7.694015962795376,5.453791603821016,4.722512694821518,8.657332076420314,7.066151960784315,7.949039969834088,8.325395173453995,4.542385495223732,5.961045625942685,3.891828808446455,7.691430618401211,6.533403594771242,6.851249245852186,6.408128959276015,3.9050522875817,7.250320010055301,9.05076470588235,5.333949723479136,6.230643790849673,7.484942810457515,8.982377450980389,5.641596279537453,9.687241452991453,8.012178858722976,8.253951231774764,5.227732151835089,9.435295625942684,7.233281045751632,3.316173705379589,9.589298516842632,6.675028280542985,9.100481523378583,8.88776571141277,5.156622046254397,4.380776143790848,5.222479763700353,8.555378707893414,4.906072272498742,5.841575289089996,8.260673705379586,7.132385997988938,6.683353318250376,4.553380467571643,9.46612405731523,8.599497988939167,7.503645173453997,8.307149446958269,6.310040723981898,8.121543614881851,5.2738719205630975,6.534003645047762,5.021966314731018,5.8160320512820505,7.295919054801407,6.381371794871796,8.430778406234289,5.355902966314728,8.7101104826546,4.086443690296631,7.235790221216692
GSM363382,10.566038712921069,8.30380656108597,6.617315485168427,8.416807692307689,6.715604952237306,6.959496480643539,9.014151835093015,7.587842760180996,4.201732905982906,8.295414529914527,9.91476985922574,7.327015962795376,5.577791603821017,5.128512694821518,8.882332076420314,7.567151960784315,7.613039969834087,8.892395173453995,5.674385495223731,6.837045625942684,4.323828808446455,7.801430618401211,6.683403594771242,6.742249245852186,6.409128959276015,5.252052287581701,8.182320010055301,9.10876470588235,6.698949723479136,5.805643790849673,5.796942810457514,7.926377450980389,6.012596279537452,9.558241452991451,7.631178858722976,8.814951231774764,5.464732151835089,8.395295625942685,5.211281045751631,4.888173705379589,10.207298516842634,6.2890282805429845,9.304481523378584,8.54276571141277,4.556622046254398,4.521776143790848,5.849479763700353,9.409378707893415,5.525072272498742,5.428575289089996,6.368673705379587,7.547385997988938,7.099353318250376,4.665380467571644,10.053124057315234,8.104497988939166,7.4446451734539965,7.981149446958268,6.052040723981898,7.638543614881851,6.583871920563097,5.135003645047762,5.231966314731018,6.178032051282051,8.192919054801408,7.934371794871796,8.332778406234286,5.2239029663147285,9.177110482654598,4.16044369029663,7.3997902212166915
GSM363256,10.589038712921068,8.40080656108597,7.490315485168427,8.51880769230769,6.495604952237305,7.358496480643539,10.565151835093015,7.660842760180995,5.182732905982906,7.976414529914527,9.419769859225742,7.764015962795375,6.352791603821016,5.144512694821518,8.573332076420314,6.325151960784315,8.587039969834088,8.677395173453995,6.587385495223732,7.702045625942684,4.641828808446455,7.85043061840121,6.642403594771242,6.545249245852186,6.244128959276015,4.2220522875817,7.906320010055301,9.475764705882352,7.132949723479136,5.378643790849672,8.062942810457514,9.33637745098039,6.261596279537453,9.494241452991451,7.614178858722976,8.508951231774763,5.693732151835089,7.690295625942685,5.741281045751632,4.775173705379588,6.9442985168426326,7.013028280542985,9.015481523378584,8.55976571141277,4.331622046254397,4.188776143790848,7.632479763700353,10.819378707893415,5.748072272498742,6.701575289089996,7.771673705379587,7.371385997988938,7.540353318250376,4.753380467571644,6.5411240573152325,8.342497988939167,6.979645173453997,8.256149446958268,6.498040723981898,7.69854361488185,5.295871920563097,5.368003645047763,5.466966314731018,5.87603205128205,7.772919054801406,8.260371794871796,8.711778406234288,5.640902966314728,9.087110482654598,6.460443690296631,7.146790221216691
GSM712540,10.36303871292107,8.52080656108597,6.738315485168427,8.41480769230769,6.699604952237306,6.95349648064354,9.592151835093016,7.649842760180996,4.7237329059829065,7.737414529914527,9.887769859225742,7.461015962795376,5.835791603821017,5.184512694821518,8.834332076420313,7.997151960784315,8.584039969834087,8.965395173453995,5.760385495223732,7.135045625942684,4.462828808446455,8.073430618401211,6.912403594771242,6.596249245852186,6.011128959276014,4.8750522875817,7.710320010055301,9.904764705882352,5.725949723479136,5.390643790849673,8.207942810457514,9.32937745098039,5.964596279537452,9.423241452991451,7.845178858722976,8.498951231774761,5.855732151835089,8.056295625942685,6.003281045751632,4.330173705379589,7.652298516842633,6.746028280542985,9.170481523378584,8.31376571141277,4.823622046254397,4.253776143790848,7.173479763700353,9.976378707893415,5.776072272498742,6.207575289089996,6.719673705379587,7.649385997988938,7.703353318250375,4.742380467571643,7.521124057315232,8.096497988939166,7.563645173453996,8.233149446958267,6.565040723981898,8.00954361488185,6.1648719205630975,6.0140036450477625,5.521966314731018,5.94503205128205,8.411919054801405,8.251371794871796,8.996778406234288,5.907902966314729,8.2281104826546,3.5774436902966307,7.530790221216692
GSM363097,10.559038712921067,8.32980656108597,6.884315485168427,8.833807692307689,7.107604952237305,7.428496480643539,9.418151835093015,7.5208427601809955,4.367732905982907,8.184414529914527,9.43076985922574,7.675015962795376,6.390791603821016,5.797512694821518,9.102332076420314,6.148151960784315,8.115039969834088,8.725395173453995,6.045385495223732,6.557045625942685,4.858828808446455,7.929430618401211,5.537403594771242,6.732249245852186,5.663128959276015,5.3650522875817,6.934320010055301,9.815764705882351,7.743949723479136,6.2276437908496725,7.786942810457514,10.293377450980389,6.378596279537453,9.887241452991452,7.961178858722977,8.452951231774762,5.577732151835089,9.090295625942684,6.494281045751632,4.883173705379589,7.890298516842633,6.873028280542985,9.82848152337858,7.759765711412769,4.634622046254397,4.323776143790847,8.315479763700353,9.241378707893416,5.804072272498742,4.482575289089996,6.595673705379586,7.970385997988938,7.334353318250375,5.004380467571644,7.872124057315232,8.127497988939165,7.865645173453997,8.064149446958268,6.8610407239818985,8.15954361488185,6.659871920563097,5.478003645047762,5.757966314731019,6.25303205128205,7.835919054801407,8.164371794871796,8.350778406234287,5.894902966314729,8.6871104826546,3.891443690296631,6.692790221216692
GSM363227,10.833038712921068,8.10780656108597,7.440315485168427,8.97380769230769,7.389604952237305,7.552496480643539,9.942151835093016,7.917842760180996,4.748732905982906,8.707414529914526,9.509769859225742,7.639015962795375,5.854791603821017,5.899512694821518,9.127332076420316,6.092151960784315,8.000039969834088,9.082395173453996,6.506385495223731,7.912045625942684,4.853828808446455,7.76543061840121,5.521403594771242,6.770249245852186,6.725128959276015,4.9210522875817,6.407320010055301,9.635764705882352,4.463949723479136,6.365643790849672,8.621942810457515,9.805377450980387,6.461596279537453,9.832241452991452,8.114178858722976,8.851951231774763,5.970732151835089,8.059295625942685,5.560281045751632,5.521173705379589,9.266298516842632,7.115028280542985,9.57848152337858,7.85076571141277,5.349622046254398,4.974776143790847,6.672479763700353,11.166378707893417,5.467072272498742,4.860575289089995,5.847673705379587,7.718385997988938,7.554353318250375,5.506380467571644,9.458124057315231,8.194497988939165,7.6576451734539965,8.245149446958267,6.553040723981899,7.96154361488185,7.006871920563097,5.801003645047762,5.7679663147310185,6.242032051282051,6.417919054801407,8.409371794871795,8.569778406234288,5.177902966314728,8.6261104826546,4.375443690296631,7.495790221216692
GSM363117,10.595038712921069,8.16080656108597,7.223315485168428,8.913807692307689,6.812604952237305,7.375496480643539,9.813151835093016,8.002842760180995,5.301732905982907,8.182414529914528,9.188769859225742,7.653015962795376,6.081791603821016,5.823512694821518,9.037332076420316,6.874151960784315,7.999039969834087,9.067395173453995,5.395385495223732,6.710045625942684,6.827828808446455,7.269430618401211,4.090403594771242,6.630249245852186,6.186128959276014,4.9950522875817,6.8053200100553015,9.243764705882352,6.415949723479136,6.067643790849672,8.547942810457513,10.39037745098039,6.352596279537452,9.698241452991452,7.716178858722976,8.054951231774762,6.014732151835089,10.154295625942686,5.584281045751632,4.996173705379588,7.702298516842633,8.153028280542985,9.292481523378584,8.20976571141277,4.354622046254398,4.911776143790847,8.121479763700354,9.831378707893416,6.307072272498743,5.670575289089996,7.084673705379587,7.965385997988938,7.310353318250375,4.343380467571643,7.768124057315232,8.238497988939166,5.703645173453996,7.952149446958268,7.124040723981898,7.926543614881851,6.712871920563098,5.713003645047762,5.156966314731019,6.0900320512820505,4.808919054801407,7.278371794871796,8.462778406234289,6.760902966314728,8.4931104826546,4.455443690296631,7.181790221216692
GSM363156,10.60303871292107,8.43580656108597,7.007315485168427,9.15280769230769,7.140604952237306,7.435496480643539,10.345151835093017,7.641842760180996,4.646732905982907,7.681414529914527,9.12276985922574,7.845015962795376,5.972791603821016,5.829512694821518,8.990332076420314,5.620151960784315,6.899039969834088,9.051395173453995,5.866385495223732,6.608045625942684,5.185828808446455,7.136430618401211,5.944403594771242,6.412249245852186,6.405128959276015,5.1410522875817,7.227320010055301,9.22376470588235,6.316949723479135,6.330643790849672,8.361942810457514,10.30437745098039,6.043596279537453,10.390241452991452,7.669178858722976,8.226951231774763,5.933732151835089,7.545295625942685,6.132281045751632,5.692173705379588,8.504298516842631,7.1270282805429845,9.655481523378583,8.34476571141277,4.417622046254397,4.550776143790848,7.306479763700353,10.088378707893416,6.000072272498742,5.126575289089995,6.767673705379587,7.657385997988938,7.889353318250375,5.953380467571644,8.571124057315231,8.411497988939166,7.3916451734539965,8.071149446958268,6.6830407239818985,7.69854361488185,6.984871920563097,5.438003645047762,5.4329663147310185,6.26603205128205,6.197919054801407,8.074371794871796,8.56477840623429,5.829902966314728,8.811110482654598,4.632443690296631,7.2427902212166915
GSM363253,10.652038712921067,8.29080656108597,7.509315485168427,8.724807692307689,6.992604952237306,7.326496480643539,9.863151835093015,7.149842760180996,4.118732905982906,8.511414529914525,9.75176985922574,7.841015962795375,6.267791603821016,6.001512694821518,8.926332076420314,5.123151960784315,8.221039969834088,8.359395173453995,5.725385495223732,6.730045625942685,3.842828808446455,8.23543061840121,6.409403594771242,6.635249245852187,6.774128959276014,4.563052287581701,9.2943200100553,8.71476470588235,7.736949723479136,6.895643790849673,7.116942810457514,8.41737745098039,6.328596279537453,9.886241452991452,8.307178858722976,8.722951231774761,5.604732151835089,8.264295625942685,6.345281045751632,4.235173705379588,8.999298516842632,6.162028280542985,8.859481523378584,8.37176571141277,4.7426220462543975,4.559776143790848,6.930479763700353,9.628378707893416,5.357072272498742,5.294575289089996,6.842673705379587,7.831385997988938,7.788353318250375,4.754380467571644,9.474124057315231,8.214497988939167,7.707645173453996,8.350149446958268,6.589040723981898,7.806543614881851,6.101871920563097,5.989003645047762,5.881966314731018,6.22003205128205,7.453919054801406,7.867371794871796,8.501778406234287,4.629902966314728,8.7311104826546,3.937443690296631,7.352790221216692
GSM363203,10.700038712921067,8.33580656108597,7.982315485168428,8.86780769230769,6.167604952237306,7.5944964806435395,9.650151835093016,8.028842760180996,4.841732905982907,8.532414529914526,9.18376985922574,7.644015962795375,5.899791603821017,5.846512694821518,8.718332076420314,6.069151960784315,8.046039969834087,8.608395173453996,5.903385495223732,6.7370456259426845,4.283828808446454,7.670430618401211,7.415403594771242,6.710249245852186,6.289128959276015,4.9590522875817005,7.237320010055301,8.666764705882352,5.707949723479135,4.755643790849672,7.949942810457514,7.98037745098039,6.283596279537452,9.245241452991452,7.291178858722976,8.60895123177476,6.049732151835089,8.149295625942685,4.679281045751631,4.423173705379589,9.394298516842632,6.318028280542985,8.119481523378582,9.05976571141277,4.890622046254397,4.498776143790847,5.246479763700353,9.925378707893415,5.733072272498742,6.075575289089996,7.212673705379586,7.514385997988938,7.728353318250376,4.249380467571644,8.746124057315232,8.232497988939166,6.753645173453997,8.303149446958267,6.221040723981898,8.06254361488185,5.013871920563097,5.015003645047762,5.282966314731018,5.05503205128205,4.744919054801406,8.228371794871796,8.183778406234289,5.6069029663147285,9.221110482654598,4.563443690296631,7.730790221216692
GSM363026,10.131038712921068,8.28780656108597,6.950315485168427,8.40280769230769,6.525604952237305,7.100496480643539,9.965151835093016,7.551842760180995,4.565732905982906,7.761414529914527,9.58776985922574,7.423015962795375,6.040791603821017,5.5145126948215175,8.854332076420313,7.090151960784315,8.534039969834087,8.907395173453995,4.228385495223732,6.167045625942684,3.808828808446455,8.128430618401211,5.868403594771242,6.475249245852186,6.761128959276014,5.1600522875817,8.233320010055301,9.34876470588235,8.500949723479135,7.582643790849672,8.611942810457514,10.373377450980389,6.358596279537452,9.53324145299145,8.679178858722976,8.737951231774762,5.549732151835089,8.520295625942685,7.380281045751632,4.657173705379589,8.567298516842634,6.960028280542985,9.803481523378585,8.17976571141277,4.546622046254398,4.032776143790848,7.673479763700353,10.243378707893417,6.178072272498742,5.635575289089996,6.907673705379587,7.391385997988938,7.111353318250376,4.072380467571644,8.551124057315231,8.421497988939166,8.139645173453996,8.298149446958268,6.911040723981898,8.21554361488185,8.188871920563097,5.960003645047762,5.959966314731019,7.74703205128205,8.478919054801406,7.473371794871796,8.48677840623429,5.196902966314728,8.4631104826546,4.465443690296631,7.174790221216692
GSM363191,10.522038712921068,7.98980656108597,7.672315485168427,9.362807692307689,7.292604952237306,7.565496480643539,10.229151835093017,7.729842760180995,5.660732905982907,8.424414529914525,9.685769859225742,7.912015962795376,6.583791603821017,5.999512694821518,9.056332076420317,6.362151960784315,7.640039969834087,9.124395173453996,6.460385495223731,8.139045625942686,6.917828808446455,7.005430618401211,5.1974035947712425,6.7812492458521865,6.255128959276014,4.4180522875817,7.168320010055301,8.23376470588235,7.010949723479136,6.893643790849673,8.822942810457516,10.73937745098039,6.055596279537452,9.667241452991451,7.442178858722976,8.316951231774762,6.151732151835089,8.337295625942685,5.670281045751632,5.694173705379589,9.231298516842632,8.320028280542985,8.93548152337858,7.671765711412769,4.6706220462543975,4.685776143790847,5.196479763700353,9.975378707893416,6.924072272498743,5.774575289089996,6.519673705379587,7.619385997988938,7.719353318250375,5.411380467571644,9.260124057315233,8.551497988939166,6.9686451734539965,8.349149446958268,7.285040723981898,8.11954361488185,6.760871920563097,5.782003645047762,5.499966314731019,6.125032051282051,6.113919054801406,8.344371794871796,8.290778406234288,6.209902966314728,8.5301104826546,4.720443690296631,7.074790221216691
GSM363136,10.200038712921067,8.24980656108597,6.432315485168427,7.73880769230769,6.609604952237306,6.971496480643539,9.707151835093017,7.389842760180995,3.8057329059829055,7.563414529914526,9.96876985922574,7.226015962795376,5.665791603821017,5.273512694821518,8.498332076420313,6.419151960784315,8.403039969834088,8.027395173453995,5.726385495223731,7.143045625942684,3.714828808446455,7.960430618401211,5.922403594771242,6.367249245852186,6.554128959276015,5.361052287581701,6.783320010055301,9.46776470588235,8.167949723479136,6.979643790849672,7.929942810457514,9.41737745098039,6.4045962795374525,8.592241452991452,8.057178858722976,8.291951231774764,5.207732151835089,8.956295625942685,6.836281045751631,4.277173705379588,9.246298516842632,6.397028280542985,9.504481523378583,7.49176571141277,4.5456220462543975,4.823776143790847,4.941479763700353,11.292378707893414,5.744072272498742,5.877575289089996,7.113673705379587,7.859385997988938,7.506353318250376,3.794380467571644,9.384124057315232,7.529497988939166,7.579645173453996,7.642149446958268,6.452040723981899,7.96754361488185,6.831871920563097,5.547003645047762,5.0499663147310185,6.69003205128205,7.377919054801406,7.569371794871796,8.412778406234288,4.947902966314729,8.576110482654599,3.616443690296631,7.035790221216692
GSM363002,10.653038712921068,8.27680656108597,7.6593154851684275,9.00180769230769,7.300604952237306,7.290496480643539,10.937151835093015,7.708842760180995,4.788732905982906,8.175414529914526,9.46976985922574,7.673015962795375,6.2847916038210165,5.736512694821518,9.109332076420314,6.015151960784315,7.910039969834087,8.949395173453995,5.988385495223731,6.802045625942684,5.071828808446455,7.064430618401211,4.835403594771242,6.7892492458521865,6.062128959276015,5.3220522875817,7.512320010055301,8.625764705882352,9.099949723479137,8.514643790849673,8.536942810457514,10.63137745098039,6.204596279537452,9.196241452991451,8.694178858722976,8.270951231774763,5.304732151835089,9.422295625942684,7.907281045751632,5.136173705379588,9.890298516842634,8.613028280542984,10.275481523378584,8.197765711412769,4.107622046254398,5.058776143790848,8.424479763700354,10.093378707893416,7.126072272498742,5.932575289089995,6.733673705379587,8.037385997988938,7.509353318250375,5.214380467571644,10.287124057315232,8.414497988939166,7.670645173453996,8.118149446958268,7.970040723981898,8.21254361488185,8.026871920563098,5.869003645047762,6.071966314731019,7.95503205128205,6.390919054801406,7.411371794871796,7.091778406234289,5.182902966314728,8.2721104826546,6.305443690296631,6.403790221216692
GSM712541,9.936038712921068,8.24080656108597,7.765315485168427,8.28780769230769,6.954604952237306,7.746496480643539,10.520151835093015,7.266842760180996,5.496732905982906,7.8644145299145265,9.36676985922574,7.828015962795376,6.780791603821016,6.233512694821518,8.528332076420314,6.519151960784315,8.013039969834088,9.732395173453996,6.104385495223731,7.028045625942684,7.444828808446455,7.609430618401211,6.126403594771242,6.461249245852186,6.576128959276015,4.228052287581701,6.779320010055301,9.23076470588235,3.940949723479136,5.689643790849672,7.961942810457514,9.27737745098039,6.120596279537453,9.136241452991452,7.257178858722976,8.380951231774763,5.569732151835089,8.460295625942685,5.949281045751632,4.822173705379589,9.529298516842632,8.045028280542985,8.246481523378584,8.48276571141277,5.691622046254397,4.779776143790848,6.560479763700353,10.023378707893414,6.460072272498742,6.557575289089995,6.756673705379587,7.549385997988938,7.743353318250375,5.947380467571644,9.585124057315234,8.476497988939165,6.804645173453996,8.182149446958269,6.8400407239818986,7.92554361488185,4.376871920563097,5.587003645047762,5.328966314731018,5.38403205128205,4.836919054801406,7.566371794871796,8.511778406234288,6.650902966314728,8.854110482654601,3.943443690296631,6.969790221216692
GSM363250,10.497038712921068,8.097806561085969,7.450315485168427,8.77780769230769,5.7786049522373055,7.387496480643539,9.585151835093017,7.538842760180995,5.137732905982906,7.892414529914526,9.66176985922574,7.173015962795375,6.592791603821016,5.903512694821518,8.473332076420315,6.2991519607843145,8.352039969834088,7.9743951734539955,5.782385495223731,6.171045625942685,4.345828808446455,7.618430618401211,7.712403594771242,6.6882492458521865,6.750128959276014,5.0230522875817005,7.608320010055301,9.052764705882351,7.551949723479136,6.959643790849673,7.947942810457515,8.975377450980389,6.074596279537452,9.760241452991451,7.899178858722976,8.536951231774761,5.917732151835089,8.439295625942684,5.999281045751632,4.208173705379588,9.595298516842632,6.671028280542985,7.793481523378582,8.37476571141277,4.305622046254397,4.795776143790848,6.454479763700353,8.195378707893415,6.509072272498742,6.334575289089996,7.048673705379587,6.902385997988938,7.878353318250376,5.379380467571644,9.15212405731523,8.183497988939166,6.815645173453996,8.476149446958267,6.758040723981898,7.94654361488185,5.125871920563097,4.901003645047762,4.918966314731018,6.63103205128205,7.446919054801406,6.605371794871796,9.251778406234289,5.384902966314728,9.2461104826546,4.353443690296631,7.082790221216691
GSM363003,10.554038712921068,8.59680656108597,6.697315485168427,8.041807692307689,6.601604952237306,7.7194964806435395,8.658151835093015,7.819842760180996,5.003732905982907,8.194414529914525,9.06476985922574,7.354015962795375,5.965791603821017,5.306512694821518,8.449332076420314,6.574151960784315,8.312039969834087,8.397395173453996,5.1373854952237314,7.3940456259426846,4.445828808446454,7.143430618401211,6.418403594771243,6.151249245852186,6.744128959276015,4.558052287581701,8.339320010055301,10.786764705882351,5.928949723479136,6.713643790849672,6.367942810457515,9.27737745098039,5.857596279537453,9.815241452991453,7.222178858722976,8.636951231774763,5.934732151835089,8.850295625942685,6.676281045751632,4.781173705379588,8.302298516842633,4.174028280542985,8.177481523378582,8.258765711412769,4.297622046254397,3.868776143790848,5.372479763700353,9.053378707893415,5.581072272498743,6.251575289089995,6.788673705379587,7.354385997988938,6.895353318250376,5.043380467571644,8.215124057315233,7.725497988939166,6.939645173453997,8.424149446958268,5.273040723981898,7.896543614881851,4.6808719205630975,5.835003645047762,5.246966314731019,5.18903205128205,8.176919054801406,7.865371794871796,8.258778406234288,5.0669029663147285,8.9231104826546,3.861443690296631,7.327790221216691
GSM363187,10.266038712921068,8.31680656108597,7.146315485168428,8.394807692307689,6.514604952237305,7.574496480643539,9.571151835093016,7.240842760180995,3.6707329059829066,8.237414529914528,9.10676985922574,7.072015962795375,5.777791603821017,5.572512694821518,8.913332076420314,7.212151960784315,8.214039969834088,8.197395173453994,5.382385495223732,6.101045625942684,4.434828808446455,8.454430618401211,7.201403594771242,6.857249245852186,6.645128959276015,4.7030522875817,8.323320010055301,8.293764705882351,7.615949723479136,7.108643790849673,8.100942810457514,7.78037745098039,6.003596279537453,9.804241452991452,7.780178858722976,8.385951231774762,5.770732151835089,8.831295625942685,7.640281045751632,3.979173705379588,7.376298516842633,5.320028280542985,8.189481523378582,8.90176571141277,4.2876220462543975,3.931776143790848,4.181479763700353,9.293378707893416,5.781072272498742,6.097575289089996,7.149673705379587,7.125385997988938,7.719353318250375,4.307380467571644,8.576124057315234,7.981497988939166,7.628645173453997,8.543149446958267,6.052040723981898,7.93854361488185,6.2978719205630975,5.344003645047763,5.609966314731018,6.47103205128205,8.990919054801406,6.170371794871796,9.112778406234288,4.909902966314728,9.2611104826546,4.813443690296631,7.2427902212166915
GSM363019,10.217038712921068,7.98380656108597,6.762315485168427,8.31480769230769,6.281604952237306,6.975496480643539,9.910151835093016,7.146842760180996,4.908732905982906,8.059414529914527,9.26676985922574,7.337015962795376,5.165791603821017,4.567512694821518,8.465332076420314,6.856151960784315,7.838039969834087,7.858395173453995,4.682385495223731,6.0400456259426845,4.084828808446455,6.836430618401211,5.365403594771243,6.135249245852187,5.912128959276014,3.9920522875817,7.221320010055301,8.841764705882351,5.986949723479136,7.038643790849672,7.370942810457515,10.116377450980387,6.103596279537452,9.509241452991452,7.714178858722976,8.394951231774762,5.668732151835089,9.144295625942684,5.859281045751632,4.556173705379589,9.506298516842634,5.046028280542985,9.16248152337858,8.22076571141277,4.664622046254397,4.145776143790847,7.877479763700353,9.673378707893416,5.660072272498742,4.781575289089996,6.724673705379587,7.406385997988938,7.030353318250375,5.082380467571643,9.425124057315234,7.151497988939166,6.330645173453997,8.225149446958268,5.317040723981898,8.002543614881851,6.369871920563098,5.542003645047762,4.840966314731018,5.36303205128205,5.612919054801407,7.146371794871796,7.466778406234289,4.487902966314729,7.7651104826546,4.074443690296631,5.438790221216691
GSM363018,10.435038712921068,8.32780656108597,7.551315485168427,8.73280769230769,6.477604952237305,7.547496480643539,10.598151835093017,7.578842760180995,5.287732905982907,7.224414529914526,9.195769859225742,7.584015962795376,6.654791603821017,4.992512694821518,8.482332076420313,5.124151960784315,6.198039969834087,8.842395173453996,6.347385495223731,8.990045625942685,6.529828808446455,6.493430618401211,6.164403594771242,6.530249245852186,6.080128959276014,3.8620522875817,6.105320010055301,8.166764705882352,7.336949723479136,6.9566437908496725,7.963942810457515,7.678377450980389,5.748596279537453,9.186241452991451,7.622178858722976,7.651951231774762,5.942732151835089,9.338295625942685,7.159281045751632,4.928173705379589,9.962298516842631,7.966028280542985,8.829481523378583,7.626765711412769,4.7106220462543975,5.054776143790847,6.875479763700353,10.269378707893416,6.496072272498743,7.036575289089996,6.809673705379587,7.503385997988938,7.876353318250375,5.401380467571643,10.037124057315232,8.267497988939166,5.481645173453996,8.058149446958268,6.653040723981898,7.68554361488185,6.112871920563097,5.047003645047762,5.476966314731018,6.39003205128205,4.518919054801406,8.253371794871796,8.159778406234288,6.503902966314729,8.808110482654598,5.450443690296631,7.128790221216692
GSM363089,10.36003871292107,8.37080656108597,7.253315485168427,8.605807692307689,6.195604952237305,7.401496480643539,9.225151835093016,7.7228427601809955,5.688732905982906,7.8964145299145265,9.49176985922574,7.511015962795375,6.360791603821016,5.948512694821518,8.894332076420314,7.487151960784315,8.233039969834087,9.116395173453997,5.979385495223731,6.864045625942684,5.340828808446455,7.638430618401211,5.496403594771242,6.735249245852186,6.0351289592760144,4.723052287581701,6.564320010055301,8.45776470588235,4.255949723479136,3.953643790849672,7.537942810457515,8.962377450980389,6.4045962795374525,9.602241452991452,6.798178858722976,8.139951231774763,5.847732151835089,7.069295625942685,4.123281045751632,4.625173705379589,8.375298516842633,7.325028280542985,8.314481523378582,8.15076571141277,4.826622046254397,4.150776143790847,7.735479763700353,9.695378707893417,6.116072272498742,4.926575289089996,6.7846737053795865,7.445385997988938,7.099353318250376,5.546380467571644,8.46312405731523,8.524497988939165,6.237645173453997,8.343149446958268,6.628040723981898,8.12054361488185,4.267871920563097,5.664003645047762,5.569966314731018,4.9890320512820505,3.3249190548014065,7.759371794871796,8.71877840623429,6.123902966314729,8.6911104826546,3.602443690296631,7.103790221216691
GSM363116,10.457038712921069,8.33680656108597,6.912315485168428,8.265807692307689,6.503604952237305,7.351496480643539,9.801151835093016,7.7148427601809955,4.504732905982906,8.067414529914526,9.771769859225742,7.583015962795375,6.107791603821017,5.656512694821518,8.815332076420313,6.836151960784315,8.697039969834087,8.921395173453995,6.339385495223731,6.401045625942684,4.845828808446455,7.401430618401211,6.602403594771242,6.5022492458521866,5.893128959276015,5.438052287581701,7.010320010055302,9.76276470588235,6.501949723479136,6.137643790849673,8.094942810457514,9.462377450980387,6.357596279537453,8.907241452991451,7.683178858722976,8.625951231774764,5.502732151835089,9.022295625942684,6.307281045751632,4.4781737053795885,7.978298516842632,6.584028280542985,9.13348152337858,7.86476571141277,4.268622046254397,4.130776143790848,7.434479763700353,10.418378707893416,6.047072272498742,7.263575289089996,6.990673705379587,7.614385997988938,7.869353318250376,4.500380467571644,7.953124057315232,8.350497988939166,7.721645173453997,8.249149446958267,6.690040723981898,7.973543614881851,5.413871920563097,6.259003645047762,5.2839663147310185,6.0580320512820505,7.128919054801407,7.375371794871796,9.075778406234289,6.334902966314728,8.608110482654599,3.705443690296631,7.3517902212166915
GSM363285,10.647038712921068,8.15180656108597,7.755315485168428,9.14280769230769,7.054604952237305,7.362496480643539,8.906151835093015,7.394842760180995,6.423732905982907,8.194414529914525,8.948769859225742,7.555015962795376,6.780791603821016,6.463512694821518,8.915332076420315,6.197151960784315,8.059039969834087,10.115395173453996,6.278385495223732,7.425045625942684,7.627828808446455,6.756430618401211,3.9004035947712414,6.6722492458521865,6.265128959276015,4.8490522875817,5.506320010055301,5.161764705882352,4.250949723479136,3.788643790849672,7.621942810457514,9.719377450980389,6.589596279537452,10.059241452991452,7.531178858722976,7.967951231774762,6.067732151835089,5.556295625942685,4.236281045751632,6.041173705379588,10.166298516842634,9.254028280542984,9.212481523378582,7.727765711412769,4.785622046254398,4.795776143790848,10.414479763700353,9.670378707893414,7.515072272498742,5.217575289089996,6.703673705379587,8.144385997988937,7.091353318250376,6.403380467571644,10.362124057315231,8.462497988939166,5.970645173453996,8.374149446958267,7.840040723981898,8.03354361488185,4.865871920563097,5.6230036450477625,5.181966314731018,4.851032051282051,3.3019190548014064,7.592371794871796,6.665778406234288,7.165902966314729,7.744110482654599,3.650443690296631,7.004790221216692
GSM363206,10.589038712921068,8.05580656108597,7.200315485168427,8.509807692307689,7.501604952237305,7.576496480643539,10.659151835093017,7.699842760180996,4.528732905982906,8.066414529914526,9.93076985922574,7.665015962795375,5.822791603821017,5.541512694821518,8.950332076420313,5.904151960784315,7.728039969834088,8.506395173453996,6.370385495223731,7.682045625942685,3.868828808446455,8.12243061840121,5.944403594771242,6.737249245852186,6.971128959276014,4.2010522875817005,7.702320010055301,8.840764705882352,7.649949723479136,6.184643790849672,9.085942810457514,9.63737745098039,6.482596279537453,9.394241452991452,8.154178858722975,8.665951231774763,5.612732151835089,9.488295625942683,5.674281045751632,4.5341737053795885,8.525298516842632,6.543028280542985,9.608481523378584,8.01276571141277,4.209622046254397,4.186776143790848,7.600479763700353,11.411378707893416,5.345072272498742,7.183575289089996,5.980673705379587,7.589385997988938,7.695353318250375,4.962380467571644,8.938124057315232,8.082497988939165,7.672645173453996,8.120149446958267,6.671040723981898,7.93554361488185,6.861871920563098,5.261003645047762,5.560966314731019,6.10503205128205,7.603919054801406,8.527371794871796,8.711778406234288,5.310902966314728,9.2861104826546,4.183443690296631,7.181790221216692
GSM363225,10.69003871292107,8.15180656108597,7.257315485168427,8.644807692307689,6.344604952237305,6.941496480643539,9.609151835093016,7.672842760180996,5.001732905982906,7.650414529914526,9.566769859225742,7.544015962795376,5.342791603821016,5.189512694821518,8.736332076420315,6.4001519607843145,8.266039969834088,8.852395173453996,6.195385495223731,7.1890456259426845,4.472828808446455,8.05243061840121,6.138403594771242,6.979249245852186,6.290128959276014,3.7390522875817,7.032320010055301,9.340764705882352,4.898949723479136,4.9776437908496725,8.238942810457516,9.889377450980389,5.861596279537452,8.254241452991451,7.435178858722976,8.841951231774761,5.371732151835089,7.9382956259426845,4.824281045751632,5.248173705379588,9.573298516842634,6.296028280542985,8.93548152337858,7.93676571141277,5.076622046254397,4.615776143790847,5.405479763700353,10.215378707893414,5.337072272498742,5.705575289089996,7.617673705379587,7.333385997988938,8.069353318250375,4.389380467571644,9.438124057315232,8.286497988939166,6.357645173453997,8.369149446958268,6.496040723981898,8.137543614881851,5.187871920563097,5.803003645047762,5.399966314731018,5.29703205128205,7.192919054801406,7.681371794871796,8.749778406234288,6.438902966314728,8.4111104826546,4.046443690296631,7.272790221216692
GSM363233,10.73803871292107,8.00380656108597,6.963315485168427,9.076807692307687,6.959604952237306,7.160496480643539,10.115151835093016,7.499842760180996,4.684732905982907,8.227414529914526,9.59676985922574,7.940015962795376,5.985791603821016,5.824512694821518,8.888332076420314,6.501151960784315,8.118039969834088,9.223395173453996,5.957385495223732,7.444045625942684,4.519828808446455,7.955430618401211,5.252403594771242,6.4702492458521865,6.538128959276015,5.2830522875817,8.368320010055301,8.910764705882352,7.735949723479136,7.228643790849673,7.554942810457514,10.299377450980389,6.261596279537453,9.491241452991453,8.216178858722976,8.670951231774762,5.512732151835089,8.378295625942684,6.478281045751632,4.289173705379588,8.664298516842631,6.4780282805429845,9.756481523378582,7.93676571141277,4.649622046254398,4.452776143790848,7.781479763700353,10.002378707893415,5.895072272498743,5.763575289089996,5.877673705379586,7.566385997988938,7.368353318250375,4.964380467571644,8.258124057315232,8.300497988939165,7.892645173453996,8.100149446958268,7.237040723981898,8.005543614881852,6.509871920563097,5.649003645047762,5.632966314731019,6.4650320512820505,6.209919054801406,7.727371794871796,8.339778406234288,6.115902966314729,8.5681104826546,3.945443690296631,7.255790221216691
GSM363353,10.44603871292107,8.06280656108597,7.3613154851684275,8.65580769230769,7.090604952237306,6.954496480643539,9.360151835093015,6.816842760180996,4.947732905982907,7.623414529914526,9.45876985922574,7.680015962795376,6.658791603821016,5.908512694821518,8.997332076420314,8.847151960784315,8.924039969834087,8.382395173453995,5.831385495223731,7.044045625942684,5.629828808446455,7.347430618401211,4.585403594771242,6.810249245852186,5.809128959276015,5.5540522875817,7.383320010055301,8.18876470588235,7.638949723479135,7.697643790849672,7.426942810457515,8.937377450980389,6.3115962795374525,8.925241452991452,7.819178858722976,8.29495123177476,5.740732151835089,8.519295625942684,6.914281045751632,4.032173705379589,9.128298516842634,7.991028280542984,10.029481523378582,8.03276571141277,4.785622046254398,5.660776143790848,8.773479763700355,9.330378707893416,7.066072272498742,5.709575289089996,6.181673705379587,7.889385997988938,6.861353318250376,5.284380467571643,8.959124057315233,8.253497988939166,7.221645173453997,8.100149446958268,7.187040723981898,8.10654361488185,6.731871920563097,4.887003645047762,4.9699663147310185,6.295032051282051,5.482919054801406,7.356371794871796,8.354778406234288,5.280902966314728,8.5531104826546,4.198443690296631,6.640790221216691
GSM363252,10.678038712921069,7.96780656108597,7.253315485168427,9.237807692307689,6.827604952237306,7.208496480643539,10.774151835093017,7.724842760180995,5.237732905982907,8.450414529914525,9.649769859225742,7.785015962795375,5.921791603821016,5.617512694821518,8.731332076420314,5.653151960784315,8.032039969834088,8.913395173453996,6.404385495223732,8.041045625942683,5.024828808446455,7.931430618401211,6.826403594771242,6.509249245852186,6.685128959276015,4.063052287581701,8.5773200100553,7.006764705882351,7.323949723479136,6.077643790849672,8.468942810457513,8.248377450980389,5.822596279537453,9.545241452991451,7.721178858722976,8.568951231774761,6.024732151835089,8.964295625942684,6.070281045751631,5.968173705379589,10.213298516842634,7.384028280542985,8.690481523378583,7.541765711412769,4.331622046254397,4.425776143790848,6.709479763700353,10.686378707893414,5.687072272498742,6.993575289089995,7.146673705379587,7.657385997988938,7.853353318250376,4.929380467571644,10.326124057315234,8.033497988939166,5.901645173453996,8.396149446958267,6.384040723981898,8.15554361488185,5.525871920563097,5.430003645047762,5.547966314731019,6.46903205128205,6.0349190548014064,7.848371794871796,7.568778406234288,5.639902966314728,8.6171104826546,4.074443690296631,7.491790221216691
GSM363214,10.422038712921069,8.11280656108597,6.916315485168427,8.81680769230769,6.793604952237305,7.6234964806435395,9.943151835093015,7.369842760180996,4.376732905982906,8.385414529914527,9.758769859225742,7.783015962795376,5.410791603821017,5.262512694821518,8.480332076420314,6.803151960784315,8.769039969834088,8.128395173453995,6.145385495223732,7.240045625942685,4.242828808446455,8.516430618401209,7.178403594771242,7.048249245852186,6.814128959276014,3.8490522875817,8.473320010055302,9.609764705882352,5.906949723479136,5.281643790849673,7.784942810457514,9.71337745098039,6.059596279537453,9.166241452991452,7.074178858722976,8.984951231774762,5.276732151835089,7.921295625942685,5.203281045751631,4.5581737053795885,9.459298516842631,5.184028280542985,8.31348152337858,7.99776571141277,4.559622046254398,4.066776143790848,4.105479763700353,10.839378707893417,5.213072272498742,5.793575289089996,6.786673705379587,7.117385997988938,7.848353318250376,4.447380467571644,9.426124057315231,8.123497988939166,6.449645173453996,8.169149446958269,5.452040723981899,7.91654361488185,4.660871920563097,5.326003645047762,5.288966314731018,5.78803205128205,8.996919054801406,8.892371794871796,8.981778406234287,5.234902966314729,8.901110482654598,4.679443690296631,7.002790221216691
GSM363179,10.489038712921069,7.94580656108597,6.666315485168427,8.00880769230769,6.807604952237305,6.951496480643539,8.759151835093016,7.369842760180996,4.3087329059829065,8.432414529914528,9.521769859225742,7.748015962795375,5.592791603821016,5.226512694821518,8.803332076420315,7.148151960784315,8.624039969834087,8.266395173453995,4.719385495223731,6.536045625942684,4.304828808446454,7.972430618401211,6.932403594771242,6.792249245852186,6.478128959276015,4.784052287581701,7.824320010055302,10.29776470588235,5.459949723479136,6.778643790849673,7.301942810457515,9.67337745098039,5.591596279537453,9.736241452991452,8.175178858722976,8.961951231774762,5.379732151835089,8.611295625942684,5.828281045751631,4.287173705379589,8.616298516842633,5.6800282805429845,9.288481523378582,8.258765711412769,4.763622046254397,4.545776143790848,5.135479763700353,9.353378707893414,5.287072272498742,5.196575289089996,7.239673705379586,7.245385997988938,7.341353318250376,4.070380467571644,8.421124057315232,8.115497988939167,6.991645173453996,8.131149446958268,6.811040723981899,8.153543614881851,6.268871920563097,5.651003645047762,5.5019663147310185,6.18403205128205,8.617919054801405,7.760371794871796,8.894778406234288,5.100902966314728,8.4351104826546,4.286443690296631,6.451790221216692
GSM363234,10.515038712921069,7.82280656108597,7.001315485168427,9.03480769230769,7.243604952237305,7.279496480643539,10.332151835093017,7.495842760180995,5.155732905982906,8.046414529914525,9.64876985922574,7.931015962795375,6.942791603821017,5.826512694821518,9.057332076420314,6.740151960784315,8.456039969834087,8.877395173453996,5.597385495223731,7.258045625942684,6.306828808446455,7.937430618401211,6.270403594771242,6.685249245852186,6.757128959276015,4.2530522875817,7.213320010055301,7.665764705882351,4.687949723479136,5.957643790849672,8.809942810457514,10.03537745098039,5.906596279537452,9.361241452991452,7.019178858722976,8.63795123177476,5.793732151835089,9.182295625942684,5.694281045751632,4.812173705379588,9.862298516842632,7.075028280542985,8.794481523378582,8.34576571141277,4.809622046254398,4.822776143790848,7.589479763700353,10.744378707893414,5.676072272498742,7.193575289089996,6.976673705379587,7.662385997988938,7.981353318250376,5.855380467571644,9.898124057315233,8.310497988939167,5.889645173453997,7.954149446958268,6.992040723981899,8.19654361488185,4.634871920563097,5.5220036450477625,4.864966314731018,5.56203205128205,5.710919054801407,7.709371794871796,8.478778406234287,5.8409029663147285,8.2281104826546,4.647443690296631,7.388790221216691
GSM363132,10.28903871292107,8.29080656108597,7.081315485168427,8.69080769230769,6.798604952237306,7.449496480643539,9.623151835093015,7.688842760180996,4.732732905982906,8.504414529914527,9.281769859225742,7.456015962795376,5.858791603821016,5.781512694821518,8.679332076420314,6.680151960784315,8.424039969834087,9.050395173453996,5.950385495223731,7.2530456259426845,5.527828808446455,7.598430618401211,5.645403594771242,6.351249245852186,6.548128959276014,4.8190522875817,7.388320010055302,9.29776470588235,7.012949723479136,5.367643790849672,8.639942810457516,10.562377450980389,5.916596279537452,9.864241452991452,7.710178858722976,8.580951231774762,5.833732151835089,7.758295625942685,6.175281045751632,5.028173705379588,7.856298516842632,6.3770282805429845,9.167481523378584,7.88076571141277,4.801622046254398,4.446776143790848,6.277479763700353,11.207378707893415,5.433072272498742,6.338575289089996,7.405673705379587,7.659385997988938,7.900353318250375,4.694380467571643,8.008124057315232,8.031497988939165,7.421645173453996,7.981149446958268,6.623040723981898,7.862543614881851,5.332871920563097,6.372003645047762,5.135966314731019,5.64203205128205,6.511919054801407,8.213371794871795,8.098778406234288,6.366902966314728,9.4021104826546,3.609443690296631,6.894790221216692
GSM363189,10.606038712921068,8.21680656108597,7.697315485168427,8.97380769230769,7.1906049522373054,7.021496480643539,10.892151835093015,7.449842760180996,4.536732905982906,7.601414529914527,9.823769859225742,7.649015962795375,5.766791603821017,5.902512694821518,8.972332076420313,6.843151960784315,8.037039969834087,8.861395173453996,6.326385495223732,7.345045625942684,4.934828808446455,7.720430618401211,6.488403594771242,6.9622492458521865,5.345128959276015,4.5220522875817,7.528320010055301,9.283764705882351,6.342949723479136,5.5816437908496725,7.931942810457515,9.89937745098039,6.240596279537453,10.229241452991452,8.089178858722976,8.918951231774763,5.521732151835089,8.733295625942684,5.261281045751632,5.428173705379589,8.826298516842634,7.140028280542984,9.56348152337858,8.70876571141277,4.892622046254397,4.668776143790848,6.745479763700353,9.890378707893417,6.130072272498742,6.697575289089996,6.660673705379587,7.714385997988938,7.839353318250375,4.989380467571643,8.147124057315231,8.216497988939166,7.396645173453996,8.285149446958268,6.9490407239818985,8.188543614881851,5.720871920563098,5.483003645047762,5.450966314731018,5.97003205128205,7.297919054801406,7.829371794871796,8.337778406234289,6.063902966314728,8.933110482654598,3.836443690296631,7.432790221216692
GSM363229,10.564038712921068,7.9768065610859695,6.869315485168428,8.42780769230769,6.772604952237305,6.68749648064354,9.270151835093015,7.524842760180996,4.219732905982906,7.927414529914526,9.61076985922574,7.668015962795375,5.168791603821017,5.1795126948215175,8.829332076420314,6.904151960784315,8.700039969834087,8.419395173453996,5.275385495223731,6.951045625942684,4.438828808446455,8.39243061840121,6.547403594771242,6.616249245852186,5.073128959276015,4.7210522875817,7.284320010055302,10.100764705882352,7.049949723479136,6.874643790849673,8.407942810457513,9.434377450980389,6.066596279537452,9.571241452991451,7.866178858722976,8.891951231774762,5.480732151835089,8.189295625942684,5.880281045751632,4.379173705379588,6.775298516842633,5.8530282805429845,9.25548152337858,8.08476571141277,4.914622046254397,4.715776143790848,6.105479763700353,9.333378707893417,5.523072272498742,5.446575289089996,6.561673705379587,7.368385997988938,7.388353318250376,4.455380467571644,6.897124057315232,8.236497988939165,6.3996451734539965,8.260149446958268,6.454040723981898,8.18054361488185,6.298871920563097,5.806003645047762,6.028966314731019,6.16303205128205,8.125919054801408,8.106371794871796,8.523778406234289,5.096902966314729,8.616110482654598,4.086443690296631,7.011790221216692
GSM363041,10.028038712921068,7.86580656108597,8.753315485168427,9.323807692307687,7.623604952237305,8.14449648064354,11.538151835093016,7.333842760180995,8.125732905982906,6.588414529914527,7.626769859225742,8.240015962795376,7.864791603821017,6.114512694821518,8.842332076420314,4.952151960784315,7.456039969834087,8.357395173453995,5.892385495223731,5.897045625942685,7.5288288084464545,4.057430618401211,3.627403594771242,6.222249245852186,4.572128959276014,3.8240522875817,4.997320010055302,4.076764705882352,4.530949723479136,3.910643790849672,7.839942810457514,10.684377450980389,6.526596279537452,10.322241452991452,6.968178858722976,6.203951231774762,6.084732151835089,5.191295625942685,3.733281045751632,7.894173705379588,13.073298516842634,11.228028280542985,8.50248152337858,6.51876571141277,4.799622046254397,5.661776143790847,6.093479763700353,10.207378707893415,7.175072272498742,6.079575289089996,5.0186737053795865,7.641385997988938,9.494353318250376,4.094380467571644,13.134124057315232,8.820497988939167,6.730645173453996,8.298149446958268,7.978040723981898,8.33854361488185,4.801871920563097,6.291003645047762,5.223966314731018,4.10803205128205,3.327919054801406,5.571371794871796,3.890778406234288,7.733902966314728,6.4691104826546,3.966443690296631,6.643790221216691
GSM363236,10.80503871292107,8.60580656108597,8.065315485168428,9.15480769230769,6.978604952237306,7.575496480643539,10.874151835093016,8.487842760180996,5.456732905982906,7.889414529914526,9.37376985922574,7.639015962795375,8.046791603821017,6.2885126948215175,9.082332076420316,5.252151960784315,7.082039969834088,8.515395173453996,7.642385495223731,6.674045625942685,6.031828808446455,6.3504306184012105,4.8624035947712425,6.959249245852186,5.814128959276014,4.1770522875817,7.091320010055301,7.635764705882352,6.764949723479136,6.2836437908496725,7.998942810457515,9.434377450980389,6.443596279537452,9.917241452991451,7.669178858722976,8.148951231774763,6.494732151835089,7.961295625942685,5.799281045751632,4.799173705379588,9.359298516842632,9.251028280542984,9.26148152337858,7.8317657114127694,4.532622046254398,6.248776143790847,8.480479763700352,10.482378707893416,8.126072272498742,5.803575289089996,6.335673705379587,8.129385997988939,6.519353318250376,6.126380467571644,9.388124057315231,8.368497988939167,6.587645173453996,8.479149446958267,7.101040723981899,8.42354361488185,5.629871920563097,5.031003645047762,5.725966314731019,5.93803205128205,4.962919054801406,7.073371794871796,7.850778406234288,4.967902966314728,7.545110482654599,4.283443690296631,7.2587902212166915
GSM363322,10.352038712921068,8.18580656108597,6.954315485168428,8.987807692307689,6.367604952237306,7.762496480643539,9.523151835093016,7.376842760180995,4.062732905982906,8.233414529914526,9.21276985922574,8.115015962795376,6.205791603821017,5.594512694821518,8.485332076420313,7.774151960784315,8.564039969834088,8.452395173453995,5.924385495223731,8.551045625942685,4.607828808446455,8.015430618401211,7.094403594771242,6.902249245852186,6.639128959276015,4.9190522875817,7.804320010055301,8.424764705882351,4.296949723479136,5.833643790849672,7.869942810457514,8.33937745098039,5.583596279537453,9.415241452991452,7.818178858722976,8.45195123177476,5.611732151835089,7.060295625942684,4.745281045751632,5.5661737053795886,8.755298516842632,7.011028280542985,8.501481523378583,8.50076571141277,5.546622046254398,4.632776143790848,6.705479763700353,10.191378707893415,6.727072272498742,4.729575289089996,7.320673705379587,7.098385997988938,7.854353318250376,4.130380467571643,8.677124057315233,8.306497988939165,6.914645173453996,8.284149446958267,6.993040723981898,8.08154361488185,6.203871920563097,5.819003645047762,5.230966314731019,5.28503205128205,7.438919054801406,7.649371794871796,8.027778406234287,4.576902966314728,8.9521104826546,4.629443690296631,6.804790221216692
GSM363062,10.512038712921068,8.36980656108597,7.020315485168427,8.92080769230769,7.034604952237306,7.626496480643539,9.298151835093016,7.813842760180996,4.287732905982907,8.430414529914525,9.243769859225742,7.859015962795376,6.334791603821016,5.620512694821518,8.831332076420313,6.963151960784315,8.288039969834088,8.462395173453995,5.720385495223732,7.246045625942684,3.884828808446455,8.013430618401213,6.328403594771242,6.432249245852186,6.484128959276014,4.3050522875817006,9.3273200100553,8.414764705882352,7.737949723479136,7.038643790849672,7.847942810457514,9.70837745098039,6.172596279537452,10.063241452991452,8.227178858722976,8.658951231774761,5.696732151835089,7.447295625942685,5.755281045751632,5.021173705379589,9.418298516842633,5.144028280542985,8.995481523378583,8.47076571141277,4.464622046254397,3.536776143790848,7.082479763700353,10.174378707893416,5.972072272498743,5.210575289089996,6.589673705379587,7.666385997988938,7.641353318250376,4.650380467571644,9.346124057315231,8.447497988939165,6.671645173453996,8.236149446958267,6.077040723981899,8.153543614881851,6.617871920563097,6.228003645047762,6.128966314731018,5.98303205128205,8.482919054801407,7.305371794871796,8.307778406234288,4.746902966314728,8.773110482654598,4.500443690296631,6.980790221216692
GSM363093,10.314038712921068,8.32480656108597,6.492315485168427,7.99480769230769,5.724604952237305,7.343496480643539,9.202151835093016,6.894842760180995,3.5707329059829065,7.104414529914527,9.229769859225742,7.364015962795376,5.533791603821016,4.967512694821518,8.314332076420314,7.839151960784314,8.941039969834087,8.275395173453996,5.102385495223731,6.025045625942685,3.976828808446455,7.69343061840121,5.857403594771243,6.453249245852186,6.208128959276015,5.300052287581701,7.398320010055301,9.833764705882352,7.167949723479135,6.326643790849673,7.0059428104575145,9.42337745098039,6.004596279537452,8.592241452991452,7.558178858722976,8.26295123177476,5.468732151835089,7.591295625942685,6.301281045751632,3.4331737053795885,9.715298516842632,5.362028280542985,8.880481523378581,8.274765711412769,4.650622046254397,4.227776143790847,6.951479763700353,8.629378707893416,5.169072272498743,5.797575289089996,6.711673705379587,6.913385997988938,7.350353318250375,4.558380467571643,9.291124057315232,7.906497988939166,7.265645173453996,8.373149446958267,6.984040723981899,7.91354361488185,5.4598719205630974,5.581003645047762,4.965966314731018,6.24903205128205,5.602919054801406,7.535371794871796,8.780778406234287,5.329902966314728,8.9021104826546,4.187443690296631,6.360790221216692
GSM363064,10.29903871292107,8.07280656108597,6.066315485168428,9.38580769230769,7.554604952237305,7.017496480643539,9.194151835093017,7.618842760180995,4.1677329059829065,7.448414529914526,9.09976985922574,7.240015962795375,5.5267916038210165,4.339512694821518,8.850332076420313,7.554151960784315,8.752039969834087,7.845395173453995,4.422385495223732,6.084045625942684,4.048828808446455,6.442430618401211,6.185403594771242,6.142249245852186,6.667128959276015,3.9220522875817,8.234320010055301,8.828764705882351,7.469949723479136,6.223643790849672,8.144942810457515,9.67837745098039,5.568596279537452,9.989241452991452,8.035178858722976,8.51895123177476,5.161732151835089,8.570295625942684,5.379281045751632,3.652173705379589,8.288298516842634,4.7890282805429845,9.321481523378583,8.63176571141277,4.494622046254397,4.140776143790848,7.002479763700353,9.411378707893416,5.800072272498742,4.163575289089996,7.107673705379587,7.281385997988938,6.918353318250376,4.725380467571644,9.260124057315233,8.476497988939165,6.462645173453996,7.9931494469582685,5.987040723981898,7.66454361488185,6.913871920563097,6.3330036450477625,5.811966314731018,4.726032051282051,5.827919054801407,5.510371794871796,9.09077840623429,3.889902966314728,7.8311104826546,3.797443690296631,6.192790221216692
GSM363001,10.39503871292107,8.49680656108597,6.617315485168427,8.32580769230769,6.532604952237306,7.736496480643539,9.479151835093017,7.755842760180996,3.7237329059829065,8.145414529914525,9.44976985922574,7.791015962795376,5.948791603821016,5.573512694821518,8.336332076420314,7.297151960784315,8.180039969834088,8.450395173453995,6.058385495223732,8.085045625942684,4.124828808446455,8.21543061840121,6.893403594771242,6.530249245852186,6.698128959276015,4.127052287581701,7.611320010055302,10.03476470588235,4.467949723479136,5.215643790849672,7.849942810457515,9.72437745098039,6.058596279537452,9.524241452991452,6.962178858722976,8.995951231774761,5.577732151835089,8.633295625942685,5.772281045751632,4.451173705379588,7.987298516842633,4.854028280542985,7.428481523378583,8.34676571141277,4.494622046254397,4.207776143790848,5.669479763700353,10.831378707893416,4.604072272498742,5.668575289089996,7.518673705379586,7.534385997988938,7.318353318250375,4.456380467571644,8.31212405731523,8.303497988939165,5.822645173453997,8.272149446958268,4.889040723981898,8.30254361488185,4.528871920563097,5.853003645047762,5.728966314731019,5.03203205128205,8.517919054801407,8.800371794871795,8.921778406234289,4.778902966314728,8.5101104826546,4.040443690296631,7.384790221216692
GSM363110,9.55803871292107,8.10980656108597,4.701315485168427,7.462807692307689,6.013604952237306,7.637496480643539,6.884151835093015,6.615842760180995,4.985732905982906,7.639414529914526,7.886769859225741,6.754015962795376,6.139791603821016,4.462512694821518,6.521332076420314,6.094151960784315,7.337039969834088,7.178395173453995,4.815385495223731,6.483045625942684,3.745828808446455,6.277430618401211,5.413403594771242,6.266249245852186,4.257128959276015,3.710052287581701,6.426320010055301,8.944764705882351,4.602949723479136,5.1266437908496725,6.209942810457514,7.784377450980389,5.799596279537452,7.568241452991452,6.2241788587229765,7.900951231774762,5.161732151835089,7.084295625942684,4.692281045751632,5.141173705379589,6.310298516842633,5.098028280542985,7.280481523378582,7.07276571141277,4.592622046254397,3.652776143790848,6.071479763700353,9.167378707893414,4.189072272498742,4.689575289089996,8.329673705379587,6.596385997988938,7.419353318250375,4.289380467571644,6.631124057315232,7.419497988939166,4.232645173453997,8.094149446958268,6.293040723981898,7.777543614881851,4.439871920563097,6.524003645047762,4.507966314731019,5.60703205128205,4.090919054801407,8.464371794871797,6.523778406234288,5.347902966314728,9.1981104826546,3.5684436902966308,6.280790221216692
GSM363208,10.79903871292107,8.09680656108597,8.347315485168426,9.44980769230769,7.655604952237305,7.499496480643539,10.417151835093016,8.284842760180995,7.044732905982906,7.8644145299145265,9.329769859225742,7.872015962795376,6.730791603821016,6.378512694821518,9.304332076420314,5.630151960784315,7.827039969834088,9.588395173453996,6.656385495223732,7.525045625942685,8.369828808446455,6.542430618401211,4.055403594771242,6.706249245852186,6.205128959276014,5.1530522875817,6.1083200100553015,7.693764705882351,6.461949723479136,4.231643790849672,7.946942810457514,9.424377450980389,6.243596279537452,9.447241452991452,7.597178858722976,7.932951231774762,6.163732151835089,6.225295625942684,4.418281045751632,5.955173705379589,9.760298516842631,10.131028280542983,9.332481523378584,7.77376571141277,4.5616220462543975,6.220776143790848,8.409479763700354,9.977378707893417,7.648072272498742,6.152575289089996,5.603673705379586,8.226385997988938,7.120353318250376,5.742380467571643,9.829124057315234,8.534497988939165,6.9766451734539965,8.450149446958267,7.888040723981899,8.11454361488185,6.723871920563097,5.344003645047763,5.6829663147310185,5.9890320512820505,4.807919054801406,7.319371794871796,7.1367784062342885,6.240902966314729,8.3881104826546,4.76144369029663,7.105790221216692
GSM363397,10.591038712921067,8.18780656108597,6.363315485168427,8.40280769230769,6.586604952237305,6.678496480643539,9.034151835093017,7.771842760180996,4.160732905982907,8.503414529914526,9.61676985922574,7.294015962795376,5.679791603821016,4.943512694821518,8.887332076420314,8.063151960784316,8.702039969834088,7.838395173453995,4.194385495223732,6.544045625942684,4.146828808446455,7.80243061840121,6.8144035947712425,6.490249245852186,6.328128959276015,5.5390522875817005,7.560320010055301,9.402764705882351,7.410949723479136,7.828643790849672,7.367942810457515,6.2083774509803895,5.5775962795374525,10.043241452991452,7.849178858722976,8.48695123177476,5.472732151835089,8.504295625942685,6.827281045751632,3.745173705379589,9.070298516842634,6.898028280542984,9.85448152337858,8.96676571141277,4.532622046254398,4.423776143790848,5.909479763700353,9.263378707893414,5.976072272498742,5.606575289089996,6.544673705379587,7.477385997988938,7.141353318250376,4.201380467571644,9.228124057315233,8.281497988939165,6.866645173453996,7.938149446958268,6.934040723981898,8.118543614881851,7.258871920563097,5.763003645047762,5.544966314731019,6.4650320512820505,8.427919054801407,5.024371794871796,8.839778406234288,4.681902966314729,7.854110482654599,4.185443690296631,7.3147902212166915
GSM363223,10.40103871292107,8.03780656108597,7.529315485168428,8.93680769230769,6.631604952237305,7.593496480643539,9.936151835093016,7.062842760180995,4.3407329059829065,8.422414529914526,9.47276985922574,7.928015962795376,5.330791603821017,5.409512694821518,8.591332076420313,6.808151960784315,8.005039969834087,8.099395173453996,6.034385495223732,6.467045625942684,3.997828808446455,7.780430618401211,6.718403594771242,6.706249245852186,5.532128959276014,4.1390522875817,8.441320010055302,9.607764705882351,6.251949723479136,5.504643790849673,7.799942810457514,9.664377450980387,5.744596279537452,9.154241452991451,7.166178858722976,9.009951231774764,5.829732151835089,7.960295625942685,5.185281045751632,5.000173705379589,10.726298516842633,5.300028280542985,8.112481523378584,7.96876571141277,4.548622046254398,4.099776143790847,4.974479763700353,10.064378707893416,5.312072272498742,5.889575289089996,7.1996737053795865,7.096385997988938,7.786353318250375,4.162380467571643,10.711124057315232,7.790497988939166,6.797645173453996,8.281149446958267,6.025040723981898,7.92254361488185,5.823871920563097,5.396003645047762,5.271966314731018,6.008032051282051,7.359919054801407,8.348371794871795,8.287778406234288,4.787902966314729,8.7811104826546,5.222443690296631,7.261790221216692
GSM363284,10.535038712921068,8.20080656108597,6.686315485168428,8.04680769230769,6.756604952237305,6.563496480643539,9.590151835093016,7.720842760180996,3.4837329059829063,7.775414529914526,9.486769859225742,7.165015962795375,5.737791603821017,4.704512694821518,8.848332076420315,7.139151960784315,8.571039969834088,8.449395173453995,5.412385495223732,6.348045625942684,3.998828808446455,8.103430618401212,6.3704035947712425,6.590249245852186,6.434128959276015,4.7000522875817,8.5233200100553,8.257764705882352,6.343949723479136,5.8526437908496725,7.860942810457514,8.88437745098039,5.862596279537453,9.612241452991451,8.075178858722976,8.385951231774762,5.573732151835089,9.015295625942684,6.079281045751632,4.061173705379589,8.603298516842631,6.030028280542985,9.34848152337858,8.82676571141277,4.615622046254398,4.629776143790847,7.845479763700353,9.377378707893415,5.157072272498742,6.063575289089996,7.479673705379587,7.467385997988938,7.213353318250376,4.298380467571644,8.390124057315234,8.289497988939166,7.720645173453996,8.222149446958268,6.739040723981899,8.10454361488185,6.638871920563097,6.073003645047762,5.138966314731018,6.26703205128205,6.747919054801407,6.403371794871796,8.76277840623429,4.726902966314729,8.9061104826546,4.230443690296631,6.573790221216692
GSM363299,10.567038712921068,8.13780656108597,6.571315485168428,9.214807692307687,6.346604952237305,7.335496480643539,9.999151835093016,7.652842760180995,4.229732905982907,8.673414529914528,9.36076985922574,7.466015962795375,5.225791603821016,5.140512694821518,8.699332076420314,6.967151960784315,8.443039969834087,8.606395173453995,5.331385495223731,7.191045625942684,4.442828808446455,7.900430618401211,5.637403594771242,6.565249245852186,5.293128959276015,4.3650522875817,8.259320010055301,9.235764705882351,5.125949723479136,4.921643790849672,8.065942810457514,9.84337745098039,5.870596279537453,10.349241452991452,7.610178858722977,8.773951231774763,5.729732151835089,7.6032956259426845,5.665281045751632,5.291173705379588,9.331298516842631,6.557028280542985,8.732481523378581,8.20576571141277,4.666622046254397,4.536776143790847,7.156479763700353,10.050378707893415,5.221072272498742,5.719575289089995,7.539673705379587,7.709385997988938,7.712353318250376,4.548380467571644,9.150124057315232,7.819497988939166,6.722645173453996,8.175149446958267,6.616040723981898,7.83654361488185,5.331871920563097,5.3810036450477625,5.4169663147310185,5.52603205128205,8.111919054801405,8.313371794871795,8.48677840623429,5.680902966314728,9.0751104826546,5.959443690296631,6.965790221216691
GSM363140,10.621038712921068,8.113806561085969,6.739315485168428,8.63680769230769,6.194604952237306,7.387496480643539,10.362151835093016,7.423842760180996,4.539732905982906,7.286414529914526,9.84376985922574,7.633015962795375,5.430791603821016,4.991512694821518,8.337332076420314,6.8391519607843145,8.059039969834087,8.337395173453995,5.535385495223731,8.369045625942686,3.943828808446455,7.393430618401211,6.857403594771243,6.4222492458521865,5.758128959276014,4.5810522875817,6.997320010055302,8.18576470588235,7.836949723479136,7.271643790849672,8.289942810457514,8.62837745098039,6.251596279537452,9.00124145299145,7.631178858722976,8.289951231774761,5.597732151835089,8.223295625942685,7.266281045751632,4.871173705379588,10.513298516842632,6.458028280542985,8.945481523378582,7.59976571141277,4.195622046254398,4.255776143790848,6.528479763700353,10.377378707893415,5.532072272498742,6.216575289089996,7.123673705379587,7.394385997988938,7.233353318250375,3.959380467571644,10.486124057315234,7.928497988939166,5.688645173453996,8.055149446958268,6.271040723981899,7.931543614881851,6.566871920563097,5.322003645047762,5.615966314731018,6.26003205128205,6.591919054801406,8.040371794871795,8.087778406234289,5.144902966314729,8.5391104826546,4.56744369029663,6.888790221216691
GSM363044,10.229038712921067,8.53580656108597,7.152315485168427,8.62580769230769,6.506604952237305,7.685496480643539,9.802151835093015,7.460842760180996,4.586732905982906,7.877414529914526,9.53076985922574,7.512015962795376,6.248791603821017,5.969512694821518,8.771332076420315,8.000151960784315,8.551039969834088,8.874395173453996,5.839385495223731,6.440045625942685,6.006828808446455,6.665430618401211,5.240403594771243,6.131249245852186,6.038128959276015,4.106052287581701,8.255320010055302,9.29776470588235,5.042949723479135,5.071643790849673,8.414942810457514,10.148377450980387,5.802596279537452,8.951241452991452,7.825178858722976,8.220951231774762,5.936732151835089,7.693295625942684,4.731281045751632,4.424173705379588,8.040298516842633,7.534028280542985,8.97048152337858,8.49776571141277,5.8676220462543975,5.540776143790848,6.270479763700353,10.524378707893415,6.235072272498742,6.762575289089996,6.7396737053795865,7.865385997988938,8.126353318250375,4.850380467571644,7.734124057315232,8.223497988939165,6.446645173453996,8.146149446958267,6.771040723981899,8.04354361488185,4.8748719205630975,5.467003645047762,5.552966314731019,5.37003205128205,3.5229190548014064,7.684371794871796,7.668778406234288,5.684902966314729,7.7331104826546,4.093443690296631,6.965790221216691
GSM363280,10.05803871292107,8.57980656108597,6.997315485168428,7.87180769230769,6.422604952237306,7.707496480643539,9.782151835093016,6.816842760180996,5.097732905982906,7.534414529914526,9.69076985922574,7.781015962795376,6.411791603821016,4.839512694821518,8.497332076420314,5.389151960784315,8.656039969834087,8.674395173453995,4.907385495223731,6.4710456259426845,5.507828808446455,7.527430618401211,7.362403594771242,6.755249245852186,5.776128959276015,4.9260522875817,7.291320010055301,9.410764705882352,4.406949723479136,5.239643790849672,7.632942810457514,8.62537745098039,6.082596279537452,8.746241452991452,7.481178858722976,8.433951231774763,5.916732151835089,8.121295625942684,5.238281045751632,4.669173705379588,9.211298516842632,6.665028280542985,7.789481523378583,8.35576571141277,5.200622046254398,4.200776143790847,5.140479763700353,9.218378707893416,5.971072272498742,4.553575289089996,5.654673705379587,6.773385997988938,6.554353318250375,5.970380467571644,8.964124057315232,8.193497988939166,6.695645173453996,8.275149446958268,6.1510407239818985,7.78854361488185,4.657871920563097,5.630003645047762,5.175966314731019,5.23503205128205,6.741919054801406,6.901371794871796,8.402778406234287,5.352902966314728,8.608110482654599,4.083443690296631,6.957790221216691
GSM363066,10.134038712921068,8.26580656108597,7.851315485168427,9.19680769230769,5.859604952237306,7.572496480643539,10.774151835093017,6.401842760180996,3.8317329059829066,6.627414529914526,8.833769859225741,7.061015962795376,7.088791603821017,5.144512694821518,7.513332076420314,5.704151960784315,8.178039969834087,8.841395173453995,4.707385495223732,7.694045625942684,4.188828808446455,7.461430618401211,5.414403594771242,6.5792492458521865,7.226128959276014,4.3030522875817,7.648320010055301,6.155764705882351,6.351949723479136,6.289643790849673,9.643942810457514,10.63337745098039,5.260596279537452,8.972241452991451,8.440178858722977,7.862951231774762,5.522732151835089,7.521295625942685,7.505281045751632,4.239173705379589,8.968298516842633,7.033028280542985,6.183481523378583,7.89476571141277,4.231622046254397,5.191776143790848,5.089479763700353,11.033378707893416,5.598072272498742,6.209575289089996,7.312673705379587,5.929385997988938,7.708353318250376,4.600380467571644,7.700124057315232,8.181497988939165,6.947645173453997,8.563149446958267,6.448040723981898,6.636543614881851,5.078871920563097,5.342003645047762,6.393966314731019,6.55703205128205,4.4099190548014064,7.867371794871796,8.31477840623429,4.294902966314728,8.861110482654599,5.171443690296631,6.868790221216692
GSM363356,10.175038712921069,8.12880656108597,6.456315485168427,7.85780769230769,5.766604952237306,7.283496480643539,9.160151835093016,6.825842760180995,3.806732905982906,7.754414529914526,9.560769859225742,6.730015962795376,6.642791603821016,5.547512694821518,8.295332076420314,8.204151960784316,8.746039969834088,8.325395173453995,5.273385495223732,7.238045625942685,4.891828808446455,7.333430618401211,7.239403594771242,6.3292492458521865,6.370128959276014,4.9280522875817,7.213320010055301,9.344764705882351,5.821949723479136,4.911643790849673,8.095942810457515,9.13637745098039,5.644596279537453,8.560241452991452,7.086178858722977,8.226951231774763,5.639732151835089,7.535295625942685,5.703281045751631,3.977173705379588,8.105298516842634,5.652028280542985,7.8104815233785825,8.018765711412769,4.405622046254398,4.347776143790847,6.869479763700353,10.037378707893415,5.843072272498742,5.304575289089996,6.759673705379587,7.468385997988938,7.954353318250376,5.030380467571644,7.529124057315232,8.256497988939167,6.603645173453996,8.302149446958268,5.809040723981898,7.508543614881851,4.948871920563097,5.327003645047762,5.311966314731018,5.44003205128205,4.750919054801407,7.575371794871796,8.16977840623429,5.670902966314729,9.0471104826546,4.43444369029663,6.902790221216692
GSM363092,9.652038712921067,8.50080656108597,7.138315485168428,8.047807692307689,6.074604952237306,7.770496480643539,11.113151835093015,7.731842760180996,5.270732905982906,7.312414529914526,9.544769859225742,7.237015962795375,6.591791603821017,5.320512694821518,8.098332076420315,5.877151960784315,7.706039969834087,8.241395173453995,4.758385495223731,6.684045625942685,7.040828808446455,6.17743061840121,5.793403594771243,6.590249245852186,4.756128959276015,3.7080522875817,6.423320010055301,8.260764705882352,6.817949723479136,5.496643790849673,8.170942810457515,8.90737745098039,5.8355962795374525,9.266241452991451,6.7481788587229765,7.207951231774762,6.068732151835089,8.462295625942685,7.212281045751632,5.130173705379589,9.676298516842632,8.288028280542985,7.660481523378582,6.79776571141277,4.510622046254397,4.198776143790847,7.832479763700353,10.812378707893416,5.482072272498742,6.253575289089996,7.089673705379587,7.483385997988938,7.716353318250376,4.418380467571644,8.778124057315232,7.982497988939166,6.4366451734539964,8.095149446958267,6.390040723981898,7.734543614881851,5.167871920563097,4.875003645047762,4.464966314731019,6.23703205128205,4.739919054801407,7.603371794871796,8.107778406234289,6.025902966314728,8.148110482654598,4.470443690296631,6.817790221216692
GSM363244,10.261038712921067,8.10580656108597,7.447315485168427,8.90980769230769,6.749604952237306,7.602496480643539,9.245151835093017,7.326842760180996,6.004732905982906,8.349414529914526,8.878769859225741,7.675015962795376,7.367791603821017,6.5305126948215175,8.692332076420314,5.697151960784315,8.508039969834087,9.675395173453996,5.394385495223731,6.723045625942684,7.102828808446454,7.222430618401211,6.047403594771242,7.263249245852186,6.529128959276014,4.9140522875817005,6.824320010055302,8.203764705882351,6.024949723479136,5.544643790849673,7.375942810457515,8.84037745098039,5.903596279537452,8.666241452991452,7.375178858722976,8.023951231774763,6.102732151835089,6.112295625942685,5.140281045751632,5.0341737053795885,10.013298516842632,8.220028280542985,8.43548152337858,7.75776571141277,5.1706220462543975,4.766776143790848,7.251479763700353,9.969378707893416,7.124072272498742,5.973575289089996,6.6836737053795865,7.488385997988938,7.342353318250375,6.019380467571644,9.390124057315234,8.252497988939165,7.537645173453996,8.221149446958268,6.999040723981898,7.973543614881851,4.129871920563097,4.892003645047762,5.103966314731019,6.05603205128205,3.3389190548014063,8.571371794871796,8.085778406234287,7.179902966314728,8.5881104826546,3.869443690296631,7.426790221216692
GSM363059,10.630038712921069,7.87480656108597,7.405315485168427,8.74280769230769,7.086604952237305,7.686496480643539,9.469151835093015,7.433842760180996,4.895732905982906,7.751414529914526,9.775769859225742,7.954015962795376,5.761791603821017,5.376512694821518,8.734332076420314,7.331151960784314,8.360039969834087,8.951395173453996,5.268385495223732,8.083045625942685,4.303828808446455,7.942430618401211,6.2534035947712425,6.426249245852186,6.455128959276014,5.6330522875817,7.035320010055301,9.96776470588235,7.474949723479136,7.859643790849672,7.661942810457514,9.77737745098039,6.023596279537452,8.999241452991452,7.957178858722976,8.964951231774762,5.734732151835089,8.322295625942685,7.305281045751632,5.528173705379588,9.490298516842632,7.791028280542985,9.868481523378584,8.034765711412769,4.666622046254397,4.209776143790847,6.955479763700353,10.161378707893416,6.300072272498742,5.279575289089996,6.1996737053795865,7.608385997988938,7.867353318250376,5.908380467571644,9.524124057315234,8.243497988939167,7.281645173453996,8.118149446958268,7.276040723981898,8.22554361488185,7.3428719205630975,5.945003645047763,5.362966314731018,6.3720320512820505,7.217919054801406,7.633371794871796,7.786778406234288,5.041902966314728,8.3121104826546,4.26144369029663,7.4317902212166915
GSM363023,10.518038712921069,8.82280656108597,7.632315485168427,8.531807692307689,6.234604952237306,6.741496480643539,8.944151835093015,7.735842760180995,5.040732905982907,6.903414529914526,8.592769859225742,6.443015962795376,7.004791603821016,6.1795126948215175,8.586332076420314,6.536151960784315,8.102039969834088,8.644395173453995,5.356385495223732,7.078045625942685,4.208828808446455,6.863430618401211,7.357403594771243,6.346249245852186,6.487128959276014,3.8050522875817,7.277320010055301,9.05776470588235,4.299949723479136,4.504643790849673,7.610942810457514,9.44237745098039,5.689596279537453,9.307241452991452,6.719178858722977,7.798951231774762,6.640732151835089,6.468295625942685,5.110281045751632,3.5721737053795883,9.349298516842634,5.707028280542985,6.722481523378582,8.64876571141277,4.565622046254397,4.868776143790847,5.593479763700353,9.255378707893415,6.264072272498742,4.963575289089996,7.567673705379587,6.615385997988938,7.865353318250376,3.991380467571644,9.357124057315232,8.215497988939166,5.216645173453997,8.678149446958267,5.096040723981898,7.68754361488185,4.681871920563097,5.011003645047762,5.276966314731019,5.61903205128205,3.4659190548014065,7.907371794871796,6.409778406234288,4.962902966314728,9.273110482654598,4.089443690296631,7.114790221216691
GSM363254,10.208038712921068,8.24580656108597,7.159315485168428,8.45980769230769,6.0976049522373055,7.568496480643539,10.124151835093016,7.156842760180996,4.141732905982907,7.737414529914527,9.509769859225742,6.542015962795376,6.326791603821016,5.706512694821518,8.362332076420314,7.549151960784314,8.874039969834087,8.136395173453995,6.110385495223731,8.039045625942684,4.133828808446455,8.016430618401209,7.004403594771242,6.4462492458521865,6.672128959276015,3.991052287581701,7.569320010055301,7.574764705882352,5.862949723479136,5.301643790849672,8.146942810457514,6.40637745098039,6.096596279537453,9.157241452991451,7.027178858722976,8.074951231774762,5.847732151835089,8.903295625942684,5.502281045751632,3.913173705379589,9.425298516842634,5.633028280542985,7.526481523378583,8.143765711412769,4.756622046254398,4.261776143790848,4.887479763700353,10.229378707893416,5.084072272498742,6.609575289089996,7.707673705379586,7.394385997988938,8.184353318250375,5.222380467571644,9.340124057315233,8.073497988939167,6.653645173453996,8.400149446958268,5.514040723981898,7.960543614881851,4.958871920563097,5.6310036450477625,5.698966314731019,5.54603205128205,7.110919054801406,7.055371794871796,8.47477840623429,4.8729029663147285,8.916110482654599,4.03544369029663,7.227790221216692
GSM363402,10.30503871292107,8.39380656108597,6.203315485168427,8.25480769230769,6.095604952237306,6.783496480643539,8.272151835093016,7.585842760180996,4.062732905982906,8.004414529914527,9.082769859225742,7.355015962795376,5.904791603821017,5.205512694821518,8.223332076420315,8.857151960784314,8.920039969834088,8.684395173453995,4.918385495223731,7.300045625942684,4.660828808446455,7.482430618401211,6.922403594771242,6.544249245852186,5.542128959276015,5.2750522875817,6.788320010055301,10.01876470588235,6.329949723479136,6.878643790849672,8.026942810457513,9.05737745098039,5.809596279537453,8.965241452991451,7.642178858722977,8.070951231774764,5.928732151835089,7.496295625942685,7.317281045751632,4.375173705379589,8.680298516842633,5.5180282805429846,9.16548152337858,8.45376571141277,5.1786220462543975,4.579776143790848,6.468479763700353,10.003378707893416,5.289072272498742,6.756575289089996,6.512673705379587,7.540385997988938,7.379353318250375,4.291380467571644,8.399124057315234,8.211497988939167,7.426645173453997,8.277149446958267,6.208040723981898,7.70154361488185,4.532871920563097,5.758003645047762,5.290966314731018,5.91103205128205,8.062919054801405,7.342371794871796,8.072778406234288,5.235902966314728,8.550110482654599,3.942443690296631,7.227790221216692
GSM363320,10.255038712921069,8.22980656108597,7.088315485168427,8.612807692307689,6.066604952237306,7.07049648064354,10.798151835093016,6.589842760180996,4.305732905982906,7.9974145299145265,9.37876985922574,6.786015962795376,5.506791603821016,5.637512694821518,7.785332076420314,6.6821519607843145,8.166039969834088,7.618395173453996,4.988385495223731,6.7610456259426845,4.131828808446455,6.554430618401211,6.607403594771243,6.425249245852186,6.328128959276015,4.1070522875817,7.477320010055301,8.289764705882352,5.631949723479136,4.722643790849673,8.125942810457513,7.805377450980389,5.595596279537452,8.840241452991451,7.802178858722976,7.341951231774762,5.830732151835089,7.985295625942685,4.864281045751632,4.657173705379589,10.864298516842634,6.187028280542985,8.048481523378584,8.34576571141277,4.589622046254397,4.081776143790847,4.906479763700353,10.282378707893416,5.236072272498742,7.462575289089996,6.828673705379587,6.797385997988938,7.754353318250375,4.597380467571644,10.709124057315233,8.078497988939166,6.9606451734539965,8.137149446958269,6.554040723981898,7.997543614881851,4.804871920563097,5.036003645047762,5.0869663147310185,6.45403205128205,5.437919054801406,7.259371794871796,7.998778406234289,5.296902966314728,8.5851104826546,4.140443690296631,7.188790221216691
GSM363113,10.093038712921068,8.376806561085969,6.795315485168428,8.03980769230769,6.507604952237306,7.478496480643539,10.263151835093016,6.602842760180995,5.261732905982907,7.291414529914526,9.35776985922574,7.490015962795375,6.807791603821016,5.473512694821518,8.717332076420314,7.554151960784315,8.947039969834087,9.056395173453994,4.954385495223732,7.035045625942685,4.578828808446454,8.02643061840121,6.029403594771242,7.110249245852186,5.224128959276015,5.0350522875817,7.285320010055301,9.542764705882352,7.042949723479135,7.683643790849672,8.164942810457514,10.581377450980389,5.832596279537452,9.498241452991453,7.526178858722976,8.384951231774764,5.594732151835089,7.989295625942685,6.564281045751632,3.911173705379588,9.385298516842631,7.983028280542985,9.283481523378583,7.5287657114127695,4.8116220462543975,4.971776143790848,7.093479763700353,10.042378707893414,5.880072272498742,6.753575289089996,6.678673705379587,7.316385997988938,8.395353318250375,4.527380467571644,8.78012405731523,7.964497988939166,6.998645173453997,8.039149446958268,7.248040723981898,8.00054361488185,6.306871920563097,5.710003645047762,5.552966314731019,6.73003205128205,7.355919054801406,7.361371794871796,8.530778406234287,5.795902966314729,8.3121104826546,3.795443690296631,6.829790221216691
GSM363318,10.12903871292107,8.549806561085969,7.004315485168427,9.083807692307689,6.142604952237305,7.464496480643539,8.457151835093015,7.799842760180995,4.984732905982907,8.632414529914527,8.914769859225741,7.657015962795375,6.323791603821016,5.705512694821518,8.025332076420314,8.219151960784314,8.552039969834087,7.955395173453995,5.807385495223731,6.409045625942684,3.4388288084464547,7.245430618401211,5.025403594771242,6.629249245852186,6.561128959276014,3.754052287581701,7.888320010055302,7.737764705882351,5.955949723479136,5.350643790849673,7.094942810457514,10.13737745098039,6.495596279537453,9.774241452991452,8.262178858722976,8.395951231774763,6.138732151835089,7.214295625942685,5.328281045751631,6.501173705379588,8.753298516842634,5.953028280542985,8.315481523378583,8.47876571141277,4.3036220462543975,4.455776143790848,6.595479763700353,9.237378707893416,5.194072272498742,6.155575289089996,7.295673705379587,6.176385997988938,7.241353318250375,4.725380467571644,8.051124057315231,8.208497988939166,6.292645173453996,8.014149446958267,7.041040723981898,8.14954361488185,5.099871920563097,6.080003645047762,5.355966314731019,5.71703205128205,6.447919054801407,8.718371794871796,7.436778406234288,5.411902966314728,8.505110482654601,5.782443690296631,7.017790221216692
GSM363407,9.534038712921069,7.80180656108597,6.642315485168427,8.65480769230769,4.356604952237306,7.497496480643539,9.872151835093016,7.084842760180996,3.8077329059829066,7.776414529914526,8.265769859225742,6.756015962795376,6.775791603821016,5.952512694821518,7.080332076420314,6.9001519607843145,6.880039969834088,8.988395173453995,5.165385495223731,7.6440456259426846,5.547828808446455,5.9224306184012105,4.231403594771242,6.903249245852186,4.844128959276015,4.0850522875817,5.739320010055302,8.718764705882352,5.581949723479136,4.247643790849672,8.033942810457514,5.971377450980389,5.615596279537453,8.568241452991451,7.078178858722977,6.246951231774762,6.578732151835089,5.153295625942684,5.561281045751632,4.281173705379588,10.010298516842631,6.171028280542985,8.071481523378583,7.19776571141277,4.985622046254398,4.681776143790848,3.676479763700353,9.761378707893416,5.364072272498742,5.882575289089996,6.709673705379587,7.491385997988938,6.905353318250375,5.021380467571643,9.290124057315232,8.078497988939166,7.2026451734539965,8.306149446958267,4.987040723981898,6.763543614881851,4.582871920563097,4.613003645047762,5.450966314731018,4.9410320512820505,3.3549190548014063,7.624371794871796,6.026778406234288,6.152902966314729,7.925110482654599,4.981443690296631,6.943790221216692
GSM363118,10.614038712921069,8.16780656108597,7.389315485168427,9.15480769230769,6.809604952237305,7.333496480643539,9.383151835093017,7.727842760180995,4.903732905982906,8.490414529914528,9.65776985922574,7.790015962795375,6.137791603821016,5.323512694821518,8.698332076420314,6.834151960784315,8.410039969834088,9.150395173453996,6.674385495223731,8.512045625942683,5.396828808446455,7.941430618401211,5.599403594771243,6.559249245852186,6.336128959276015,5.2190522875817,6.856320010055302,8.65976470588235,5.267949723479136,4.715643790849672,8.926942810457515,9.75537745098039,6.814596279537453,9.669241452991452,7.815178858722976,8.531951231774762,5.470732151835089,8.540295625942685,5.265281045751632,5.578173705379588,8.192298516842634,7.498028280542985,9.411481523378583,8.35376571141277,4.619622046254397,4.756776143790847,7.012479763700353,11.089378707893417,6.580072272498742,6.546575289089996,6.678673705379587,7.688385997988938,7.235353318250375,4.565380467571644,7.572124057315232,8.425497988939165,7.6816451734539966,7.928149446958268,7.276040723981898,7.865543614881851,4.869871920563098,5.5830036450477625,4.810966314731019,5.79803205128205,6.764919054801406,8.396371794871795,8.71577840623429,6.182902966314728,8.770110482654598,3.917443690296631,7.2267902212166915
GSM363153,10.26003871292107,8.43180656108597,7.761315485168427,8.663807692307689,6.408604952237305,7.378496480643539,10.055151835093016,7.291842760180995,5.884732905982906,7.442414529914527,8.71676985922574,7.248015962795375,6.548791603821017,5.825512694821518,8.771332076420315,5.746151960784315,7.537039969834088,8.791395173453996,4.604385495223731,6.0240456259426844,7.674828808446454,6.7414306184012105,5.3464035947712425,6.713249245852186,6.250128959276014,5.4260522875817,6.235320010055301,7.946764705882352,5.622949723479136,5.345643790849673,7.732942810457515,9.90237745098039,5.921596279537453,9.439241452991451,7.043178858722976,7.245951231774762,5.690732151835089,6.323295625942685,6.548281045751632,4.3611737053795885,7.628298516842633,8.204028280542985,8.254481523378583,8.35676571141277,4.5216220462543975,5.563776143790848,6.813479763700353,10.289378707893414,6.610072272498742,5.572575289089996,6.6436737053795865,7.563385997988938,7.784353318250376,4.373380467571644,7.524124057315232,8.672497988939165,6.0006451734539965,8.459149446958268,6.2520407239818985,7.91354361488185,4.9918719205630975,4.767003645047762,4.934966314731018,5.05103205128205,4.203919054801406,7.127371794871796,7.675778406234288,5.849902966314729,8.8501104826546,3.953443690296631,6.838790221216692
GSM362953,10.507341880341889,8.038288461538462,7.364636752136751,8.471269230769225,5.825715811965815,7.0915598290598405,9.032418803418803,7.573673076923087,4.695540598290601,6.024952991452988,8.552912393162392,7.224728632478638,6.0785427350427295,5.962284188034191,8.203354700854703,5.670416666666673,7.842320512820515,8.943282051282045,5.937446581196576,6.197224358974354,3.9379102564102535,7.941679487179496,6.554138888888891,6.018762820512822,5.306807692307695,4.392111111111114,7.274559829059828,7.249999999999997,6.001854700854699,5.201055555555549,7.465972222222217,7.439583333333336,6.0918632478632455,8.745895299145293,7.296959401709399,7.741829059829055,6.011553418803418,7.631974358974359,5.332222222222224,4.102047008547011,7.993925213675221,5.960519230769231,7.711814102564096,7.815982905982906,4.921425213675212,5.042805555555558,6.123844017094018,9.72556196581196,6.60277136752137,6.299220085470087,7.007547008547006,6.734438034188032,6.753993589743587,4.941532051282053,7.956891025641022,8.096534188034182,7.499032051282048,8.143459401709407,6.5293076923076905,7.35875854700855,5.871177350427355,5.142938034188034,5.843572649572646,5.423455128205125,5.845376068376066,5.704679487179486,7.361767094017096,4.83664957264957,7.648121794871801,4.608457264957267,7.062566239316237
GSM363417,9.984038712921068,8.03880656108597,5.983315485168427,7.207807692307689,6.090604952237306,7.330496480643539,9.227151835093016,6.981842760180996,4.240732905982906,7.9894145299145265,9.35376985922574,7.223015962795376,6.548791603821017,4.875512694821518,7.923332076420314,8.566151960784316,8.929039969834088,8.652395173453995,4.711385495223731,7.336045625942685,4.071828808446455,8.02343061840121,7.260403594771242,6.537249245852186,6.609128959276014,3.983052287581701,7.110320010055301,9.298764705882352,3.581949723479136,4.646643790849672,7.932942810457514,8.408377450980389,5.908596279537452,8.306241452991452,6.5141788587229765,8.389951231774763,5.844732151835089,8.230295625942684,4.799281045751632,3.861173705379589,7.272298516842633,4.261028280542985,6.954481523378583,7.8797657114127695,5.033622046254397,3.998776143790847,4.194479763700353,9.754378707893416,4.477072272498742,5.391575289089996,6.868673705379587,6.602385997988938,7.155353318250375,4.463380467571644,6.859124057315232,7.850497988939166,5.634645173453996,8.040149446958267,5.343040723981899,7.572543614881851,4.222871920563097,6.0060036450477625,4.910966314731018,4.72203205128205,5.424919054801406,8.116371794871796,8.903778406234288,4.769902966314729,9.3791104826546,4.107443690296631,6.994790221216691
GSM363308,9.311038712921068,8.15580656108597,6.682315485168427,7.9108076923076895,5.037604952237306,7.395496480643539,9.252151835093017,6.312842760180995,3.762732905982906,7.421414529914526,8.342769859225742,5.948015962795376,7.209791603821016,5.315512694821518,7.232332076420314,6.686151960784315,7.877039969834088,8.049395173453995,5.008385495223731,5.679045625942685,3.991828808446455,7.1564306184012105,7.074403594771242,5.682249245852186,6.928128959276014,4.5490522875817,7.603320010055302,10.344764705882351,6.621949723479136,5.470643790849673,6.812942810457514,8.568377450980389,5.822596279537453,8.753241452991452,7.766178858722976,7.620951231774762,5.360732151835089,6.648295625942684,4.868281045751632,4.301173705379588,8.111298516842634,3.808028280542985,7.039481523378583,7.945765711412769,4.948622046254397,3.766776143790848,3.252479763700353,9.671378707893416,5.195072272498742,4.762575289089996,8.566673705379587,6.338385997988938,8.255353318250375,4.864380467571643,8.067124057315233,7.640497988939166,7.435645173453996,8.160149446958268,5.796040723981898,7.42454361488185,5.283871920563097,5.5140036450477625,4.980966314731019,5.53403205128205,4.744919054801406,6.837371794871796,8.664778406234287,4.386902966314729,10.2201104826546,4.347443690296631,6.180790221216691
GSM363195,10.396038712921069,8.10780656108597,7.538315485168427,8.94780769230769,6.582604952237306,7.109496480643539,10.010151835093016,7.182842760180995,4.351732905982907,8.160414529914526,9.11276985922574,7.629015962795376,5.569791603821017,5.441512694821518,8.609332076420314,6.1821519607843145,8.435039969834087,9.091395173453996,6.341385495223731,6.736045625942684,5.387828808446455,7.31843061840121,6.632403594771242,6.453249245852186,5.685128959276015,4.0040522875817,8.1193200100553,9.42576470588235,5.771949723479136,5.529643790849672,8.113942810457516,7.716377450980389,5.648596279537452,9.275241452991452,7.627178858722976,8.121951231774762,5.581732151835089,8.943295625942685,5.329281045751632,4.541173705379588,9.501298516842631,6.660028280542985,8.785481523378582,8.09476571141277,4.766622046254398,4.528776143790847,5.530479763700353,10.776378707893414,5.453072272498742,6.152575289089996,7.002673705379586,7.028385997988938,7.719353318250375,4.216380467571644,9.326124057315234,8.109497988939166,7.2346451734539965,8.380149446958267,6.3690407239818985,7.64854361488185,5.322871920563097,5.2000036450477625,4.997966314731018,6.03503205128205,6.998919054801406,7.483371794871796,8.517778406234289,5.908902966314728,8.787110482654601,4.811443690296631,6.507790221216691
GSM363067,10.58703871292107,8.27780656108597,7.665315485168427,9.37280769230769,6.797604952237306,7.793496480643539,9.664151835093016,7.965842760180996,5.305732905982906,8.239414529914526,9.213769859225742,7.746015962795376,6.767791603821016,6.495512694821518,8.893332076420315,6.251151960784315,7.413039969834087,9.524395173453994,6.375385495223731,8.112045625942685,6.042828808446455,6.995430618401211,4.813403594771242,6.608249245852186,6.668128959276015,4.973052287581701,6.205320010055301,8.267764705882351,7.943949723479136,5.528643790849673,8.268942810457514,10.52237745098039,6.363596279537452,9.511241452991452,8.206178858722977,8.487951231774762,6.401732151835089,7.122295625942685,5.846281045751632,5.363173705379588,10.473298516842632,7.774028280542985,9.56948152337858,7.97376571141277,5.143622046254397,4.854776143790848,8.546479763700354,10.195378707893417,7.274072272498742,5.131575289089996,6.474673705379587,7.839385997988938,8.063353318250376,6.183380467571643,10.785124057315231,8.659497988939165,6.251645173453996,8.290149446958267,7.243040723981898,8.243543614881851,4.8298719205630976,5.886003645047762,6.052966314731019,6.28003205128205,4.435919054801406,8.240371794871796,8.04477840623429,6.099902966314729,7.598110482654599,4.232443690296631,7.023790221216691
GSM363361,10.655038712921067,8.472806561085969,7.598315485168428,9.044807692307687,7.119604952237306,7.173496480643539,8.940151835093015,8.147842760180996,3.9367329059829066,7.307414529914526,9.386769859225742,7.967015962795376,5.433791603821017,5.442512694821518,9.058332076420314,8.096151960784315,8.820039969834088,8.346395173453995,6.273385495223732,7.239045625942684,4.798828808446455,7.95943061840121,5.453403594771242,6.5952492458521865,6.057128959276015,5.1260522875817,8.3563200100553,8.646764705882351,6.676949723479136,5.947643790849672,8.731942810457515,9.62437745098039,6.389596279537453,9.746241452991452,7.729178858722976,8.806951231774761,5.763732151835089,7.586295625942685,6.000281045751632,4.646173705379589,9.510298516842631,6.597028280542985,9.466481523378585,8.40876571141277,4.267622046254397,4.606776143790848,7.397479763700353,10.639378707893416,5.596072272498742,5.463575289089996,6.629673705379587,7.914385997988938,7.198353318250375,4.340380467571643,9.547124057315234,8.398497988939166,7.0566451734539966,7.9981494469582675,6.713040723981898,8.015543614881851,7.056871920563097,5.9820036450477625,5.739966314731018,5.23803205128205,8.392919054801407,7.689371794871796,8.42277840623429,5.517902966314728,8.197110482654601,5.05144369029663,7.194790221216691
GSM363171,10.598038712921069,8.34380656108597,7.408315485168427,9.04880769230769,6.6776049522373055,7.411496480643539,9.029151835093016,7.798842760180996,5.235732905982906,8.715414529914526,9.338769859225742,7.177015962795376,6.372791603821017,5.874512694821518,8.835332076420315,7.201151960784315,8.558039969834088,8.499395173453996,6.729385495223731,6.809045625942685,4.682828808446454,7.549430618401211,6.726403594771242,6.723249245852186,6.745128959276014,4.6180522875817,7.468320010055301,9.122764705882352,5.676949723479136,4.437643790849672,7.747942810457514,9.33937745098039,6.163596279537453,10.123241452991453,6.838178858722976,8.632951231774761,6.007732151835089,8.048295625942684,4.992281045751632,4.088173705379589,9.514298516842633,6.070028280542985,7.775481523378582,8.49076571141277,4.753622046254398,4.395776143790847,6.324479763700353,8.860378707893416,5.903072272498743,6.024575289089996,6.916673705379587,7.5993859979889375,7.271353318250376,5.012380467571644,9.43712405731523,8.095497988939165,6.981645173453996,8.403149446958269,6.096040723981898,7.93054361488185,4.6328719205630975,5.372003645047762,5.6269663147310185,5.12403205128205,6.501919054801406,8.184371794871796,8.321778406234287,5.604902966314729,8.8181104826546,3.932443690296631,7.620790221216692
GSM363094,10.128038712921068,8.33680656108597,6.558315485168428,8.03080769230769,6.298604952237306,7.444496480643539,8.707151835093015,7.150842760180995,4.209732905982906,6.729414529914527,8.967769859225742,7.633015962795375,5.8007916038210166,5.149512694821518,8.593332076420314,7.526151960784315,8.816039969834087,8.207395173453996,4.255385495223732,5.811045625942684,4.072828808446455,7.578430618401211,7.345403594771242,6.206249245852186,6.505128959276014,4.5290522875817,8.660320010055301,9.178764705882353,6.530949723479136,6.472643790849673,7.645942810457514,8.88137745098039,6.050596279537452,9.471241452991451,7.368178858722977,8.516951231774762,5.456732151835089,7.772295625942685,6.281281045751632,4.826173705379588,9.852298516842634,5.524028280542985,7.933481523378583,8.07576571141277,4.849622046254398,3.826776143790848,5.511479763700353,9.433378707893414,5.618072272498742,6.641575289089996,7.825673705379587,7.133385997988938,7.510353318250376,4.029380467571643,10.005124057315232,8.083497988939166,7.255645173453996,8.116149446958268,6.182040723981898,7.881543614881851,5.809871920563097,5.626003645047763,5.702966314731018,6.54003205128205,8.007919054801405,7.717371794871796,8.713778406234287,5.085902966314729,9.0211104826546,5.206443690296631,6.930790221216691
GSM363255,10.41403871292107,8.68980656108597,6.668315485168427,8.00280769230769,6.462604952237306,7.309496480643539,9.628151835093016,6.901842760180996,4.430732905982906,7.503414529914527,9.01676985922574,7.560015962795376,5.443791603821016,5.242512694821518,8.723332076420315,7.189151960784315,7.864039969834088,8.748395173453995,5.132385495223732,5.976045625942684,4.950828808446455,7.276430618401211,6.126403594771242,6.998249245852186,5.562128959276015,5.1410522875817,7.438320010055301,9.068764705882352,5.994949723479136,5.802643790849673,7.982942810457515,7.862377450980389,6.225596279537452,9.176241452991452,7.942178858722976,8.059951231774761,5.514732151835089,7.895295625942684,5.617281045751632,4.474173705379588,10.263298516842632,5.8450282805429845,8.863481523378582,8.89476571141277,4.696622046254397,4.420776143790848,6.299479763700353,9.650378707893417,5.668072272498742,6.529575289089996,7.331673705379587,7.074385997988938,7.461353318250375,4.306380467571644,9.948124057315232,8.440497988939166,6.4926451734539965,8.254149446958268,6.834040723981898,8.11754361488185,5.4838719205630975,5.568003645047762,5.0499663147310185,5.9250320512820505,4.098919054801407,5.576371794871796,8.360778406234289,4.969902966314728,8.398110482654598,4.731443690296631,6.735790221216692
GSM363278,10.380038712921069,8.21080656108597,6.391315485168427,8.46880769230769,6.317604952237305,7.275496480643539,10.267151835093015,7.293842760180995,4.158732905982906,8.243414529914528,9.813769859225742,7.629015962795376,5.191791603821017,4.8415126948215175,8.591332076420313,5.813151960784315,8.177039969834087,8.006395173453996,5.566385495223732,7.7370456259426845,4.128828808446455,6.660430618401211,6.5274035947712425,6.411249245852186,5.396128959276014,3.971052287581701,8.0453200100553,8.699764705882352,5.300949723479135,6.270643790849673,7.381942810457514,9.56737745098039,5.713596279537453,9.40824145299145,6.995178858722976,8.421951231774763,5.806732151835089,9.685295625942684,6.210281045751632,4.842173705379588,9.126298516842631,5.276028280542985,8.211481523378584,8.15676571141277,4.131622046254398,4.335776143790848,5.344479763700353,10.175378707893415,4.980072272498743,6.300575289089996,8.040673705379586,7.441385997988938,7.299353318250375,3.865380467571644,9.164124057315233,7.913497988939166,5.935645173453996,8.208149446958268,5.927040723981898,7.981543614881851,5.365871920563097,5.564003645047762,5.089966314731019,5.78203205128205,7.676919054801406,7.710371794871796,7.954778406234288,5.079902966314728,7.711110482654599,3.718443690296631,7.134790221216692
GSM363283,10.377038712921069,8.17780656108597,6.982315485168427,8.01180769230769,6.059604952237305,7.138496480643539,9.786151835093015,7.525842760180995,4.381732905982906,7.844414529914526,9.329769859225742,7.510015962795376,5.8537916038210165,4.878512694821518,8.628332076420314,7.257151960784315,8.422039969834087,8.743395173453996,5.542385495223732,6.444045625942684,4.266828808446455,8.13643061840121,6.6364035947712425,6.548249245852186,6.120128959276014,4.3510522875817,8.6543200100553,9.369764705882352,4.660949723479136,5.265643790849673,7.822942810457515,9.09537745098039,5.892596279537452,9.219241452991453,7.548178858722976,8.693951231774761,5.245732151835089,8.719295625942685,5.814281045751632,3.815173705379588,8.713298516842634,5.847028280542985,8.580481523378584,8.44276571141277,4.282622046254398,4.607776143790847,7.295479763700353,9.674378707893416,5.875072272498742,6.695575289089995,7.333673705379587,7.552385997988938,7.185353318250376,4.570380467571644,8.441124057315232,8.179497988939167,6.697645173453997,8.207149446958267,6.408040723981898,8.08054361488185,5.619871920563098,5.922003645047762,5.447966314731018,5.77503205128205,7.390919054801406,7.383371794871796,9.046778406234289,5.303902966314729,8.7171104826546,4.283443690296631,6.713790221216692
GSM363363,10.162038712921069,8.49180656108597,7.195315485168427,8.10680769230769,6.615604952237305,7.398496480643539,9.591151835093015,7.202842760180996,4.172732905982906,7.508414529914527,9.32876985922574,7.357015962795375,6.544791603821016,5.130512694821518,8.831332076420313,7.926151960784315,9.100039969834087,8.979395173453995,5.817385495223731,6.659045625942684,5.296828808446454,7.85843061840121,7.177403594771242,6.391249245852186,5.994128959276015,5.0240522875817,8.333320010055301,9.64376470588235,5.439949723479136,3.974643790849672,8.128942810457513,7.968377450980389,5.685596279537452,9.772241452991452,6.937178858722977,8.904951231774763,6.265732151835089,8.294295625942684,5.071281045751632,4.165173705379589,8.978298516842631,6.5390282805429845,7.439481523378582,8.40076571141277,4.929622046254398,4.643776143790848,7.333479763700353,10.449378707893414,5.670072272498742,6.352575289089995,6.625673705379587,7.859385997988938,7.804353318250375,4.569380467571643,9.12912405731523,8.219497988939166,6.788645173453996,8.340149446958268,5.684040723981898,7.540543614881851,5.3428719205630975,5.3810036450477625,5.867966314731018,5.36603205128205,7.4099190548014064,7.248371794871796,8.990778406234288,5.3089029663147285,9.1301104826546,4.226443690296631,7.4317902212166915
GSM363248,10.512038712921068,8.23580656108597,7.4013154851684275,9.19680769230769,7.025604952237305,7.043496480643539,8.968151835093016,7.757842760180996,4.355732905982906,8.278414529914528,9.195769859225742,7.555015962795376,5.859791603821017,5.521512694821518,8.881332076420314,7.382151960784315,8.961039969834088,8.474395173453996,5.896385495223732,6.379045625942684,4.577828808446455,8.11643061840121,7.0484035947712425,6.975249245852186,6.318128959276015,4.6220522875817,8.806320010055302,8.792764705882352,7.136949723479136,6.556643790849672,7.477942810457514,8.04037745098039,6.668596279537453,9.89224145299145,7.661178858722976,8.677951231774763,5.807732151835089,8.222295625942685,5.741281045751632,4.812173705379588,8.929298516842632,6.129028280542985,9.06048152337858,8.59976571141277,4.379622046254397,4.866776143790847,7.750479763700353,9.554378707893417,5.768072272498742,5.847575289089996,6.870673705379587,7.551385997988938,7.291353318250375,5.198380467571644,8.798124057315231,8.030497988939166,8.024645173453997,8.358149446958267,6.556040723981898,8.03954361488185,5.293871920563097,5.906003645047762,5.508966314731018,6.35203205128205,8.899919054801405,7.937371794871796,9.09077840623429,5.252902966314728,9.2331104826546,6.104443690296631,7.382790221216691
GSM363047,10.326038712921068,8.42280656108597,6.834315485168427,7.874807692307689,6.841604952237305,7.321496480643539,9.261151835093017,8.061842760180996,3.7937329059829055,8.071414529914527,9.290769859225742,7.475015962795376,6.147791603821016,4.869512694821518,8.667332076420314,7.084151960784315,8.806039969834087,8.438395173453996,5.091385495223731,6.310045625942684,4.645828808446455,8.02343061840121,6.583403594771243,6.048249245852186,6.532128959276014,3.6230522875817,9.0333200100553,10.17276470588235,5.809949723479136,4.579643790849673,8.278942810457515,10.119377450980387,6.075596279537453,10.060241452991452,7.106178858722976,8.843951231774763,5.682732151835089,8.848295625942685,4.403281045751632,3.863173705379588,9.434298516842636,4.465028280542985,7.650481523378582,7.54276571141277,4.877622046254397,4.457776143790848,4.388479763700353,10.098378707893415,5.381072272498742,7.378575289089996,7.315673705379587,7.283385997988938,7.465353318250376,3.991380467571644,9.59112405731523,8.243497988939167,5.9316451734539966,8.364149446958267,5.750040723981899,7.85554361488185,4.524871920563097,5.890003645047762,5.393966314731019,5.03203205128205,8.436919054801407,8.046371794871796,8.47177840623429,4.593902966314729,9.0411104826546,4.021443690296631,7.037790221216691
GSM363365,10.528038712921068,8.38280656108597,6.904315485168428,8.62580769230769,6.416604952237305,7.041496480643539,9.250151835093016,7.658842760180995,4.235732905982906,8.038414529914526,9.71676985922574,7.685015962795376,5.929791603821016,5.411512694821518,8.741332076420314,8.923151960784315,9.351039969834089,8.048395173453995,5.758385495223731,7.152045625942685,4.117828808446455,8.663430618401211,6.525403594771242,6.524249245852186,5.602128959276015,4.3380522875817,7.435320010055301,9.562764705882351,6.726949723479136,6.136643790849672,8.514942810457516,8.783377450980389,5.821596279537452,9.641241452991451,7.443178858722976,8.63795123177476,5.887732151835089,8.079295625942684,5.375281045751632,3.894173705379589,7.862298516842633,4.860028280542985,8.698481523378582,8.383765711412769,4.2346220462543975,4.402776143790848,4.248479763700353,10.475378707893416,5.025072272498742,5.580575289089996,6.633673705379587,7.777385997988938,7.523353318250376,3.912380467571644,7.687124057315232,8.230497988939167,7.3596451734539965,8.549149446958268,4.979040723981898,7.918543614881851,5.013871920563097,5.459003645047762,5.812966314731018,6.05903205128205,8.329919054801405,6.607371794871796,8.908778406234287,4.613902966314728,8.614110482654599,4.195443690296631,7.402790221216692
GSM363042,10.374038712921068,8.40980656108597,6.530315485168427,8.19480769230769,7.532604952237306,8.08749648064354,10.145151835093015,6.389842760180995,5.174732905982906,8.303414529914527,9.30876985922574,8.075015962795376,6.237791603821017,4.893512694821518,8.366332076420314,5.896151960784315,7.466039969834087,7.788395173453996,4.922385495223732,6.866045625942684,4.230828808446455,6.960430618401211,6.073403594771242,6.600249245852186,5.922128959276015,4.1460522875817,7.783320010055301,9.532764705882352,6.916949723479136,7.693643790849673,7.266942810457515,9.373377450980389,5.644596279537453,9.328241452991453,7.563178858722976,8.279951231774763,5.556732151835089,7.102295625942685,6.943281045751632,4.727173705379588,9.022298516842632,5.748028280542985,8.298481523378584,7.37076571141277,4.198622046254397,3.3577761437908475,5.115479763700353,9.860378707893416,5.718072272498742,4.526575289089996,6.1436737053795865,7.507385997988938,7.590353318250376,4.883380467571644,9.113124057315233,8.195497988939167,7.562645173453996,8.286149446958268,6.182040723981898,8.583543614881851,6.682871920563097,5.8730036450477625,5.088966314731018,6.2920320512820505,5.511919054801407,7.633371794871796,6.788778406234288,4.5219029663147285,8.459110482654598,3.778443690296631,6.877790221216691
GSM363028,10.582038712921069,8.36280656108597,7.574315485168428,9.096807692307689,7.163604952237305,8.093496480643537,9.339151835093016,8.262842760180996,6.109732905982907,8.104414529914525,9.39576985922574,7.562015962795376,6.773791603821016,6.7965126948215175,9.180332076420314,5.705151960784315,8.445039969834088,9.645395173453997,6.816385495223732,7.108045625942684,7.700828808446455,7.46743061840121,5.143403594771242,6.370249245852186,6.812128959276015,4.5040522875817,6.259320010055301,7.073764705882351,4.848949723479135,5.446643790849673,8.246942810457515,10.046377450980389,6.546596279537453,10.523241452991453,7.109178858722976,8.57995123177476,6.244732151835089,5.847295625942685,5.240281045751632,6.357173705379588,8.629298516842631,8.960028280542986,8.985481523378581,7.937765711412769,5.286622046254397,4.945776143790847,7.238479763700353,9.677378707893416,7.454072272498742,5.459575289089996,6.580673705379587,8.130385997988938,8.037353318250375,5.379380467571644,8.774124057315234,8.350497988939166,7.334645173453996,8.200149446958267,7.420040723981899,8.124543614881851,4.364871920563097,6.145003645047762,6.125966314731018,5.35703205128205,4.125919054801407,7.933371794871796,7.248778406234289,6.659902966314728,7.7461104826546,4.411443690296631,7.944790221216691
GSM363276,10.246038712921068,8.26080656108597,7.083315485168427,8.53680769230769,5.951604952237306,7.718496480643539,9.804151835093016,7.584842760180996,4.393732905982906,8.137414529914526,9.49176985922574,7.349015962795375,6.479791603821017,5.4745126948215175,8.271332076420315,7.693151960784315,8.693039969834087,7.908395173453996,6.033385495223731,6.369045625942684,4.217828808446455,8.364430618401212,7.489403594771242,6.516249245852186,6.075128959276015,4.0720522875817,7.004320010055301,9.852764705882352,5.770949723479136,5.441643790849672,8.570942810457513,9.38637745098039,6.008596279537453,9.078241452991453,7.749178858722976,8.846951231774764,5.605732151835089,7.283295625942685,4.800281045751632,5.395173705379588,9.514298516842633,5.9220282805429845,8.50248152337858,7.78176571141277,5.192622046254398,4.732776143790847,6.851479763700353,10.305378707893414,5.320072272498742,6.002575289089996,7.281673705379587,7.145385997988938,7.553353318250376,4.414380467571644,9.40812405731523,8.388497988939166,7.392645173453996,8.268149446958267,6.141040723981898,7.82154361488185,5.848871920563097,5.457003645047762,5.502966314731019,5.56403205128205,7.167919054801407,8.648371794871796,9.330778406234288,4.890902966314728,9.2161104826546,4.287443690296631,7.248790221216692
GSM363183,10.551038712921068,8.25980656108597,7.6273154851684275,8.71080769230769,6.779604952237306,7.585496480643539,10.013151835093016,7.089842760180996,6.413732905982906,7.791414529914526,8.878769859225741,7.404015962795376,6.304791603821016,6.286512694821518,8.883332076420315,6.429151960784315,7.805039969834087,10.035395173453995,5.500385495223731,7.299045625942685,7.106828808446455,6.880430618401211,7.009403594771242,6.7892492458521865,6.287128959276014,4.6760522875817,6.037320010055301,8.259764705882352,6.234949723479136,5.152643790849672,8.455942810457515,9.49537745098039,6.044596279537452,10.032241452991451,7.969178858722977,8.000951231774764,5.817732151835089,7.053295625942685,4.786281045751632,4.375173705379589,10.318298516842631,8.589028280542985,8.879481523378583,8.114765711412769,5.118622046254398,5.457776143790848,7.575479763700353,10.714378707893417,6.380072272498742,7.321575289089996,6.963673705379587,7.820385997988938,7.750353318250376,4.792380467571643,9.992124057315234,8.363497988939166,6.841645173453997,8.357149446958267,7.601040723981899,7.96254361488185,5.264871920563097,5.570003645047763,5.337966314731019,6.0210320512820505,5.063919054801406,7.363371794871796,8.40477840623429,7.366902966314728,8.861110482654599,4.16044369029663,6.882790221216691
GSM363154,10.271038712921069,8.26280656108597,6.963315485168427,8.34180769230769,5.874604952237306,7.480496480643539,10.192151835093016,7.255842760180996,4.503732905982907,7.706414529914526,9.355769859225742,7.138015962795376,5.625791603821017,5.418512694821518,8.397332076420314,7.090151960784315,8.639039969834087,8.998395173453995,5.863385495223731,7.961045625942685,4.799828808446454,7.769430618401211,7.231403594771242,6.451249245852186,6.478128959276015,3.5820522875817,8.7413200100553,8.005764705882353,4.297949723479136,4.806643790849672,8.799942810457516,9.32637745098039,5.801596279537453,9.311241452991451,6.205178858722976,8.39995123177476,5.665732151835089,8.489295625942685,4.301281045751632,4.406173705379588,9.986298516842634,5.253028280542985,7.115481523378582,8.11576571141277,4.4446220462543975,4.159776143790848,5.635479763700353,11.090378707893414,4.886072272498742,6.907575289089996,7.036673705379587,6.800385997988938,8.147353318250376,3.730380467571644,9.956124057315233,7.625497988939166,4.703645173453996,8.407149446958268,5.099040723981898,7.73854361488185,4.4228719205630975,4.806003645047762,5.656966314731019,4.625032051282051,7.360919054801406,8.039371794871796,8.802778406234289,5.148902966314728,8.5661104826546,4.313443690296631,7.597790221216692
GSM363103,10.493038712921068,8.28180656108597,7.872315485168428,9.03980769230769,6.365604952237305,7.6394964806435395,9.861151835093017,7.527842760180995,5.136732905982907,8.453414529914525,9.024769859225742,7.450015962795375,7.732791603821017,6.706512694821518,8.537332076420315,6.524151960784315,8.022039969834088,8.869395173453995,6.689385495223731,7.309045625942685,5.808828808446455,6.66143061840121,5.107403594771243,6.5952492458521865,5.964128959276015,4.8670522875817,5.394320010055301,7.571764705882352,5.247949723479136,4.367643790849672,8.059942810457514,8.84837745098039,6.116596279537452,8.809241452991452,7.126178858722977,7.577951231774763,6.107732151835089,5.499295625942684,4.664281045751632,4.803173705379589,9.954298516842634,7.895028280542985,8.541481523378582,7.34876571141277,4.392622046254397,4.690776143790847,8.024479763700352,10.637378707893417,6.887072272498743,6.169575289089996,6.543673705379587,7.741385997988938,7.453353318250375,5.789380467571644,9.489124057315234,8.518497988939165,7.498645173453997,8.381149446958268,6.645040723981898,7.950543614881851,4.408871920563097,5.604003645047762,5.382966314731019,5.178032051282051,3.2329190548014064,7.4263717948717956,7.526778406234288,6.108902966314728,8.322110482654601,4.151443690296631,7.049790221216692
GSM363161,10.486038712921069,8.17680656108597,7.035315485168427,8.39980769230769,6.638604952237306,7.321496480643539,9.394151835093016,7.526842760180996,5.0907329059829065,7.778414529914526,9.146769859225742,6.500015962795375,6.097791603821016,5.573512694821518,8.525332076420314,6.744151960784315,8.399039969834087,9.348395173453996,5.590385495223732,7.630045625942684,4.561828808446455,7.477430618401211,5.752403594771242,6.581249245852186,6.306128959276014,4.946052287581701,6.899320010055301,8.769764705882352,6.232949723479136,5.434643790849672,7.666942810457514,6.995377450980389,6.1705962795374525,9.343241452991451,6.9821788587229765,8.388951231774762,5.332732151835089,8.702295625942686,6.197281045751632,5.247173705379589,9.069298516842633,7.514028280542985,8.801481523378584,7.87576571141277,4.520622046254397,4.712776143790848,7.403479763700353,9.607378707893416,6.148072272498742,5.388575289089996,7.046673705379587,7.392385997988938,7.704353318250376,4.240380467571644,9.31512405731523,8.046497988939166,6.514645173453997,7.910149446958267,6.889040723981898,7.574543614881851,4.885871920563097,5.795003645047762,5.013966314731018,5.90503205128205,6.879919054801406,7.234371794871796,8.147778406234288,6.757902966314728,8.915110482654601,4.12844369029663,7.037790221216691
GSM363046,10.295038712921068,8.36680656108597,7.327315485168427,8.15280769230769,7.096604952237305,7.119496480643539,9.263151835093016,6.465842760180996,4.821732905982906,7.054414529914526,8.808769859225741,7.573015962795376,6.4707916038210165,5.467512694821518,8.571332076420314,5.931151960784315,7.689039969834087,8.797395173453996,5.159385495223732,4.852045625942685,4.207828808446455,5.5314306184012105,5.707403594771242,6.272249245852186,6.370128959276014,3.5290522875817003,7.711320010055301,8.52876470588235,7.226949723479136,6.213643790849672,7.641942810457515,9.90137745098039,5.631596279537453,9.531241452991452,7.586178858722977,8.256951231774764,6.056732151835089,6.315295625942685,7.047281045751632,4.323173705379588,10.590298516842632,5.779028280542985,8.867481523378583,8.12576571141277,4.761622046254398,3.873776143790848,6.510479763700353,10.155378707893416,6.278072272498743,6.538575289089996,6.873673705379587,6.987385997988938,6.992353318250376,4.713380467571644,11.249124057315232,7.854497988939166,7.246645173453996,8.342149446958267,6.905040723981898,7.755543614881851,6.607871920563097,5.051003645047762,4.788966314731018,6.06503205128205,3.9919190548014063,7.992371794871796,7.585778406234288,5.2159029663147285,7.699110482654599,4.134443690296631,6.835790221216691
GSM363193,10.58103871292107,8.21180656108597,6.935315485168427,8.93180769230769,7.049604952237305,7.3124964806435395,9.027151835093017,8.015842760180995,4.720732905982906,8.749414529914528,9.34376985922574,7.294015962795376,6.341791603821017,6.005512694821518,8.937332076420313,6.833151960784315,8.549039969834087,8.981395173453995,5.832385495223732,6.670045625942684,5.110828808446454,7.912430618401211,4.944403594771242,6.933249245852186,6.193128959276015,4.6230522875817,7.208320010055301,9.017764705882351,6.809949723479136,5.740643790849672,8.245942810457514,9.88037745098039,6.590596279537452,9.633241452991452,7.693178858722976,8.537951231774763,6.104732151835089,8.115295625942684,5.660281045751632,5.114173705379589,9.856298516842632,7.069028280542985,9.265481523378584,7.82576571141277,4.6626220462543975,4.667776143790848,7.913479763700353,10.552378707893416,6.034072272498742,6.962575289089996,6.511673705379587,7.813385997988938,7.445353318250375,4.525380467571644,9.528124057315232,8.516497988939166,7.026645173453996,8.411149446958268,7.040040723981898,8.14254361488185,6.126871920563097,5.4660036450477625,5.423966314731018,5.936032051282051,6.650919054801406,8.133371794871795,8.315778406234287,6.193902966314728,8.2461104826546,4.126443690296631,7.348790221216691
GSM363260,10.81503871292107,8.29180656108597,7.256315485168427,8.743807692307689,6.718604952237306,7.684496480643539,10.021151835093017,7.5128427601809955,4.726732905982907,8.322414529914525,9.37876985922574,7.608015962795376,6.452791603821017,5.452512694821518,8.701332076420314,6.848151960784315,7.768039969834088,8.135395173453995,5.464385495223731,6.2370456259426845,4.197828808446455,6.729430618401211,5.570403594771242,6.870249245852186,6.553128959276014,4.2490522875817005,7.790320010055301,7.760764705882352,7.326949723479136,6.957643790849672,7.292942810457514,9.85537745098039,5.850596279537452,9.302241452991453,7.149178858722976,8.317951231774764,6.153732151835089,9.475295625942683,6.721281045751632,4.072173705379589,10.417298516842632,6.118028280542985,8.039481523378583,8.49176571141277,4.729622046254398,4.908776143790847,6.966479763700353,9.666378707893417,5.285072272498742,6.344575289089995,7.681673705379587,7.519385997988938,7.532353318250376,5.686380467571643,10.37312405731523,8.433497988939166,6.100645173453996,8.360149446958268,6.547040723981898,7.912543614881851,5.397871920563097,5.8810036450477625,5.4169663147310185,5.92603205128205,4.929919054801406,7.852371794871796,8.077778406234287,4.851902966314729,8.9021104826546,4.512443690296631,6.388790221216691
GSM363022,10.620038712921067,8.27780656108597,6.856315485168428,8.73280769230769,7.186604952237306,7.193496480643539,9.706151835093015,7.728842760180996,4.734732905982907,8.043414529914527,9.534769859225742,7.856015962795376,5.397791603821016,6.044512694821518,8.609332076420314,7.704151960784315,8.591039969834087,8.515395173453996,6.875385495223731,6.216045625942685,4.006828808446455,8.009430618401211,6.544403594771242,5.456249245852186,6.957128959276015,4.300052287581701,7.943320010055301,9.48376470588235,6.706949723479136,6.465643790849672,8.097942810457514,10.47937745098039,5.6175962795374526,9.679241452991452,7.853178858722976,8.684951231774761,5.196732151835089,8.726295625942685,6.742281045751632,4.7201737053795885,9.114298516842634,5.567028280542985,9.12748152337858,8.521765711412769,4.873622046254398,3.977776143790847,6.894479763700353,10.016378707893416,6.211072272498742,4.729575289089996,6.935673705379587,7.748385997988938,7.634353318250375,4.295380467571643,9.457124057315234,8.304497988939167,5.873645173453997,8.281149446958267,6.693040723981898,8.29954361488185,5.527871920563097,6.258003645047762,6.019966314731018,5.09203205128205,7.541919054801406,7.388371794871796,8.549778406234289,4.698902966314728,8.311110482654598,4.26144369029663,6.736790221216691
GSM363367,10.74103871292107,8.57380656108597,6.890315485168427,8.81180769230769,6.6776049522373055,7.512496480643539,9.836151835093016,7.782842760180996,4.553732905982907,7.483414529914526,8.912769859225742,7.502015962795376,6.613791603821016,5.071512694821518,9.291332076420314,8.781151960784316,8.805039969834088,8.446395173453995,6.124385495223732,8.012045625942683,4.604828808446455,7.315430618401211,6.764403594771243,6.667249245852186,5.695128959276015,4.0730522875817,8.056320010055302,8.130764705882351,5.081949723479136,3.971643790849672,8.614942810457514,8.95237745098039,5.692596279537453,9.740241452991452,6.574178858722976,8.299951231774763,5.975732151835089,8.705295625942684,5.181281045751632,4.990173705379588,9.639298516842633,6.605028280542985,8.731481523378584,8.29276571141277,4.7956220462543975,4.540776143790848,6.302479763700353,11.267378707893416,5.309072272498742,6.175575289089996,6.514673705379587,7.823385997988938,7.389353318250375,4.994380467571644,9.388124057315231,8.297497988939165,6.908645173453996,8.469149446958268,5.754040723981898,7.803543614881851,5.112871920563097,4.851003645047762,5.548966314731018,5.0290320512820506,7.066919054801407,7.749371794871796,7.145778406234288,5.500902966314729,8.401110482654598,4.500443690296631,7.401790221216691
GSM363369,10.165038712921069,8.28480656108597,7.246315485168427,8.759807692307689,6.828604952237305,7.548496480643539,9.634151835093016,6.904842760180996,5.5827329059829065,8.586414529914528,9.44276985922574,7.686015962795376,6.872791603821017,6.089512694821518,8.863332076420313,7.727151960784315,8.214039969834088,8.953395173453995,5.694385495223732,7.049045625942685,7.819828808446455,6.212430618401211,4.465403594771242,6.278249245852186,5.465128959276015,4.8840522875817,6.562320010055301,8.415764705882351,7.621949723479136,5.268643790849673,7.885942810457514,9.33637745098039,6.072596279537453,8.100241452991451,7.576178858722976,8.230951231774764,5.586732151835089,6.914295625942684,5.300281045751632,5.078173705379588,9.955298516842632,8.357028280542984,9.757481523378583,7.92676571141277,4.733622046254397,5.329776143790848,8.164479763700353,10.217378707893417,6.681072272498742,5.244575289089996,6.692673705379587,7.932385997988938,6.769353318250376,5.378380467571644,9.430124057315233,8.232497988939166,8.001645173453996,8.283149446958268,6.802040723981898,7.835543614881851,5.215871920563097,5.414003645047762,4.975966314731019,5.51803205128205,5.007919054801406,8.042371794871796,7.862778406234288,6.291902966314728,8.093110482654598,4.195443690296631,7.054790221216692
GSM363158,10.359038712921068,8.47180656108597,7.186315485168428,8.82280769230769,6.3636049522373055,7.494496480643539,10.335151835093017,7.556842760180996,3.8727329059829065,7.806414529914527,9.441769859225742,7.579015962795376,5.442791603821017,5.4135126948215175,8.426332076420314,7.185151960784315,8.539039969834088,8.073395173453996,6.200385495223731,5.982045625942685,3.952828808446455,8.10743061840121,6.320403594771242,6.201249245852186,5.498128959276015,5.550052287581701,7.435320010055301,9.799764705882351,7.627949723479136,5.265643790849673,8.010942810457514,9.12737745098039,6.031596279537452,8.624241452991452,7.807178858722976,8.495951231774761,5.948732151835089,7.722295625942685,6.117281045751632,4.756173705379588,9.202298516842632,5.691028280542985,9.20648152337858,7.85676571141277,5.147622046254398,4.479776143790848,6.550479763700353,10.729378707893416,5.155072272498742,6.787575289089996,7.037673705379587,7.333385997988938,7.613353318250375,4.237380467571644,9.03312405731523,8.247497988939166,8.064645173453997,8.300149446958267,5.867040723981899,7.80554361488185,6.686871920563097,4.965003645047762,5.700966314731018,6.20103205128205,8.041919054801408,7.774371794871796,8.519778406234288,5.2639029663147285,8.2981104826546,3.888443690296631,7.528790221216692
GSM363421,10.00934188034189,8.415288461538463,7.395636752136752,8.352269230769226,6.746715811965815,7.81755982905984,9.027418803418804,7.271673076923086,5.103540598290601,6.889952991452987,9.341912393162394,7.6407286324786385,5.923542735042729,5.820284188034191,8.869354700854702,7.351416666666673,8.373320512820515,8.168282051282045,6.090446581196576,6.792224358974353,4.5789102564102535,7.444679487179495,6.367138888888891,6.870762820512822,6.337807692307695,3.941111111111114,7.359559829059828,8.356999999999996,6.5058547008547,5.340055555555549,6.823972222222217,8.301583333333337,5.816863247863246,8.773895299145293,6.638959401709399,8.259829059829054,5.817553418803418,8.13697435897436,5.871222222222223,4.454047008547011,8.101925213675221,6.621519230769231,7.951814102564095,8.867982905982906,5.025425213675212,4.796805555555558,7.140844017094018,9.29256196581196,6.598771367521371,6.604220085470087,7.274547008547007,7.606438034188032,7.284993589743587,5.049532051282053,8.015891025641022,8.223534188034183,5.982032051282049,8.209459401709406,5.54230769230769,7.93575854700855,4.402177350427355,5.800938034188034,5.556572649572646,5.012455128205125,5.432376068376066,6.191679487179486,7.293767094017095,5.06064957264957,8.3391217948718,4.196457264957267,7.338566239316237
GSM363423,10.24234188034189,8.297288461538463,7.077636752136751,8.776269230769225,6.576715811965815,7.366559829059841,8.704418803418804,7.193673076923087,4.135540598290601,7.329952991452989,8.916912393162393,7.799728632478638,5.681542735042729,5.439284188034192,8.706354700854702,6.4394166666666734,7.110320512820515,8.419282051282046,6.087446581196576,6.439224358974354,4.198910256410254,5.846679487179495,6.864138888888891,6.018762820512822,6.380807692307695,4.416111111111114,7.517559829059828,8.033999999999999,6.0208547008547,6.056055555555549,6.248972222222218,8.373583333333336,6.300863247863246,9.615895299145292,7.278959401709399,8.073829059829055,5.652553418803418,9.05397435897436,6.252222222222224,5.121047008547011,10.22192521367522,6.301519230769231,8.532814102564096,9.124982905982906,4.327425213675212,4.507805555555558,6.707844017094018,7.91356196581196,6.74077136752137,4.090220085470087,6.911547008547006,7.449438034188032,6.354993589743587,4.933532051282053,10.238891025641022,8.159534188034183,6.216032051282049,8.155459401709408,6.32130769230769,7.69775854700855,5.650177350427355,5.306938034188034,5.076572649572646,5.9584551282051255,6.868376068376066,6.859679487179486,7.636767094017096,4.156649572649569,8.8701217948718,4.403457264957267,7.267566239316237
GSM363425,10.286341880341888,8.766288461538462,7.118636752136752,8.101269230769226,6.709715811965815,7.568559829059841,9.410418803418803,7.297673076923086,5.355540598290601,6.811952991452988,9.015912393162392,7.405728632478638,5.638542735042729,5.852284188034191,8.648354700854702,5.084416666666673,5.665320512820514,7.948282051282046,5.663446581196576,5.813224358974353,5.714910256410254,6.589679487179494,5.672138888888892,6.000762820512822,5.216807692307695,4.301111111111114,6.439559829059828,7.940999999999998,7.0128547008547,6.115055555555549,6.957972222222217,7.978583333333336,5.925863247863246,8.769895299145292,6.9389594017094,7.608829059829055,5.979553418803418,8.16697435897436,6.470222222222223,4.667047008547011,9.18692521367522,6.650519230769231,7.760814102564096,8.378982905982907,5.144425213675212,5.742805555555559,6.435844017094018,9.60556196581196,6.62877136752137,4.753220085470087,7.021547008547007,7.185438034188032,7.4369935897435875,5.024532051282053,9.239891025641022,7.258534188034182,5.28703205128205,8.162459401709405,5.735307692307691,7.6917585470085506,6.298177350427355,4.933938034188034,5.375572649572646,6.1474551282051255,3.835376068376066,6.578679487179486,6.616767094017096,5.76264957264957,8.9551217948718,4.451457264957267,6.975566239316237
GSM363427,10.716341880341888,8.785288461538462,8.323636752136752,9.405269230769225,7.179715811965814,8.23155982905984,9.671418803418804,8.268673076923086,5.433540598290601,6.509952991452988,9.515912393162392,8.21172863247864,6.366542735042729,5.789284188034191,9.617354700854705,5.772416666666674,7.016320512820514,8.294282051282046,7.836446581196576,7.182224358974353,4.223910256410253,6.453679487179495,4.969138888888891,6.745762820512822,4.530807692307695,4.935111111111114,5.786559829059828,7.376999999999998,6.772854700854699,6.300055555555549,8.283972222222218,8.555583333333335,6.465863247863246,10.110895299145293,7.537959401709399,7.596829059829054,6.376553418803418,7.862974358974359,5.897222222222223,4.847047008547011,10.54792521367522,9.13451923076923,8.641814102564096,8.640982905982906,4.683425213675212,5.918805555555559,5.224844017094018,10.16656196581196,8.638771367521372,5.348220085470087,6.683547008547007,7.818438034188032,7.218993589743587,4.691532051282053,10.694891025641022,8.198534188034182,6.5180320512820495,8.389459401709406,6.445307692307691,7.972758547008549,5.769177350427355,4.982938034188034,6.139572649572647,5.4374551282051256,5.1693760683760654,6.192679487179486,6.664767094017096,4.48264957264957,7.863121794871801,4.517457264957267,7.209566239316237
GSM363429,10.840341880341889,8.122288461538462,7.474636752136751,9.024269230769226,7.071715811965815,7.63855982905984,10.135418803418805,7.635673076923086,4.538540598290601,7.564952991452988,9.531912393162392,7.437728632478638,6.191542735042729,5.262284188034191,8.969354700854701,7.3704166666666735,8.499320512820514,7.8352820512820465,6.351446581196576,7.204224358974353,3.4559102564102533,7.194679487179495,5.812138888888891,6.4007628205128215,6.301807692307695,4.509111111111114,6.470559829059828,7.551999999999997,5.7948547008547,5.274055555555549,8.293972222222216,9.586583333333335,6.247863247863246,8.710895299145292,6.838959401709399,8.461829059829054,5.713553418803418,8.79197435897436,5.304222222222223,4.633047008547012,8.02892521367522,6.736519230769231,8.114814102564095,8.232982905982906,5.167425213675212,5.004805555555558,4.938844017094018,10.82856196581196,6.58577136752137,5.013220085470087,6.470547008547007,7.635438034188032,7.645993589743587,4.847532051282053,8.240891025641021,8.248534188034181,5.783032051282049,8.170459401709406,6.11430769230769,7.82775854700855,5.007177350427355,5.105938034188034,6.318572649572646,4.744455128205125,7.154376068376066,7.883679487179487,7.389767094017095,4.40864957264957,7.811121794871801,4.265457264957267,7.503566239316237
GSM363431,10.45734188034189,8.472288461538463,7.080636752136751,8.239269230769224,6.439715811965815,7.049559829059841,9.787418803418804,7.339673076923087,5.393540598290601,7.113952991452988,9.219912393162392,7.327728632478638,6.214542735042729,5.593284188034192,8.605354700854702,7.623416666666674,7.893320512820514,8.514282051282045,6.581446581196576,6.540224358974354,5.066910256410253,7.421679487179495,5.186138888888891,6.448762820512822,4.809807692307695,4.0241111111111145,6.075559829059828,8.560999999999996,6.8148547008547,5.587055555555549,7.354972222222218,8.176583333333337,5.894863247863245,9.198895299145292,7.069959401709399,8.177829059829055,5.819553418803418,6.937974358974359,5.635222222222224,5.698047008547011,9.27992521367522,6.700519230769231,8.487814102564096,7.641982905982906,4.463425213675212,4.493805555555559,5.333844017094018,9.78856196581196,6.72177136752137,5.571220085470087,6.791547008547006,7.202438034188032,7.6789935897435875,5.472532051282053,9.267891025641022,8.182534188034182,6.060032051282049,8.212459401709406,6.375307692307691,7.90775854700855,5.336177350427355,5.5519380341880336,4.935572649572646,5.250455128205125,6.244376068376066,6.826679487179487,6.840767094017096,6.01464957264957,7.974121794871801,4.297457264957267,6.908566239316237
GSM363433,10.462341880341889,8.205288461538462,6.838636752136751,8.813269230769226,6.786715811965815,7.43655982905984,8.749418803418804,7.193673076923087,4.763540598290601,7.203952991452987,9.279912393162393,7.590728632478638,6.074542735042729,5.288284188034191,8.984354700854702,7.312416666666673,7.961320512820515,8.481282051282045,6.118446581196576,6.598224358974353,4.271910256410253,7.060679487179495,6.634138888888892,6.843762820512822,5.769807692307695,4.6091111111111145,6.939559829059828,8.653999999999996,5.0988547008547,6.187055555555549,7.606972222222217,9.234583333333337,6.315863247863246,9.131895299145292,7.3379594017094,8.293829059829054,5.984553418803418,8.79997435897436,6.408222222222223,4.603047008547011,10.17992521367522,5.771519230769231,8.694814102564095,8.285982905982905,4.324425213675212,5.034805555555558,5.577844017094018,9.29856196581196,6.68777136752137,5.986220085470087,6.577547008547007,7.725438034188032,7.321993589743587,4.902532051282053,10.206891025641022,8.04753418803418,6.27403205128205,8.101459401709405,5.775307692307691,7.921758547008551,5.337177350427354,5.816938034188034,5.529572649572646,5.613455128205125,6.7413760683760655,6.603679487179486,7.763767094017095,4.37564957264957,8.024121794871801,4.802457264957267,7.057566239316237
GSM363435,10.54034188034189,8.649288461538463,8.070636752136751,9.454269230769226,6.475715811965815,7.79355982905984,9.129418803418805,8.187673076923087,4.268540598290601,7.134952991452988,9.633912393162394,7.6697286324786385,6.031542735042729,5.791284188034191,9.182354700854702,6.715416666666673,7.908320512820515,8.278282051282046,6.663446581196576,7.950224358974354,4.3129102564102535,7.841679487179495,5.994138888888892,6.927762820512822,5.477807692307695,3.880111111111114,7.582559829059828,7.9309999999999965,4.6168547008547,4.669055555555549,9.082972222222216,9.125583333333337,6.032863247863245,9.804895299145292,7.0769594017094,8.409829059829054,6.202553418803418,7.87797435897436,4.487222222222223,5.502047008547011,7.569925213675221,6.382519230769231,7.847814102564095,8.875982905982907,4.307425213675211,5.284805555555558,5.260844017094018,10.75356196581196,6.542771367521371,6.472220085470087,7.293547008547007,7.849438034188032,7.658993589743587,4.731532051282053,7.614891025641022,8.101534188034183,5.7760320512820496,8.098459401709405,5.145307692307691,7.940758547008549,5.166177350427355,5.806938034188034,5.163572649572647,5.674455128205125,7.713376068376065,7.319679487179486,7.993767094017095,4.6066495726495695,8.5011217948718,5.152457264957267,7.522566239316237
GSM363437,10.647341880341887,8.534288461538463,7.467636752136752,8.212269230769227,7.121715811965815,7.52455982905984,10.354418803418804,7.414673076923086,5.689540598290601,6.782952991452988,9.406912393162392,7.429728632478638,6.692542735042729,5.529284188034191,9.362354700854702,5.204416666666673,6.029320512820514,8.038282051282046,5.734446581196576,7.374224358974353,4.512910256410254,6.446679487179495,5.172138888888892,6.7597628205128215,4.856807692307695,4.050111111111114,6.617559829059828,6.8649999999999975,5.7418547008547,6.058055555555549,7.945972222222218,8.828583333333334,5.617863247863245,9.790895299145292,7.4709594017094,7.667829059829055,5.998553418803418,9.00797435897436,5.760222222222224,4.725047008547011,7.61692521367522,7.518519230769231,8.242814102564095,8.070982905982905,4.495425213675212,5.297805555555558,6.305844017094018,9.675561965811958,6.93777136752137,5.887220085470087,6.547547008547006,8.087438034188033,8.227993589743587,4.698532051282053,7.750891025641023,8.150534188034182,5.2520320512820495,8.287459401709405,6.0773076923076905,8.05275854700855,4.621177350427355,5.778938034188034,5.101572649572646,4.922455128205125,4.945376068376066,5.173679487179486,7.492767094017096,4.72664957264957,8.681121794871801,4.160457264957267,6.865566239316237
GSM363439,10.260341880341889,8.718288461538462,7.190636752136752,7.8412692307692256,6.937715811965814,7.56655982905984,8.674418803418803,7.7746730769230865,4.894540598290601,7.098952991452989,9.349912393162391,7.803728632478638,5.894542735042729,6.155284188034191,9.004354700854702,7.102416666666673,7.974320512820515,8.527282051282045,6.166446581196576,6.079224358974353,4.810910256410254,6.926679487179495,6.531138888888892,6.526762820512822,5.914807692307694,4.417111111111114,7.188559829059828,8.365999999999996,4.8468547008547,4.724055555555549,7.026972222222217,8.898583333333335,6.292863247863246,9.782895299145292,6.969959401709399,8.117829059829054,6.207553418803418,7.438974358974359,5.551222222222223,4.802047008547011,9.54192521367522,6.594519230769231,8.295814102564096,8.387982905982906,5.080425213675212,5.079805555555558,8.137844017094018,8.825561965811959,6.97477136752137,5.960220085470087,6.644547008547006,7.620438034188032,7.504993589743587,5.407532051282053,9.623891025641022,8.363534188034182,6.8290320512820495,8.342459401709405,6.74130769230769,7.87875854700855,5.2261773504273545,5.606938034188034,5.872572649572646,5.055455128205125,7.1853760683760655,7.073679487179486,6.978767094017096,5.0906495726495695,8.7341217948718,4.103457264957267,7.058566239316237
GSM363441,10.606341880341889,8.783288461538463,8.01563675213675,9.208269230769226,7.098715811965815,8.15055982905984,9.587418803418805,7.856673076923086,4.736540598290601,7.264952991452987,9.573912393162392,7.559728632478638,6.547542735042729,6.042284188034191,9.044354700854704,4.467416666666673,7.179320512820515,8.167282051282045,6.740446581196577,7.4202243589743535,5.166910256410254,6.428679487179495,5.734138888888891,6.9007628205128215,6.006807692307695,4.185111111111114,6.166559829059828,7.422999999999997,6.7738547008547,5.377055555555549,8.355972222222217,9.026583333333337,6.121863247863246,9.806895299145292,6.884959401709399,8.018829059829056,6.512553418803418,6.97197435897436,5.682222222222223,4.920047008547011,7.809925213675221,7.628519230769231,7.709814102564096,7.889982905982906,4.448425213675211,6.024805555555559,5.245844017094019,8.937561965811959,6.741771367521371,5.263220085470087,6.8055470085470064,7.795438034188032,7.153993589743587,4.826532051282053,7.747891025641023,8.526534188034182,5.48103205128205,8.407459401709406,5.206307692307691,7.66575854700855,5.723177350427354,5.610938034188034,5.591572649572647,4.902455128205125,5.838376068376066,6.963679487179486,7.215767094017096,4.35464957264957,8.424121794871802,4.264457264957267,7.209566239316237
GSM363443,10.60534188034189,8.659288461538463,7.614636752136751,9.086269230769226,7.234715811965815,7.80955982905984,9.409418803418804,7.946673076923086,4.850540598290601,6.797952991452989,9.348912393162394,7.734728632478638,6.636542735042729,6.531284188034191,9.008354700854705,7.022416666666674,7.888320512820514,9.337282051282044,7.135446581196576,7.124224358974353,5.504910256410254,7.201679487179495,6.561138888888891,6.5707628205128215,6.062807692307695,4.533111111111114,7.636559829059828,6.2399999999999975,5.9498547008547,4.892055555555549,8.122972222222216,9.116583333333336,6.276863247863246,9.903895299145292,7.186959401709399,8.344829059829054,6.012553418803418,6.684974358974359,5.558222222222224,5.685047008547011,8.376925213675221,7.168519230769231,8.676814102564096,8.569982905982906,4.882425213675211,5.529805555555559,6.179844017094018,10.297561965811958,7.193771367521371,6.892220085470086,6.818547008547006,7.897438034188032,7.560993589743587,4.970532051282053,8.580891025641021,8.540534188034183,6.216032051282049,8.422459401709407,6.517307692307691,7.9257585470085505,4.950177350427355,5.692938034188034,5.197572649572646,5.515455128205125,2.829376068376066,7.648679487179486,7.211767094017095,5.90764957264957,8.559121794871801,4.250457264957268,7.695566239316237
GSM363445,10.66534188034189,8.801288461538462,8.121636752136752,9.670269230769224,7.229715811965815,8.09355982905984,8.367418803418804,7.660673076923087,5.718540598290601,7.712952991452988,9.261912393162394,7.823728632478638,6.845542735042729,6.324284188034191,9.303354700854705,5.492416666666673,7.838320512820514,9.265282051282046,5.223446581196576,7.081224358974353,7.310910256410254,6.480679487179494,3.931138888888891,6.706762820512822,5.773807692307694,4.352111111111114,6.680559829059828,7.504999999999998,3.5918547008546997,4.594055555555549,6.941972222222217,9.165583333333334,6.393863247863246,9.248895299145293,7.391959401709399,7.747829059829054,6.500553418803418,7.368974358974359,4.841222222222223,5.359047008547011,7.803925213675221,7.968519230769231,8.600814102564096,8.871982905982906,4.983425213675211,5.575805555555559,7.384844017094018,9.61656196581196,8.20477136752137,5.311220085470087,5.683547008547007,7.882438034188032,6.883993589743587,5.506532051282053,8.584891025641022,8.800534188034183,6.95203205128205,8.567459401709407,7.23630769230769,8.08875854700855,4.5531773504273545,5.448938034188034,5.564572649572646,5.2004551282051255,3.322376068376066,6.698679487179486,6.078767094017096,5.6916495726495695,7.540121794871801,4.391457264957268,7.099566239316237
GSM363447,10.199341880341889,8.778288461538462,7.432636752136752,8.720269230769226,7.004715811965815,7.68155982905984,9.145418803418805,7.120673076923087,5.282540598290601,6.754952991452988,9.082912393162394,7.567728632478638,6.556542735042729,5.909284188034191,8.899354700854703,7.023416666666673,7.938320512820515,8.391282051282046,6.398446581196576,6.681224358974354,4.403910256410254,6.820679487179495,6.385138888888892,6.3077628205128216,6.117807692307695,3.973111111111114,7.183559829059828,7.900999999999997,5.4018547008547,6.202055555555549,7.2109722222222175,7.727583333333336,6.1398632478632456,9.796895299145293,6.710959401709399,8.164829059829055,5.949553418803418,7.07997435897436,5.960222222222224,4.809047008547011,8.79792521367522,6.959519230769231,8.305814102564096,8.957982905982906,4.883425213675212,5.366805555555558,6.361844017094018,8.59056196581196,6.4887713675213705,5.552220085470087,7.038547008547006,7.434438034188032,7.169993589743587,5.199532051282053,8.159891025641022,8.482534188034181,6.280032051282049,8.450459401709406,6.012307692307691,7.9547585470085505,5.147177350427355,6.095938034188034,5.587572649572646,6.077455128205125,6.679376068376066,6.746679487179486,7.647767094017095,4.37964957264957,8.442121794871802,4.115457264957268,7.524566239316237
GSM363449,10.59234188034189,8.829288461538463,7.722636752136752,8.785269230769226,7.363715811965815,7.21355982905984,9.080418803418803,7.699673076923086,5.391540598290601,7.043952991452987,9.205912393162391,8.005728632478638,6.406542735042729,6.267284188034191,9.082354700854705,6.071416666666673,8.044320512820516,8.764282051282045,6.996446581196576,7.806224358974354,5.428910256410253,7.703679487179495,5.623138888888891,6.905762820512821,5.957807692307695,4.662111111111114,6.614559829059828,7.372999999999997,6.3858547008547,4.438055555555549,8.179972222222219,7.987583333333336,6.629863247863246,10.189895299145292,7.420959401709399,8.387829059829054,6.192553418803418,6.676974358974359,5.030222222222223,4.811047008547011,9.18992521367522,7.619519230769231,8.171814102564095,8.359982905982907,4.475425213675211,5.500805555555559,7.793844017094018,10.26156196581196,6.933771367521371,5.603220085470087,5.922547008547006,7.831438034188032,7.481993589743587,4.281532051282053,9.300891025641022,8.442534188034182,6.540032051282049,8.386459401709406,6.55030769230769,7.96175854700855,5.019177350427355,5.796938034188034,5.321572649572646,4.908455128205126,3.539376068376066,5.764679487179486,7.028767094017096,5.53664957264957,7.992121794871801,4.339457264957267,7.1185662393162366
GSM712533,10.176038712921068,8.15280656108597,7.208315485168427,8.653807692307689,7.001604952237305,6.808496480643539,9.843151835093016,7.196842760180996,4.618732905982906,8.425414529914526,9.835769859225742,7.380015962795376,5.827791603821017,5.376512694821518,8.909332076420315,5.853151960784315,8.515039969834087,8.288395173453996,5.654385495223732,6.341045625942685,4.510828808446455,7.854430618401211,6.539403594771242,6.871249245852186,5.839128959276015,4.7130522875817,8.400320010055301,10.11476470588235,8.464949723479137,8.403643790849673,8.149942810457514,9.610377450980389,6.211596279537453,9.132241452991453,8.151178858722977,8.528951231774762,5.331732151835089,9.143295625942685,7.338281045751632,4.314173705379589,10.738298516842631,6.8610282805429845,9.95648152337858,8.194765711412769,4.275622046254397,4.146776143790848,6.225479763700353,10.776378707893414,5.853072272498742,5.857575289089996,7.154673705379587,7.480385997988938,7.245353318250376,4.595380467571644,10.537124057315232,8.152497988939166,7.615645173453997,8.103149446958268,7.214040723981898,8.19654361488185,6.9678719205630975,5.568003645047762,5.574966314731019,7.41503205128205,8.668919054801407,8.043371794871796,8.749778406234288,4.876902966314728,8.808110482654598,5.872443690296631,7.191790221216691
GSM712535,10.649038712921069,8.34580656108597,7.3693154851684275,8.60980769230769,6.752604952237306,6.935496480643539,8.991151835093016,7.883842760180996,4.963732905982907,8.401414529914526,9.31276985922574,7.545015962795376,6.157791603821017,5.430512694821518,9.165332076420317,5.452151960784315,7.349039969834087,8.658395173453995,5.104385495223731,5.980045625942685,4.295828808446455,6.811430618401211,5.430403594771242,6.650249245852186,6.417128959276015,5.1620522875817,8.073320010055301,9.373764705882351,7.633949723479136,5.5176437908496725,7.770942810457514,9.81437745098039,6.062596279537453,9.628241452991452,7.757178858722976,8.39995123177476,5.911732151835089,9.478295625942684,5.584281045751632,4.703173705379588,7.855298516842633,6.824028280542985,9.640481523378584,8.47876571141277,4.339622046254397,4.327776143790848,8.074479763700353,9.174378707893416,6.180072272498742,6.243575289089995,6.948673705379587,7.654385997988938,6.862353318250376,5.379380467571644,7.614124057315232,8.346497988939166,7.195645173453996,8.433149446958268,7.310040723981898,8.140543614881851,6.832871920563097,5.477003645047763,5.475966314731019,6.39503205128205,7.224919054801406,7.526371794871796,8.644778406234288,5.592902966314728,8.9991104826546,5.564443690296631,7.044790221216692
